gid,role,role_score,cluster_id,priority_score,evidence,depth,is_seed,in_deg,out_deg,in_kzt,out_kzt,in_tx,out_tx,pass_through,truncated,n_seed_src,betweenness,pagerank_w,lag_days,fast_pass_share,component_id,in_cycle,terminal_likeness,truncated_candidate
100000000011452100,peripheral,0.2,0,0.6896,"получает от 3 (110,000), отправляет 1 (16,685); ниже порогов ролей",1,False,3,1,110000.0,16685.0,7,2,0.1517,False,1,3e-06,0.000483,2.0,0.5205,0,True,0.0,False
100000000018102100,peripheral,0.2,6,0.0722,"обход остановлен на 4-м колене: получил 7,000 от 1; ниже порогов конечного получателя (сумма не меньше, чем у 3% подтверждённых стоков), сток не подтверждён",4,False,1,0,7000.0,0.0,1,0,0.0,True,0,0.0,0.000322,,0.0,0,False,0.4504,False
100000000031787100,peripheral,0.2,5,0.515,"получает от 1 (90,000), отправляет 2 (90,000); ниже порогов ролей",2,False,1,2,90000.0,90000.0,2,4,1.0,False,0,0.0,0.000433,-20.0,0.0,0,True,0.0,False
100000000041368100,peripheral,0.2,2,0.4962,"получает от 1 (160,000), отправляет 0 (0); ниже порогов ролей",1,False,1,0,160000.0,0.0,1,0,0.0,False,1,0.0,0.000319,,0.0,0,False,0.0,False
100000000076451100,peripheral,0.2,1,0.6911,"получает от 3 (87,707), отправляет 4 (58,000); ниже порогов ролей",2,False,3,4,87707.0,58000.0,4,4,0.6613,False,0,9.9e-05,0.001401,-11.0,0.2586,0,True,0.0,False
100000000089154100,distributor,0.5,2,0.3933,"рассылает 15 получателям 425,500 KZT, средний перевод 20,262; получает от 1",1,False,1,15,10000.0,425500.0,1,21,42.55,False,1,0.000111,0.000289,-7.0,0.2738,0,True,0.0,False
100000000190228100,peripheral,0.2,3,0.3476,"получает от 1 (5,000), отправляет 1 (28,560); ниже порогов ролей",2,False,1,1,5000.0,28560.0,1,1,5.712,False,0,2.2e-05,0.000585,-7.0,0.0,0,False,0.0,False
100000000201868100,transit,1.0,1,0.583,"получил 190,000, отправил 190,000 (100%); 100% ушло в течение 2 дней после прихода",2,False,1,1,190000.0,190000.0,1,1,1.0,False,0,0.0,0.000979,1.0,1.0,0,True,0.0,False
100000000254336100,peripheral,0.2,0,0.5768,"получает от 2 (97,177), отправляет 1 (60,000); ниже порогов ролей",3,False,2,1,97177.0,60000.0,2,1,0.6174,False,0,2e-05,0.000293,1.0,1.0,0,False,0.0,False
100000000267734100,peripheral,0.2,5,0.7072,"получает от 2 (180,000), отправляет 7 (282,000); ниже порогов ролей",1,False,2,7,180000.0,282000.0,4,8,1.5667,False,1,4e-06,0.00054,14.0,0.0,0,True,0.0,False
100000000274067100,peripheral,0.2,5,0.7487,"получает от 2 (517,704), отправляет 3 (2,969,000); ниже порогов ролей",1,False,2,3,517704.0,2969000.0,9,9,5.7349,False,1,1e-06,0.000415,-12.0,0.6905,0,True,0.0,False
100000000287768100,peripheral,0.2,0,0.3093,"получает от 1 (35,168), отправляет 0 (0); ниже порогов ролей",3,False,1,0,35168.0,0.0,1,0,0.0,False,0,0.0,0.00029,,0.0,0,False,0.0,False
100000000288317100,peripheral,0.2,6,0.6273,"получает от 2 (100,000), отправляет 3 (53,500); ниже порогов ролей",3,False,2,3,100000.0,53500.0,2,3,0.535,False,0,5.9e-05,0.000314,-5.0,0.3084,0,False,0.0,False
100000000291906100,peripheral,0.2,40,0.7576,"получает от 2 (388,000), отправляет 2 (455,854); ниже порогов ролей",2,False,2,2,388000.0,455854.0,3,6,1.1749,False,0,7.9e-05,0.000766,-2.0,0.3518,0,True,0.0,False
100000000291908100,peripheral,0.2,40,0.629,"получает от 1 (295,500), отправляет 1 (13,300); ниже порогов ролей",3,False,1,1,295500.0,13300.0,5,1,0.045,False,0,2e-05,0.00071,4.0,0.0,0,False,0.0,False
100000000297649100,peripheral,0.2,10,0.4101,"получает от 1 (40,000), отправляет 1 (70,600); ниже порогов ролей",2,False,1,1,40000.0,70600.0,1,2,1.765,False,0,0.0,0.000813,-21.0,0.0,0,True,0.0,False
100000000299820100,peripheral,0.2,6,0.0835,"обход остановлен на 4-м колене: получил 10,000 от 1; ниже порогов конечного получателя (сумма не меньше, чем у 8% подтверждённых стоков), сток не подтверждён",4,False,1,0,10000.0,0.0,1,0,0.0,True,0,0.0,0.000452,,0.0,0,False,0.4754,False
100000000307908100,peripheral,0.2,70,0.2029,"получает от 1 (5,000), отправляет 0 (0); ниже порогов ролей",2,False,1,0,5000.0,0.0,1,0,0.0,False,0,0.0,0.000298,,0.0,5,False,0.0,False
100000000331309100,coordinator,0.8885,4,0.9404,"связывает 12 кластера; посредничество топ-6 из 2248; получает от 5, отправляет 99; пропуск 2336%",2,False,5,99,984635.0,23001375.0,8,126,23.3603,False,0,0.004635,0.000879,-8.0,0.0779,0,True,0.0,False
100000000332284100,peripheral,0.2,4,0.7168,"получает от 10 (107,426), отправляет 3 (289,500); ниже порогов ролей",2,False,10,3,107426.0,289500.0,12,3,2.6949,False,0,0.000111,0.00072,3.0,0.0,0,False,0.0,False
100000000343175100,distributor,1.0,8,0.4253,"рассылает 31 получателям 4,000,039 KZT, средний перевод 121,213; получает от 8; seed",0,True,8,31,178712.0,4000039.0,14,33,22.3826,False,1,0.001113,0.000717,0.0,0.0385,0,False,0.0,False
100000000369781100,peripheral,0.2,4,0.0772,"обход остановлен на 4-м колене: получил 5,000 от 1; ниже порогов конечного получателя (сумма не меньше, чем у 1% подтверждённых стоков), сток не подтверждён",4,False,1,0,5000.0,0.0,1,0,0.0,True,0,0.0,0.000535,,0.0,0,False,0.4397,False
100000000375150100,peripheral,0.2,11,0.1652,"обход остановлен на 4-м колене: получил 300,000 от 1; ниже порогов конечного получателя (сумма не меньше, чем у 89% подтверждённых стоков), сток не подтверждён",4,False,1,0,300000.0,0.0,1,0,0.0,True,0,0.0,0.000749,,0.0,0,False,0.879,False
100000000404740100,peripheral,0.2,22,0.1088,"обход остановлен на 4-м колене: получил 25,000 от 1; ниже порогов конечного получателя (сумма не меньше, чем у 33% подтверждённых стоков), сток не подтверждён",4,False,1,0,25000.0,0.0,1,0,0.0,True,0,0.0,0.00056,,0.0,0,False,0.5964,False
100000000408846100,peripheral,0.2,23,0.3424,"получает от 1 (40,500), отправляет 0 (0); ниже порогов ролей",3,False,1,0,40500.0,0.0,1,0,0.0,False,0,0.0,0.000297,,0.0,0,False,0.0,False
100000000413678100,peripheral,0.2,6,0.6851,"получает от 2 (306,500), отправляет 3 (528,198); ниже порогов ролей",3,False,2,3,306500.0,528198.0,2,18,1.7233,False,0,5.9e-05,0.000302,-13.0,0.1477,0,False,0.0,False
100000000424935100,peripheral,0.2,24,0.0788,"обход остановлен на 4-м колене: получил 15,000 от 1; ниже порогов конечного получателя (сумма не меньше, чем у 15% подтверждённых стоков), сток не подтверждён",4,False,1,0,15000.0,0.0,1,0,0.0,True,0,0.0,0.000303,,0.0,0,False,0.5079,False
100000000425407100,peripheral,0.2,2,0.2925,"получает от 1 (20,000), отправляет 0 (0); ниже порогов ролей",2,False,1,0,20000.0,0.0,1,0,0.0,False,0,0.0,0.000306,,0.0,0,False,0.0,False
100000000437046100,distributor,1.0,0,0.8981,"рассылает 42 получателям 7,606,224 KZT, средний перевод 104,195; получает от 9",2,False,9,42,1107200.0,7606224.0,20,73,6.8698,False,0,0.002235,0.000796,-3.0,0.32,0,True,0.0,False
100000000440392100,peripheral,0.2,1,0.4501,"получает от 1 (105,705), отправляет 0 (0); ниже порогов ролей",1,False,1,0,105705.0,0.0,4,0,0.0,False,1,0.0,0.000298,,0.0,0,False,0.0,False
100000000456947100,peripheral,0.2,87,0.0,seed без переводов ≥5 000 KZT в выборке; входящие вне выборки,0,True,0,0,0.0,0.0,0,0,,False,0,0.0,0.0,,0.0,-1,False,0.0,False
100000000470237100,peripheral,0.2,24,0.1169,"обход остановлен на 4-м колене: получил 32,500 от 1; ниже порогов конечного получателя (сумма не меньше, чем у 41% подтверждённых стоков), сток не подтверждён",4,False,1,0,32500.0,0.0,1,0,0.0,True,0,0.0,0.000587,,0.0,0,False,0.6399,False
100000000481716100,peripheral,0.2,9,0.259,"получает от 1 (8,000), отправляет 0 (0); ниже порогов ролей",3,False,1,0,8000.0,0.0,1,0,0.0,False,0,0.0,0.000379,,0.0,0,False,0.0,False
100000000489417100,transit,0.8527,11,0.6989,"получил 73,504, отправил 80,000 (109%); 100% ушло в течение 2 дней после прихода",2,False,3,1,73504.0,80000.0,3,1,1.0884,False,0,1.4e-05,0.000554,0.0,1.0,0,False,0.0,False
100000000490383100,peripheral,0.2,1,0.6498,"получает от 3 (62,600), отправляет 8 (461,375); ниже порогов ролей",2,False,3,8,62600.0,461375.0,3,9,7.3702,False,0,5.3e-05,0.00055,-4.0,0.0108,0,False,0.0,False
100000000500040100,peripheral,0.2,2,0.088,"обход остановлен на 4-м колене: получил 20,000 от 1; ниже порогов конечного получателя (сумма не меньше, чем у 25% подтверждённых стоков), сток не подтверждён",4,False,1,0,20000.0,0.0,1,0,0.0,True,0,0.0,0.000307,,0.0,0,False,0.5575,False
100000000507799100,peripheral,0.2,33,0.2977,"получает от 1 (5,132), отправляет 1 (8,000); ниже порогов ролей",1,False,1,1,5132.0,8000.0,1,1,1.5588,False,1,0.000117,0.000287,3.0,0.0,0,False,0.0,False
100000000533217100,peripheral,0.2,0,0.4369,"получает от 1 (53,587), отправляет 0 (0); ниже порогов ролей",2,False,1,0,53587.0,0.0,1,0,0.0,False,0,0.0,0.000656,,0.0,0,False,0.0,False
100000000534581100,peripheral,0.2,6,0.5548,"получает от 2 (55,960), отправляет 1 (40,000); ниже порогов ролей",3,False,2,1,55960.0,40000.0,2,1,0.7148,False,0,2e-05,0.0003,5.0,0.0,0,False,0.0,False
100000000542087100,peripheral,0.2,31,0.0565,"обход остановлен на 4-м колене: получил 8,507 от 1; ниже порогов конечного получателя (сумма не меньше, чем у 4% подтверждённых стоков), сток не подтверждён",4,False,1,0,8506.91,0.0,1,0,0.0,True,0,0.0,0.000288,,0.0,0,False,0.456,False
100000000552584100,peripheral,0.2,21,0.6024,"получает от 1 (2,500,000), отправляет 1 (57,500); ниже порогов ролей",3,False,1,1,2500000.0,57500.0,3,1,0.023,False,0,0.0,0.001344,4.0,0.0,0,True,0.0,False
100000000555721100,terminal,0.3,0,0.6148,"получил 113,000 KZT от 2 плательщиков (3 переводов), исходящих нет; колено 1, обходом не обрезан",1,False,2,0,113000.0,0.0,3,0,0.0,False,1,0.0,0.000309,,0.0,0,False,0.0,False
100000000557536100,peripheral,0.2,31,0.1352,"обход остановлен на 4-м колене: получил 153,000 от 1; ниже порогов конечного получателя (сумма не меньше, чем у 78% подтверждённых стоков), сток не подтверждён",4,False,1,0,153000.0,0.0,7,0,0.0,True,0,0.0,0.000302,,0.0,0,False,0.8216,False
100000000560751100,peripheral,0.2,11,0.3618,"получает от 1 (25,000), отправляет 0 (0); ниже порогов ролей",3,False,1,0,25000.0,0.0,1,0,0.0,False,0,0.0,0.000555,,0.0,0,False,0.0,False
100000000561160100,peripheral,0.2,2,0.1554,"обход остановлен на 4-м колене: получил 240,000 от 1; ниже порогов конечного получателя (сумма не меньше, чем у 86% подтверждённых стоков), сток не подтверждён",4,False,1,0,240000.0,0.0,1,0,0.0,True,0,0.0,0.000438,,0.0,0,False,0.8624,False
100000000569479100,peripheral,0.2,0,0.5284,"получает от 1 (320,000), отправляет 0 (0); ниже порогов ролей",3,False,1,0,320000.0,0.0,1,0,0.0,False,0,0.0,0.000397,,0.0,0,False,0.0,False
100000000572276100,peripheral,0.2,58,0.2848,"получает от 1 (13,075), отправляет 1 (34,547); ниже порогов ролей",3,False,1,1,13075.0,34547.0,1,1,2.6422,False,0,1e-06,0.000289,13.0,0.0,1,False,0.0,False
100000000580561100,peripheral,0.2,72,0.2748,"seed: отправляет 3 получателям 1,488,077; входящие занижены выгрузкой, пропуск не интерпретируется",0,True,2,3,27980.0,1488077.0,3,13,53.1836,False,0,1e-06,0.000838,-8.0,0.0034,7,True,0.0,False
100000000581662100,peripheral,0.2,7,0.0893,"обход остановлен на 4-м колене: получил 21,160 от 1; ниже порогов конечного получателя (сумма не меньше, чем у 26% подтверждённых стоков), сток не подтверждён",4,False,1,0,21160.0,0.0,1,0,0.0,True,0,0.0,0.000304,,0.0,0,False,0.5625,False
100000000581682100,peripheral,0.2,24,0.0564,"обход остановлен на 4-м колене: получил 5,000 от 1; ниже порогов конечного получателя (сумма не меньше, чем у 1% подтверждённых стоков), сток не подтверждён",4,False,1,0,5000.0,0.0,1,0,0.0,True,0,0.0,0.000292,,0.0,0,False,0.4397,False
100000000583220100,peripheral,0.2,53,0.2848,"получает от 1 (5,000), отправляет 1 (761,255); ниже порогов ролей",3,False,1,1,5000.0,761255.0,1,4,152.251,False,0,2e-05,0.000299,-21.0,0.0525,0,False,0.0,False
100000000594783100,peripheral,0.2,21,0.6031,"получает от 1 (2,635,000), отправляет 2 (152,500); ниже порогов ролей",3,False,1,2,2635000.0,152500.0,10,2,0.0579,False,0,0.0,0.001401,2.0,0.3934,0,True,0.0,False
100000000596954100,peripheral,0.2,2,0.5708,"получает от 1 (120,000), отправляет 2 (48,100); ниже порогов ролей",2,False,1,2,120000.0,48100.0,1,2,0.4008,False,0,4.9e-05,0.000518,2.0,1.0,0,False,0.0,False
100000000600707100,peripheral,0.2,32,0.1397,"обход остановлен на 4-м колене: получил 89,000 от 1; ниже порогов конечного получателя (сумма не меньше, чем у 67% подтверждённых стоков), сток не подтверждён",4,False,1,0,89000.0,0.0,2,0,0.0,True,0,0.0,0.000573,,0.0,0,False,0.7678,False
100000000607731100,peripheral,0.2,67,0.3955,"получает от 1 (20,000), отправляет 1 (66,666); ниже порогов ролей",1,False,1,1,20000.0,66666.0,1,1,3.3333,False,1,1e-06,0.000319,-16.0,0.0,3,False,0.0,False
100000000607941100,peripheral,0.2,1,0.6173,"получает от 2 (50,000), отправляет 1 (70,000); ниже порогов ролей",2,False,2,1,50000.0,70000.0,3,4,1.4,False,0,5.9e-05,0.000581,-8.0,0.0,0,True,0.0,False
100000000608031100,peripheral,0.2,13,0.113,"обход остановлен на 4-м колене: получил 30,000 от 1; ниже порогов конечного получателя (сумма не меньше, чем у 39% подтверждённых стоков), сток не подтверждён",4,False,1,0,30000.0,0.0,1,0,0.0,True,0,0.0,0.000541,,0.0,0,False,0.6307,False
100000000611474100,peripheral,0.2,20,0.3894,"получает от 1 (32,000), отправляет 0 (0); ниже порогов ролей",3,False,1,0,32000.0,0.0,1,0,0.0,False,0,0.0,0.000598,,0.0,0,False,0.0,False
100000000625169100,peripheral,0.2,57,0.2087,"получает от 1 (10,000), отправляет 0 (0); ниже порогов ролей",2,False,1,0,10000.0,0.0,1,0,0.0,False,0,0.0,0.00029,,0.0,1,False,0.0,False
100000000627521100,peripheral,0.2,34,0.0538,"обход остановлен на 4-м колене: получил 6,500 от 1; ниже порогов конечного получателя (сумма не меньше, чем у 3% подтверждённых стоков), сток не подтверждён",4,False,1,0,6500.0,0.0,1,0,0.0,True,0,0.0,0.000287,,0.0,0,False,0.4476,False
100000000629812100,terminal,0.3,44,0.4379,"получил 22,000 KZT от 2 плательщиков (2 переводов), исходящих нет; колено 2, обходом не обрезан",2,False,2,0,22000.0,0.0,2,0,0.0,False,0,0.0,0.000299,,0.0,0,False,0.0,False
100000000634341100,peripheral,0.2,0,0.1071,"обход остановлен на 4-м колене: получил 24,000 от 1; ниже порогов конечного получателя (сумма не меньше, чем у 30% подтверждённых стоков), сток не подтверждён",4,False,1,0,24000.0,0.0,2,0,0.0,True,0,0.0,0.000557,,0.0,0,False,0.5843,False
100000000640800100,peripheral,0.2,6,0.5072,"получает от 1 (80,000), отправляет 4 (518,135); ниже порогов ролей",3,False,1,4,80000.0,518135.0,1,6,6.4767,False,0,0.000148,0.000305,-1.0,0.0311,0,False,0.0,False
100000000646541100,terminal,0.5,0,0.5207,"получил 25,300 KZT от 3 плательщиков (4 переводов), исходящих нет; колено 2, обходом не обрезан",2,False,3,0,25300.0,0.0,4,0,0.0,False,0,0.0,0.000508,,0.0,0,False,0.0,False
100000000655469100,peripheral,0.2,18,0.0939,"обход остановлен на 4-м колене: получил 20,000 от 1; ниже порогов конечного получателя (сумма не меньше, чем у 25% подтверждённых стоков), сток не подтверждён",4,False,1,0,20000.0,0.0,2,0,0.0,True,0,0.0,0.000347,,0.0,0,False,0.5575,False
100000000656682100,peripheral,0.2,0,0.4579,"получает от 1 (71,000), отправляет 2 (80,000); ниже порогов ролей",3,False,1,2,71000.0,80000.0,1,3,1.1268,False,0,3.9e-05,0.000291,-7.0,0.0,0,False,0.0,False
100000000661131100,peripheral,0.2,55,0.2309,"получает от 1 (15,600), отправляет 0 (0); ниже порогов ролей",3,False,1,0,15600.0,0.0,1,0,0.0,False,0,0.0,0.000289,,0.0,1,False,0.0,False
100000000661912100,peripheral,0.2,0,0.8315,"получает от 5 (393,036), отправляет 2 (430,700); ниже порогов ролей",1,False,5,2,393036.0,430700.0,9,8,1.0958,False,1,0.001357,0.001768,0.0,0.2229,0,True,0.0,False
100000000667713100,peripheral,0.2,1,0.68,"получает от 2 (119,495), отправляет 6 (79,236); ниже порогов ролей",1,False,2,6,119495.0,79236.0,10,7,0.6631,False,1,0.000142,0.000322,0.0,0.1609,0,True,0.0,False
100000000673868100,peripheral,0.2,25,0.69,"получает от 1 (2,030,650), отправляет 5 (383,000); ниже порогов ролей",3,False,1,5,2030650.0,383000.0,5,19,0.1886,False,0,4.2e-05,0.001178,-1.0,0.2611,0,True,0.0,False
100000000673915100,peripheral,0.2,31,0.0766,"обход остановлен на 4-м колене: получил 20,200 от 1; ниже порогов конечного получателя (сумма не меньше, чем у 25% подтверждённых стоков), сток не подтверждён",4,False,1,0,20200.0,0.0,1,0,0.0,True,0,0.0,0.000289,,0.0,0,False,0.5579,False
100000000703894100,peripheral,0.2,66,0.5702,"получает от 1 (120,000), отправляет 1 (35,000); ниже порогов ролей",1,False,1,1,120000.0,35000.0,1,1,0.2917,False,1,1e-06,0.000479,-13.0,0.0,3,False,0.0,False
100000000703902100,peripheral,0.2,56,0.3199,"получает от 1 (25,499), отправляет 0 (0); ниже порогов ролей",1,False,1,0,25499.0,0.0,1,0,0.0,False,1,0.0,0.000292,,0.0,1,False,0.0,False
100000000704700100,peripheral,0.2,62,0.0858,"обход остановлен на 4-м колене: получил 10,000 от 1; ниже порогов конечного получателя (сумма не меньше, чем у 8% подтверждённых стоков), сток не подтверждён",4,False,1,0,10000.0,0.0,1,0,0.0,True,0,0.0,0.000536,,0.0,2,False,0.4754,False
100000000706545100,peripheral,0.2,1,0.8258,"получает от 3 (1,070,300), отправляет 1 (75,800); ниже порогов ролей",1,False,3,1,1070300.0,75800.0,8,3,0.0708,False,1,2e-05,0.003278,17.0,0.0,0,True,0.0,False
100000000718427100,peripheral,0.2,57,0.1827,"получает от 1 (6,000), отправляет 0 (0); ниже порогов ролей",2,False,1,0,6000.0,0.0,1,0,0.0,False,0,0.0,0.000289,,0.0,1,False,0.0,False
100000000723383100,peripheral,0.2,18,0.3562,"получает от 1 (6,800), отправляет 2 (75,000); ниже порогов ролей",2,False,1,2,6800.0,75000.0,1,2,11.0294,False,0,0.000243,0.000391,-5.0,0.0,0,False,0.0,False
100000000724540100,peripheral,0.2,14,0.4601,"получает от 1 (50,000), отправляет 1 (100,000); ниже порогов ролей",2,False,1,1,50000.0,100000.0,1,1,2.0,False,0,2e-05,0.000311,-21.0,0.0,0,False,0.0,False
100000000733373100,peripheral,0.2,1,0.2503,"получает от 1 (10,710), отправляет 0 (0); ниже порогов ролей",2,False,1,0,10710.0,0.0,1,0,0.0,False,0,0.0,0.000307,,0.0,0,False,0.0,False
100000000733451100,peripheral,0.2,11,0.531,"получает от 1 (70,000), отправляет 1 (300,000); ниже порогов ролей",3,False,1,1,70000.0,300000.0,2,1,4.2857,False,0,2.5e-05,0.000544,-12.0,0.0,0,False,0.0,False
100000000733940100,peripheral,0.2,26,0.1686,"обход остановлен на 4-м колене: получил 752,000 от 1; профиль как у конечного получателя (сумма не меньше, чем у 98% подтверждённых стоков) — запросить 5-е колено",4,False,1,0,752000.0,0.0,2,0,0.0,True,0,0.0,0.000413,,0.0,0,False,0.9212,True
100000000737152100,peripheral,0.2,0,0.1095,"обход остановлен на 4-м колене: получил 35,000 от 1; ниже порогов конечного получателя (сумма не меньше, чем у 43% подтверждённых стоков), сток не подтверждён",4,False,1,0,35000.0,0.0,1,0,0.0,True,0,0.0,0.000346,,0.0,0,False,0.6497,False
100000000749118100,peripheral,0.2,0,0.2779,"получает от 1 (10,330), отправляет 1 (16,500); ниже порогов ролей",3,False,1,1,10330.0,16500.0,1,1,1.5973,False,0,2e-05,0.000287,19.0,0.0,0,False,0.0,False
100000000764836100,peripheral,0.2,6,0.5919,"получает от 1 (251,716), отправляет 2 (50,000); ниже порогов ролей",3,False,1,2,251716.0,50000.0,1,2,0.1986,False,0,3.9e-05,0.000338,-9.0,0.5,0,False,0.0,False
100000000765628100,peripheral,0.2,1,0.2241,"получает от 1 (5,000), отправляет 0 (0); ниже порогов ролей",2,False,1,0,5000.0,0.0,1,0,0.0,False,0,0.0,0.000317,,0.0,0,False,0.0,False
100000000769919100,peripheral,0.2,83,0.5409,"получает от 1 (250,000), отправляет 0 (0); ниже порогов ролей",2,False,1,0,250000.0,0.0,1,0,0.0,False,0,0.0,0.000739,,0.0,13,False,0.0,False
100000000782285100,peripheral,0.2,27,0.2375,"получает от 1 (6,151), отправляет 0 (0); ниже порогов ролей",3,False,1,0,6151.0,0.0,1,0,0.0,False,0,0.0,0.000321,,0.0,0,False,0.0,False
100000000783406100,peripheral,0.2,30,0.196,"получает от 1 (6,066), отправляет 0 (0); ниже порогов ролей",3,False,1,0,6066.0,0.0,1,0,0.0,False,0,0.0,0.000291,,0.0,0,False,0.0,False
100000000785800100,transit,1.0,81,0.3663,"получил 19,000, отправил 19,000 (100%); 100% ушло в течение 2 дней после прихода",2,False,1,1,19000.0,19000.0,1,1,1.0,False,0,0.0,0.000359,0.0,1.0,10,True,0.0,False
100000000790311100,peripheral,0.2,1,0.3594,"получает от 1 (46,300), отправляет 0 (0); ниже порогов ролей",2,False,1,0,46300.0,0.0,1,0,0.0,False,0,0.0,0.000302,,0.0,0,False,0.0,False
100000000791285100,peripheral,0.2,23,0.6729,"получает от 1 (1,120,000), отправляет 3 (650,000); ниже порогов ролей",3,False,1,3,1120000.0,650000.0,2,3,0.5804,False,0,4e-05,0.000569,-23.0,0.9538,0,True,0.0,False
100000000795033100,peripheral,0.2,0,0.3279,"получает от 1 (18,200), отправляет 0 (0); ниже порогов ролей",2,False,1,0,18200.0,0.0,1,0,0.0,False,0,0.0,0.000535,,0.0,0,False,0.0,False
100000000795129100,peripheral,0.2,1,0.5293,"получает от 1 (332,000), отправляет 0 (0); ниже порогов ролей",2,False,1,0,332000.0,0.0,1,0,0.0,False,0,0.0,0.000393,,0.0,0,False,0.0,False
100000000795374100,peripheral,0.2,6,0.362,"получает от 1 (50,000), отправляет 0 (0); ниже порогов ролей",3,False,1,0,50000.0,0.0,1,0,0.0,False,0,0.0,0.000297,,0.0,0,False,0.0,False
100000000802149100,peripheral,0.2,0,0.4164,"получает от 1 (104,128), отправляет 0 (0); ниже порогов ролей",3,False,1,0,104128.0,0.0,1,0,0.0,False,0,0.0,0.000296,,0.0,0,False,0.0,False
100000000803368100,peripheral,0.2,12,0.1482,"обход остановлен на 4-м колене: получил 139,503 от 1; ниже порогов конечного получателя (сумма не меньше, чем у 75% подтверждённых стоков), сток не подтверждён",4,False,1,0,139503.0,0.0,1,0,0.0,True,0,0.0,0.000551,,0.0,0,False,0.8105,False
100000000806727100,peripheral,0.2,6,0.3832,"получает от 1 (45,000), отправляет 1 (5,000); ниже порогов ролей",2,False,1,1,45000.0,5000.0,1,1,0.1111,False,0,0.0,0.000347,21.0,0.0,0,False,0.0,False
100000000810551100,peripheral,0.2,2,0.5509,"получает от 1 (100,000), отправляет 1 (7,100); ниже порогов ролей",1,False,1,1,100000.0,7100.0,1,1,0.071,False,1,7.9e-05,0.000307,-2.0,0.0,0,False,0.0,False
100000000817146100,peripheral,0.2,1,0.4804,"получает от 1 (70,020), отправляет 0 (0); ниже порогов ролей",1,False,1,0,70020.0,0.0,1,0,0.0,False,1,0.0,0.000592,,0.0,0,False,0.0,False
100000000821507100,peripheral,0.2,25,0.5265,"получает от 1 (400,000), отправляет 0 (0); ниже порогов ролей",2,False,1,0,400000.0,0.0,1,0,0.0,False,0,0.0,0.000337,,0.0,0,False,0.0,False
100000000831684100,peripheral,0.2,10,0.3286,"получает от 1 (15,000), отправляет 1 (50,000); ниже порогов ролей",2,False,1,1,15000.0,50000.0,2,3,3.3333,False,0,0.0,0.00192,-9.0,0.9,0,True,0.0,False
100000000838385100,peripheral,0.2,24,0.6576,"получает от 1 (436,900), отправляет 2 (177,500); ниже порогов ролей",3,False,1,2,436900.0,177500.0,8,6,0.4063,False,0,2.2e-05,0.001939,1.0,0.2197,0,True,0.0,False
100000000850297100,transit,1.0,8,0.3192,"получил 17,520, отправил 17,520 (100%); 100% ушло в течение 2 дней после прихода",2,False,1,1,17520.0,17520.0,1,1,1.0,False,0,0.0,0.000295,0.0,1.0,0,True,0.0,False
100000000860514100,peripheral,0.2,22,0.3357,"получает от 1 (12,000), отправляет 1 (50,000); ниже порогов ролей",3,False,1,1,12000.0,50000.0,1,1,4.1667,False,0,2e-05,0.000308,11.0,0.0,0,False,0.0,False
100000000861294100,peripheral,0.2,5,0.4611,"получает от 1 (150,000), отправляет 0 (0); ниже порогов ролей",2,False,1,0,150000.0,0.0,1,0,0.0,False,0,0.0,0.000315,,0.0,0,False,0.0,False
100000000870121100,peripheral,0.2,11,0.2626,"получает от 1 (12,000), отправляет 0 (0); ниже порогов ролей",3,False,1,0,12000.0,0.0,1,0,0.0,False,0,0.0,0.000317,,0.0,0,False,0.0,False
100000000878006100,peripheral,0.2,4,0.3238,"получает от 1 (47,003), отправляет 0 (0); ниже порогов ролей",3,False,1,0,47003.0,0.0,1,0,0.0,False,0,0.0,0.000288,,0.0,0,False,0.0,False
100000000896111100,peripheral,0.2,21,0.5222,"получает от 1 (287,100), отправляет 0 (0); ниже порогов ролей",3,False,1,0,287100.0,0.0,1,0,0.0,False,0,0.0,0.000389,,0.0,0,False,0.0,False
100000000907277100,peripheral,0.2,56,0.2753,"получает от 1 (17,534), отправляет 0 (0); ниже порогов ролей",1,False,1,0,17534.0,0.0,1,0,0.0,False,1,0.0,0.000291,,0.0,1,False,0.0,False
100000000910216100,peripheral,0.2,2,0.5194,"получает от 1 (71,000), отправляет 1 (52,010); ниже порогов ролей",2,False,1,1,71000.0,52010.0,3,1,0.7325,False,0,0.000488,0.000325,12.0,0.0,0,False,0.0,False
100000000912487100,peripheral,0.2,2,0.2193,"получает от 1 (10,000), отправляет 0 (0); ниже порогов ролей",2,False,1,0,10000.0,0.0,1,0,0.0,False,0,0.0,0.000293,,0.0,0,False,0.0,False
100000000913911100,peripheral,0.2,2,0.7302,"получает от 2 (467,000), отправляет 1 (600,000); ниже порогов ролей",2,False,2,1,467000.0,600000.0,2,1,1.2848,False,0,2e-05,0.000461,3.0,0.0,0,False,0.0,False
100000000917179100,peripheral,0.2,12,0.4543,"получает от 1 (94,465), отправляет 0 (0); ниже порогов ролей",2,False,1,0,94465.0,0.0,2,0,0.0,False,0,0.0,0.000428,,0.0,0,False,0.0,False
100000000922570100,peripheral,0.2,10,0.4398,"получает от 1 (47,101), отправляет 1 (50,000); ниже порогов ролей",1,False,1,1,47101.0,50000.0,1,1,1.0615,False,1,0.0,0.000295,-11.0,0.0,0,False,0.0,False
100000000926078100,peripheral,0.2,6,0.1578,"обход остановлен на 4-м колене: получил 250,000 от 1; ниже порогов конечного получателя (сумма не меньше, чем у 87% подтверждённых стоков), сток не подтверждён",4,False,1,0,250000.0,0.0,1,0,0.0,True,0,0.0,0.000519,,0.0,0,False,0.8665,False
100000000926766100,peripheral,0.2,22,0.2965,"получает от 1 (18,750), отправляет 1 (6,000); ниже порогов ролей",3,False,1,1,18750.0,6000.0,1,1,0.32,False,0,0.0,0.000319,0.0,1.0,0,True,0.0,False
100000000933075100,peripheral,0.2,10,0.4927,"получает от 1 (40,000), отправляет 2 (55,000); ниже порогов ролей",3,False,1,2,40000.0,55000.0,1,2,1.375,False,0,2.2e-05,0.000812,0.0,0.7273,0,True,0.0,False
100000000941942100,peripheral,0.2,2,0.4778,"получает от 1 (130,000), отправляет 0 (0); ниже порогов ролей",1,False,1,0,130000.0,0.0,1,0,0.0,False,1,0.0,0.000313,,0.0,0,False,0.0,False
100000000942301100,peripheral,0.2,0,0.3844,"получает от 1 (57,580), отправляет 0 (0); ниже порогов ролей",3,False,1,0,57580.0,0.0,2,0,0.0,False,0,0.0,0.000302,,0.0,0,False,0.0,False
100000000943371100,peripheral,0.2,11,0.2708,"получает от 1 (15,500), отправляет 0 (0); ниже порогов ролей",2,False,1,0,15500.0,0.0,1,0,0.0,False,0,0.0,0.000307,,0.0,0,False,0.0,False
100000000945428100,peripheral,0.2,0,0.4425,"получает от 1 (89,629), отправляет 0 (0); ниже порогов ролей",1,False,1,0,89629.0,0.0,1,0,0.0,False,1,0.0,0.000304,,0.0,0,False,0.0,False
100000000954884100,peripheral,0.2,30,0.3477,"получает от 1 (34,000), отправляет 0 (0); ниже порогов ролей",3,False,1,0,34000.0,0.0,1,0,0.0,False,0,0.0,0.000313,,0.0,0,False,0.0,False
100000000955444100,peripheral,0.2,73,0.2496,"получает от 1 (6,910), отправляет 0 (0); ниже порогов ролей",2,False,1,0,6910.0,0.0,1,0,0.0,False,0,0.0,0.000354,,0.0,7,False,0.0,False
100000000955529100,peripheral,0.2,2,0.3805,"получает от 1 (27,000), отправляет 1 (63,500); ниже порогов ролей",3,False,1,1,27000.0,63500.0,1,1,2.3519,False,0,3e-06,0.000297,7.0,0.0,0,False,0.0,False
100000000957746100,peripheral,0.2,13,0.0725,"обход остановлен на 4-м колене: получил 5,300 от 1; ниже порогов конечного получателя (сумма не меньше, чем у 1% подтверждённых стоков), сток не подтверждён",4,False,1,0,5300.0,0.0,1,0,0.0,True,0,0.0,0.000349,,0.0,0,False,0.4411,False
100000000961900100,terminal,0.3,0,0.5051,"получил 36,000 KZT от 2 плательщиков (3 переводов), исходящих нет; колено 1, обходом не обрезан",1,False,2,0,36000.0,0.0,3,0,0.0,False,1,0.0,0.000296,,0.0,0,False,0.0,False
100000000967918100,peripheral,0.2,0,0.3368,"получает от 1 (21,200), отправляет 0 (0); ниже порогов ролей",2,False,1,0,21200.0,0.0,3,0,0.0,False,0,0.0,0.000481,,0.0,0,False,0.0,False
100000000968253100,peripheral,0.2,56,0.2587,"получает от 1 (15,000), отправляет 0 (0); ниже порогов ролей",1,False,1,0,15000.0,0.0,1,0,0.0,False,1,0.0,0.00029,,0.0,1,False,0.0,False
100000000971908100,peripheral,0.2,5,0.414,"получает от 1 (89,000), отправляет 0 (0); ниже порогов ролей",2,False,1,0,89000.0,0.0,1,0,0.0,False,0,0.0,0.000304,,0.0,0,False,0.0,False
100000000976943100,peripheral,0.2,8,0.5106,"получает от 1 (70,000), отправляет 1 (84,000); ниже порогов ролей",3,False,1,1,70000.0,84000.0,1,3,1.2,False,0,2.2e-05,0.000375,0.0,0.131,0,False,0.0,False
100000000978041100,peripheral,0.2,56,0.3736,"получает от 1 (44,445), отправляет 0 (0); ниже порогов ролей",1,False,1,0,44445.0,0.0,1,0,0.0,False,1,0.0,0.000296,,0.0,1,False,0.0,False
100000000979567100,peripheral,0.2,56,0.2845,"получает от 1 (10,000), отправляет 0 (0); ниже порогов ролей",2,False,1,0,10000.0,0.0,1,0,0.0,False,0,0.0,0.000533,,0.0,1,False,0.0,False
100000000979923100,peripheral,0.2,8,0.4473,"получает от 1 (97,900), отправляет 0 (0); ниже порогов ролей",1,False,1,0,97900.0,0.0,1,0,0.0,False,1,0.0,0.000302,,0.0,0,False,0.0,False
100000000981693100,peripheral,0.2,0,0.0947,"обход остановлен на 4-м колене: получил 16,500 от 1; ниже порогов конечного получателя (сумма не меньше, чем у 18% подтверждённых стоков), сток не подтверждён",4,False,1,0,16500.0,0.0,1,0,0.0,True,0,0.0,0.000531,,0.0,0,False,0.5227,False
100000000993112100,peripheral,0.2,28,0.4842,"получает от 1 (141,000), отправляет 0 (0); ниже порогов ролей",2,False,1,0,141000.0,0.0,1,0,0.0,False,0,0.0,0.000443,,0.0,0,False,0.0,False
100000000998559100,peripheral,0.2,2,0.4565,"получает от 1 (100,000), отправляет 0 (0); ниже порогов ролей",1,False,1,0,100000.0,0.0,1,0,0.0,False,1,0.0,0.000307,,0.0,0,False,0.0,False
100000001009583100,peripheral,0.2,4,0.4983,"получает от 1 (393,740), отправляет 0 (0); ниже порогов ролей",3,False,1,0,393740.0,0.0,1,0,0.0,False,0,0.0,0.0003,,0.0,0,False,0.0,False
100000001046057100,peripheral,0.2,3,0.4237,"получает от 1 (83,420), отправляет 0 (0); ниже порогов ролей",3,False,1,0,83420.0,0.0,1,0,0.0,False,0,0.0,0.00032,,0.0,0,False,0.0,False
100000001046626100,peripheral,0.2,4,0.4249,"получает от 1 (150,000), отправляет 0 (0); ниже порогов ролей",3,False,1,0,150000.0,0.0,1,0,0.0,False,0,0.0,0.000292,,0.0,0,False,0.0,False
100000001049200100,peripheral,0.2,16,0.6325,"получает от 2 (76,624), отправляет 4 (36,000); ниже порогов ролей",1,False,2,4,76624.0,36000.0,2,5,0.4698,False,1,0.00118,0.0003,10.0,0.0,0,True,0.0,False
100000001052789100,peripheral,0.2,16,0.3926,"получает от 1 (70,975), отправляет 0 (0); ниже порогов ролей",3,False,1,0,70975.0,0.0,1,0,0.0,False,0,0.0,0.000299,,0.0,0,False,0.0,False
100000001052945100,peripheral,0.2,45,0.4761,"получает от 1 (56,520), отправляет 3 (1,595,700); ниже порогов ролей",3,False,1,3,56520.0,1595700.0,1,6,28.2325,False,0,5.9e-05,0.000303,17.0,0.0,0,False,0.0,False
100000001053894100,peripheral,0.2,34,0.1728,"обход остановлен на 4-м колене: получил 2,000,000 от 1; профиль как у конечного получателя (сумма не меньше, чем у 100% подтверждённых стоков) — запросить 5-е колено",4,False,1,0,2000000.0,0.0,7,0,0.0,True,0,0.0,0.000451,,0.0,0,False,0.9328,True
100000001056414100,peripheral,0.2,7,0.4759,"получает от 1 (250,000), отправляет 0 (0); ниже порогов ролей",3,False,1,0,250000.0,0.0,1,0,0.0,False,0,0.0,0.000299,,0.0,0,False,0.0,False
100000001063678100,peripheral,0.2,20,0.4487,"получает от 1 (35,000), отправляет 2 (90,000); ниже порогов ролей",3,False,1,2,35000.0,90000.0,1,2,2.5714,False,0,4e-05,0.000329,2.0,0.2222,0,False,0.0,False
100000001065234100,peripheral,0.2,46,0.1651,"обход остановлен на 4-м колене: получил 360,000 от 1; ниже порогов конечного получателя (сумма не меньше, чем у 91% подтверждённых стоков), сток не подтверждён",4,False,1,0,360000.0,0.0,1,0,0.0,True,0,0.0,0.000551,,0.0,0,False,0.8883,False
100000001065481100,peripheral,0.2,11,0.0921,"обход остановлен на 4-м колене: получил 16,000 от 1; ниже порогов конечного получателя (сумма не меньше, чем у 17% подтверждённых стоков), сток не подтверждён",4,False,1,0,16000.0,0.0,2,0,0.0,True,0,0.0,0.000434,,0.0,0,False,0.5199,False
100000001066017100,peripheral,0.2,0,0.6369,"получает от 2 (136,123), отправляет 4 (82,500); ниже порогов ролей",3,False,2,4,136123.0,82500.0,3,4,0.6061,False,0,7.8e-05,0.000303,13.0,0.0,0,False,0.0,False
100000001072022100,terminal,1.0,2,0.7705,"получил 1,684,000 KZT от 3 плательщиков (6 переводов), исходящих нет; колено 1, обходом не обрезан",1,False,3,0,1684000.0,0.0,6,0,0.0,False,1,0.0,0.000504,,0.0,0,False,0.0,False
100000001073568100,peripheral,0.2,12,0.641,"получает от 1 (707,465), отправляет 2 (219,503); ниже порогов ролей",3,False,1,2,707465.0,219503.0,4,3,0.3103,False,0,2e-05,0.000488,0.0,1.0,0,False,0.0,False
100000001074553100,consolidator,0.3,3,0.5548,"получает от 2 плательщиков (28,971 KZT, из них 2 seed), отдаёт дальше 0%",1,False,2,0,28971.0,0.0,2,0,0.0,False,2,0.0,0.000291,,0.0,0,False,0.0,False
100000001083990100,peripheral,0.2,10,0.4113,"получает от 1 (49,900), отправляет 0 (0); ниже порогов ролей",2,False,1,0,49900.0,0.0,2,0,0.0,False,0,0.0,0.000504,,0.0,0,False,0.0,False
100000001089055100,peripheral,0.2,13,0.082,"обход остановлен на 4-м колене: получил 13,000 от 1; ниже порогов конечного получателя (сумма не меньше, чем у 12% подтверждённых стоков), сток не подтверждён",4,False,1,0,13000.0,0.0,1,0,0.0,True,0,0.0,0.000331,,0.0,0,False,0.493,False
100000001102676100,transit,1.0,2,0.5236,"получил 50,000, отправил 50,000 (100%); 100% ушло в течение 2 дней после прихода",2,False,1,1,50000.0,50000.0,1,1,1.0,False,0,2.4e-05,0.000314,0.0,1.0,0,False,0.0,False
100000001103905100,peripheral,0.2,56,0.2791,"получает от 1 (18,000), отправляет 0 (0); ниже порогов ролей",1,False,1,0,18000.0,0.0,1,0,0.0,False,1,0.0,0.000291,,0.0,1,False,0.0,False
100000001110358100,terminal,0.3,0,0.4651,"получил 32,000 KZT от 2 плательщиков (2 переводов), исходящих нет; колено 3, обходом не обрезан",3,False,2,0,32000.0,0.0,2,0,0.0,False,0,0.0,0.000294,,0.0,0,False,0.0,False
100000001111763100,peripheral,0.2,56,0.2717,"получает от 1 (17,144), отправляет 0 (0); ниже порогов ролей",1,False,1,0,17144.0,0.0,1,0,0.0,False,1,0.0,0.00029,,0.0,1,False,0.0,False
100000001114385100,peripheral,0.2,2,0.2999,"получает от 1 (29,500), отправляет 0 (0); ниже порогов ролей",2,False,1,0,29500.0,0.0,1,0,0.0,False,0,0.0,0.000292,,0.0,0,False,0.0,False
100000001126374100,consolidator,0.3,0,0.8179,"получает от 4 плательщиков (182,500 KZT, из них 1 seed), отдаёт дальше 16%",1,False,4,2,182500.0,29200.0,7,4,0.16,False,1,4e-05,0.000315,-2.0,0.0,0,False,0.0,False
100000001130176100,peripheral,0.2,0,0.3627,"получает от 1 (25,000), отправляет 0 (0); ниже порогов ролей",3,False,1,0,25000.0,0.0,2,0,0.0,False,0,0.0,0.00056,,0.0,0,False,0.0,False
100000001130553100,peripheral,0.2,4,0.0987,"обход остановлен на 4-м колене: получил 18,000 от 1; ниже порогов конечного получателя (сумма не меньше, чем у 21% подтверждённых стоков), сток не подтверждён",4,False,1,0,18000.0,0.0,2,0,0.0,True,0,0.0,0.000546,,0.0,0,False,0.5398,False
100000001131403100,peripheral,0.2,45,0.1751,"обход остановлен на 4-м колене: получил 1,570,000 от 1; профиль как у конечного получателя (сумма не меньше, чем у 100% подтверждённых стоков) — запросить 5-е колено",4,False,1,0,1570000.0,0.0,3,0,0.0,True,0,0.0,0.00054,,0.0,0,False,0.9319,True
100000001138283100,peripheral,0.2,6,0.4807,"получает от 1 (81,805), отправляет 2 (50,000); ниже порогов ролей",3,False,1,2,81805.0,50000.0,1,2,0.6112,False,0,1.9e-05,0.000304,-13.0,0.8,0,True,0.0,False
100000001138376100,peripheral,0.2,1,0.2413,"получает от 1 (15,300), отправляет 0 (0); ниже порогов ролей",2,False,1,0,15300.0,0.0,1,0,0.0,False,0,0.0,0.000292,,0.0,0,False,0.0,False
100000001140785100,terminal,0.3,3,0.6324,"получил 215,000 KZT от 2 плательщиков (2 переводов), исходящих нет; колено 3, обходом не обрезан",3,False,2,0,215000.0,0.0,2,0,0.0,False,0,0.0,0.000317,,0.0,0,False,0.0,False
100000001141268100,peripheral,0.2,14,0.726,"получает от 2 (480,000), отправляет 1 (10,000); ниже порогов ролей",3,False,2,1,480000.0,10000.0,2,1,0.0208,False,0,2.3e-05,0.000366,1.0,1.0,0,False,0.0,False
100000001145749100,peripheral,0.2,2,0.2801,"получает от 1 (10,000), отправляет 0 (0); ниже порогов ролей",3,False,1,0,10000.0,0.0,1,0,0.0,False,0,0.0,0.000481,,0.0,0,False,0.0,False
100000001149815100,peripheral,0.2,55,0.2109,"получает от 1 (12,000), отправляет 0 (0); ниже порогов ролей",3,False,1,0,12000.0,0.0,1,0,0.0,False,0,0.0,0.000289,,0.0,1,False,0.0,False
100000001155773100,peripheral,0.2,55,0.2657,"получает от 1 (21,500), отправляет 0 (0); ниже порогов ролей",3,False,1,0,21500.0,0.0,1,0,0.0,False,0,0.0,0.00029,,0.0,1,False,0.0,False
100000001160401100,peripheral,0.2,0,0.368,"получает от 1 (47,190), отправляет 0 (0); ниже порогов ролей",3,False,1,0,47190.0,0.0,2,0,0.0,False,0,0.0,0.000306,,0.0,0,False,0.0,False
100000001162560100,distributor,0.3,3,0.6786,"рассылает 12 получателям 2,904,398 KZT, средний перевод 207,457; получает от 1",1,False,1,12,331300.0,2904398.0,2,14,8.7667,False,1,3e-06,0.000323,-21.0,0.0,0,False,0.0,False
100000001164648100,terminal,0.3,15,0.4049,"получил 13,660 KZT от 2 плательщиков (2 переводов), исходящих нет; колено 1, обходом не обрезан",1,False,2,0,13660.0,0.0,2,0,0.0,False,1,0.0,0.000291,,0.0,0,False,0.0,False
100000001166289100,peripheral,0.2,57,0.6924,"получает от 2 (721,039), отправляет 1 (25,000); ниже порогов ролей",2,False,2,1,721039.0,25000.0,10,1,0.0347,False,0,0.0,0.002045,23.0,0.0,1,True,0.0,False
100000001169666100,peripheral,0.2,9,0.5738,"получает от 1 (220,000), отправляет 1 (24,000); ниже порогов ролей",3,False,1,1,220000.0,24000.0,2,1,0.1091,False,0,2.2e-05,0.000321,12.0,0.0,0,False,0.0,False
100000001184915100,peripheral,0.2,1,0.496,"получает от 1 (201,000), отправляет 0 (0); ниже порогов ролей",2,False,1,0,201000.0,0.0,2,0,0.0,False,0,0.0,0.000351,,0.0,0,False,0.0,False
100000001194266100,peripheral,0.2,2,0.3899,"получает от 1 (50,000), отправляет 0 (0); ниже порогов ролей",1,False,1,0,50000.0,0.0,1,0,0.0,False,1,0.0,0.000297,,0.0,0,False,0.0,False
100000001202637100,peripheral,0.2,9,0.0869,"обход остановлен на 4-м колене: получил 10,000 от 1; ниже порогов конечного получателя (сумма не меньше, чем у 8% подтверждённых стоков), сток не подтверждён",4,False,1,0,10000.0,0.0,1,0,0.0,True,0,0.0,0.000551,,0.0,0,False,0.4754,False
100000001202787100,peripheral,0.2,0,0.116,"обход остановлен на 4-м колене: получил 14,850 от 2; профиль как у конечного получателя (сумма не меньше, чем у 14% подтверждённых стоков) — запросить 5-е колено",4,False,2,0,14850.0,0.0,2,0,0.0,True,0,0.0,0.000353,,0.0,0,False,0.5468,True
100000001220124100,peripheral,0.2,6,0.1197,"обход остановлен на 4-м колене: получил 40,000 от 1; ниже порогов конечного получателя (сумма не меньше, чем у 46% подтверждённых стоков), сток не подтверждён",4,False,1,0,40000.0,0.0,1,0,0.0,True,0,0.0,0.000542,,0.0,0,False,0.6659,False
100000001222245100,peripheral,0.2,4,0.1672,"обход остановлен на 4-м колене: получил 420,000 от 1; ниже порогов конечного получателя (сумма не меньше, чем у 92% подтверждённых стоков), сток не подтверждён",4,False,1,0,420000.0,0.0,5,0,0.0,True,0,0.0,0.000552,,0.0,0,False,0.8957,False
100000001222263100,peripheral,0.2,4,0.6094,"получает от 1 (745,570), отправляет 1 (420,000); ниже порогов ролей",3,False,1,1,745570.0,420000.0,1,5,0.5633,False,0,2e-05,0.000311,-12.0,0.7143,0,False,0.0,False
100000001223977100,peripheral,0.2,41,0.3,"получает от 1 (5,000), отправляет 1 (18,000); ниже порогов ролей",3,False,1,1,5000.0,18000.0,1,1,3.6,False,0,2.5e-05,0.000307,19.0,0.0,0,False,0.0,False
100000001227106100,peripheral,0.2,4,0.4323,"получает от 1 (164,765), отправляет 0 (0); ниже порогов ролей",3,False,1,0,164765.0,0.0,1,0,0.0,False,0,0.0,0.000292,,0.0,0,False,0.0,False
100000001229743100,peripheral,0.2,0,0.2658,"получает от 1 (7,000), отправляет 1 (9,000); ниже порогов ролей",3,False,1,1,7000.0,9000.0,1,1,1.2857,False,0,2e-05,0.00029,6.0,0.0,0,False,0.0,False
100000001232297100,peripheral,0.2,11,0.1925,"получает от 1 (5,000), отправляет 2 (45,000); ниже порогов ролей",2,False,1,2,5000.0,45000.0,1,2,9.0,False,0,0.0,0.000293,-11.0,0.0,0,True,0.0,False
100000001236706100,peripheral,0.2,11,0.713,"получает от 3 (142,700), отправляет 2 (36,000); ниже порогов ролей",3,False,3,2,142700.0,36000.0,3,2,0.2523,False,0,4e-05,0.00077,5.0,0.0,0,False,0.0,False
100000001241318100,peripheral,0.2,0,0.4245,"получает от 1 (53,000), отправляет 0 (0); ниже порогов ролей",2,False,1,0,53000.0,0.0,1,0,0.0,False,0,0.0,0.000533,,0.0,0,False,0.0,False
100000001246806100,peripheral,0.2,3,0.146,"обход остановлен на 4-м колене: получил 130,000 от 1; ниже порогов конечного получателя (сумма не меньше, чем у 75% подтверждённых стоков), сток не подтверждён",4,False,1,0,130000.0,0.0,1,0,0.0,True,0,0.0,0.000535,,0.0,0,False,0.8063,False
100000001248999100,peripheral,0.2,13,0.2721,"получает от 1 (23,425), отправляет 0 (0); ниже порогов ролей",3,False,1,0,23425.0,0.0,1,0,0.0,False,0,0.0,0.000291,,0.0,0,False,0.0,False
100000001249054100,peripheral,0.2,9,0.0769,"обход остановлен на 4-м колене: получил 17,375 от 1; ниже порогов конечного получателя (сумма не меньше, чем у 19% подтверждённых стоков), сток не подтверждён",4,False,1,0,17375.0,0.0,1,0,0.0,True,0,0.0,0.000293,,0.0,0,False,0.5301,False
100000001250022100,peripheral,0.2,5,0.3606,"получает от 1 (50,000), отправляет 0 (0); ниже порогов ролей",2,False,1,0,50000.0,0.0,1,0,0.0,False,0,0.0,0.000296,,0.0,0,False,0.0,False
100000001251686100,peripheral,0.2,2,0.2716,"получает от 1 (18,000), отправляет 0 (0); ниже порогов ролей",2,False,1,0,18000.0,0.0,1,0,0.0,False,0,0.0,0.000298,,0.0,0,False,0.0,False
100000001252290100,peripheral,0.2,4,0.4955,"получает от 1 (141,005), отправляет 1 (5,000); ниже порогов ролей",3,False,1,1,141005.0,5000.0,1,1,0.0355,False,0,2e-05,0.000291,-18.0,0.0,0,False,0.0,False
100000001253557100,consolidator,0.475,3,0.7573,"получает от 5 плательщиков (210,200 KZT, из них 1 seed), отдаёт дальше 0%",1,False,5,0,210200.0,0.0,5,0,0.0,False,1,0.0,0.000353,,0.0,0,False,0.0,False
100000001256409100,peripheral,0.2,19,0.0834,"обход остановлен на 4-м колене: получил 8,000 от 1; ниже порогов конечного получателя (сумма не меньше, чем у 4% подтверждённых стоков), сток не подтверждён",4,False,1,0,8000.0,0.0,1,0,0.0,True,0,0.0,0.00055,,0.0,0,False,0.4537,False
100000001262647100,peripheral,0.2,1,0.3058,"получает от 1 (23,650), отправляет 0 (0); ниже порогов ролей",2,False,1,0,23650.0,0.0,1,0,0.0,False,0,0.0,0.000305,,0.0,0,False,0.0,False
100000001270349100,peripheral,0.2,5,0.4956,"получает от 1 (200,000), отправляет 0 (0); ниже порогов ролей",3,False,1,0,200000.0,0.0,1,0,0.0,False,0,0.0,0.000357,,0.0,0,False,0.0,False
100000001270470100,peripheral,0.2,0,0.108,"обход остановлен на 4-м колене: получил 28,300 от 1; ниже порогов конечного получателя (сумма не меньше, чем у 36% подтверждённых стоков), сток не подтверждён",4,False,1,0,28300.0,0.0,2,0,0.0,True,0,0.0,0.000432,,0.0,0,False,0.6158,False
100000001273783100,peripheral,0.2,8,0.2929,"получает от 1 (23,200), отправляет 0 (0); ниже порогов ролей",2,False,1,0,23200.0,0.0,1,0,0.0,False,0,0.0,0.000298,,0.0,0,False,0.0,False
100000001275557100,peripheral,0.2,20,0.0941,"обход остановлен на 4-м колене: получил 20,000 от 1; ниже порогов конечного получателя (сумма не меньше, чем у 25% подтверждённых стоков), сток не подтверждён",4,False,1,0,20000.0,0.0,1,0,0.0,True,0,0.0,0.000349,,0.0,0,False,0.5575,False
100000001275752100,peripheral,0.2,3,0.4359,"получает от 1 (151,500), отправляет 0 (0); ниже порогов ролей",3,False,1,0,151500.0,0.0,1,0,0.0,False,0,0.0,0.000295,,0.0,0,False,0.0,False
100000001276409100,peripheral,0.2,9,0.1306,"обход остановлен на 4-м колене: получил 94,760 от 1; ниже порогов конечного получателя (сумма не меньше, чем у 69% подтверждённых стоков), сток не подтверждён",4,False,1,0,94760.0,0.0,1,0,0.0,True,0,0.0,0.000322,,0.0,0,False,0.7766,False
100000001279272100,peripheral,0.2,0,0.5902,"получает от 1 (250,000), отправляет 2 (136,758); ниже порогов ролей",3,False,1,2,250000.0,136758.0,1,2,0.547,False,0,0.000304,0.000309,2.0,0.9506,0,True,0.0,False
100000001279875100,peripheral,0.2,7,0.3704,"получает от 1 (49,235), отправляет 0 (0); ниже порогов ролей",2,False,1,0,49235.0,0.0,1,0,0.0,False,0,0.0,0.000305,,0.0,0,False,0.0,False
100000001280798100,peripheral,0.2,9,0.2921,"получает от 1 (23,785), отправляет 0 (0); ниже порогов ролей",3,False,1,0,23785.0,0.0,1,0,0.0,False,0,0.0,0.000296,,0.0,0,False,0.0,False
100000001282143100,consolidator,0.475,7,0.8015,"получает от 5 плательщиков (1,700,000 KZT, из них 0 seed), отдаёт дальше 0%",3,False,5,0,1700000.0,0.0,6,0,0.0,False,0,0.0,0.000404,,0.0,0,False,0.0,False
100000001285440100,terminal,0.3,14,0.643,"получил 243,000 KZT от 2 плательщиков (2 переводов), исходящих нет; колено 3, обходом не обрезан",3,False,2,0,243000.0,0.0,2,0,0.0,False,0,0.0,0.000322,,0.0,0,False,0.0,False
100000001286703100,peripheral,0.2,34,0.0764,"обход остановлен на 4-м колене: получил 20,500 от 1; ниже порогов конечного получателя (сумма не меньше, чем у 25% подтверждённых стоков), сток не подтверждён",4,False,1,0,20500.0,0.0,1,0,0.0,True,0,0.0,0.000289,,0.0,0,False,0.5588,False
100000001287955100,peripheral,0.2,7,0.3663,"получает от 1 (17,520), отправляет 4 (310,000); ниже порогов ролей",2,False,1,4,17520.0,310000.0,1,5,17.6941,False,0,0.000692,0.000295,1.0,0.741,0,False,0.0,False
100000001290243100,peripheral,0.2,1,0.2552,"получает от 1 (10,000), отправляет 0 (0); ниже порогов ролей",2,False,1,0,10000.0,0.0,1,0,0.0,False,0,0.0,0.000321,,0.0,0,False,0.0,False
100000001297206100,peripheral,0.2,0,0.0653,"обход остановлен на 4-м колене: получил 6,758 от 1; ниже порогов конечного получателя (сумма не меньше, чем у 3% подтверждённых стоков), сток не подтверждён",4,False,1,0,6758.0,0.0,1,0,0.0,True,0,0.0,0.0003,,0.0,0,False,0.4481,False
100000001298099100,peripheral,0.2,9,0.2656,"получает от 1 (19,000), отправляет 0 (0); ниже порогов ролей",3,False,1,0,19000.0,0.0,1,0,0.0,False,0,0.0,0.000294,,0.0,0,False,0.0,False
100000001299323100,peripheral,0.2,3,0.1285,"обход остановлен на 4-м колене: получил 109,000 от 1; ниже порогов конечного получателя (сумма не меньше, чем у 72% подтверждённых стоков), сток не подтверждён",4,False,1,0,109000.0,0.0,1,0,0.0,True,0,0.0,0.000301,,0.0,0,False,0.7947,False
100000001299443100,peripheral,0.2,15,0.0604,"обход остановлен на 4-м колене: получил 8,000 от 1; ниже порогов конечного получателя (сумма не меньше, чем у 4% подтверждённых стоков), сток не подтверждён",4,False,1,0,8000.0,0.0,1,0,0.0,True,0,0.0,0.000291,,0.0,0,False,0.4537,False
100000001299828100,peripheral,0.2,0,0.1421,"обход остановлен на 4-м колене: получил 100,000 от 1; ниже порогов конечного получателя (сумма не меньше, чем у 71% подтверждённых стоков), сток не подтверждён",4,False,1,0,100000.0,0.0,1,0,0.0,True,0,0.0,0.00055,,0.0,0,False,0.7887,False
100000001303311100,consolidator,0.475,14,0.8077,"получает от 5 плательщиков (1,324,000 KZT, из них 0 seed), отдаёт дальше 0%",3,False,5,0,1324000.0,0.0,5,0,0.0,False,0,0.0,0.000504,,0.0,0,False,0.0,False
100000001307612100,peripheral,0.2,56,0.3608,"получает от 1 (38,483), отправляет 0 (0); ниже порогов ролей",1,False,1,0,38483.0,0.0,1,0,0.0,False,1,0.0,0.000295,,0.0,1,False,0.0,False
100000001308856100,peripheral,0.2,57,0.3087,"получает от 1 (27,000), отправляет 0 (0); ниже порогов ролей",2,False,1,0,27000.0,0.0,1,0,0.0,False,0,0.0,0.000296,,0.0,1,False,0.0,False
100000001311175100,peripheral,0.2,7,0.1613,"обход остановлен на 4-м колене: получил 300,000 от 1; ниже порогов конечного получателя (сумма не меньше, чем у 89% подтверждённых стоков), сток не подтверждён",4,False,1,0,300000.0,0.0,1,0,0.0,True,0,0.0,0.000534,,0.0,0,False,0.879,False
100000001317336100,peripheral,0.2,26,0.5536,"получает от 1 (131,196), отправляет 2 (1,752,000); ниже порогов ролей",3,False,1,2,131196.0,1752000.0,1,3,13.3541,False,0,4.1e-05,0.000345,-4.0,0.0,0,False,0.0,False
100000001325618100,peripheral,0.2,15,0.0625,"обход остановлен на 4-м колене: получил 9,300 от 1; ниже порогов конечного получателя (сумма не меньше, чем у 5% подтверждённых стоков), сток не подтверждён",4,False,1,0,9300.0,0.0,1,0,0.0,True,0,0.0,0.000292,,0.0,0,False,0.4592,False
100000001329153100,peripheral,0.2,0,0.4374,"получает от 1 (150,687), отправляет 0 (0); ниже порогов ролей",3,False,1,0,150687.0,0.0,1,0,0.0,False,0,0.0,0.000295,,0.0,0,False,0.0,False
100000001330595100,peripheral,0.2,65,0.6543,"получает от 3 (87,000), отправляет 1 (154,000); ниже порогов ролей",2,False,3,1,87000.0,154000.0,6,1,1.7701,False,0,1e-06,0.000678,12.0,0.0,2,False,0.0,False
100000001330685100,peripheral,0.2,4,0.7985,"получает от 3 (2,435,923), отправляет 1 (100,500); ниже порогов ролей",1,False,3,1,2435923.0,100500.0,7,1,0.0413,False,1,2e-05,0.00044,-9.0,0.0,0,False,0.0,False
100000001339466100,peripheral,0.2,2,0.3317,"получает от 1 (30,000), отправляет 0 (0); ниже порогов ролей",2,False,1,0,30000.0,0.0,1,0,0.0,False,0,0.0,0.000305,,0.0,0,False,0.0,False
100000001346560100,peripheral,0.2,6,0.4792,"получает от 2 (10,000), отправляет 1 (22,200); ниже порогов ролей",2,False,2,1,10000.0,22200.0,2,1,2.22,False,0,2.6e-05,0.000589,12.0,0.0,0,False,0.0,False
100000001362940100,peripheral,0.2,2,0.4357,"получает от 1 (81,000), отправляет 0 (0); ниже порогов ролей",1,False,1,0,81000.0,0.0,1,0,0.0,False,1,0.0,0.000303,,0.0,0,False,0.0,False
100000001363952100,peripheral,0.2,6,0.6764,"получает от 2 (196,655), отправляет 1 (91,000); ниже порогов ролей",1,False,2,1,196655.0,91000.0,2,2,0.4627,False,1,2e-05,0.000308,-11.0,0.1099,0,False,0.0,False
100000001373265100,peripheral,0.2,6,0.534,"получает от 1 (142,482), отправляет 1 (5,000); ниже порогов ролей",3,False,1,1,142482.0,5000.0,1,1,0.0351,False,0,2e-05,0.000316,-7.0,0.0,0,False,0.0,False
100000001378288100,peripheral,0.2,6,0.1589,"обход остановлен на 4-м колене: получил 268,000 от 1; ниже порогов конечного получателя (сумма не меньше, чем у 87% подтверждённых стоков), сток не подтверждён",4,False,1,0,268000.0,0.0,3,0,0.0,True,0,0.0,0.000526,,0.0,0,False,0.8698,False
100000001379511100,peripheral,0.2,3,0.3886,"получает от 1 (55,000), отправляет 0 (0); ниже порогов ролей",3,False,1,0,55000.0,0.0,1,0,0.0,False,0,0.0,0.000309,,0.0,0,False,0.0,False
100000001380054100,peripheral,0.2,66,0.6953,"получает от 2 (127,050), отправляет 3 (360,000); ниже порогов ролей",1,False,2,3,127050.0,360000.0,2,4,2.8335,False,1,3e-06,0.000719,0.0,0.5556,3,True,0.0,False
100000001380107100,peripheral,0.2,44,0.1975,"получает от 1 (6,000), отправляет 0 (0); ниже порогов ролей",3,False,1,0,6000.0,0.0,1,0,0.0,False,0,0.0,0.000292,,0.0,0,False,0.0,False
100000001380986100,peripheral,0.2,3,0.3801,"получает от 1 (70,170), отправляет 0 (0); ниже порогов ролей",2,False,1,0,70170.0,0.0,1,0,0.0,False,0,0.0,0.000293,,0.0,0,False,0.0,False
100000001382002100,peripheral,0.2,0,0.4395,"получает от 1 (55,000), отправляет 1 (56,500); ниже порогов ролей",2,False,1,1,55000.0,56500.0,2,3,1.0273,False,0,0.0,0.000666,4.0,0.0,0,True,0.0,False
100000001384826100,peripheral,0.2,4,0.569,"получает от 1 (364,260), отправляет 1 (10,000); ниже порогов ролей",3,False,1,1,364260.0,10000.0,1,1,0.0275,False,0,2e-05,0.000299,12.0,0.0,0,False,0.0,False
100000001386612100,peripheral,0.2,17,0.4278,"получает от 1 (62,264), отправляет 0 (0); ниже порогов ролей",2,False,1,0,62264.0,0.0,1,0,0.0,False,0,0.0,0.000436,,0.0,0,False,0.0,False
100000001389255100,peripheral,0.2,56,0.2677,"получает от 1 (16,136), отправляет 0 (0); ниже порогов ролей",1,False,1,0,16136.0,0.0,1,0,0.0,False,1,0.0,0.00029,,0.0,1,False,0.0,False
100000001411870100,terminal,0.8,5,0.7448,"получил 900,000 KZT от 2 плательщиков (4 переводов), исходящих нет; колено 1, обходом не обрезан",1,False,2,0,900000.0,0.0,4,0,0.0,False,1,0.0,0.00048,,0.0,0,False,0.0,False
100000001415126100,peripheral,0.2,17,0.178,"seed: отправляет 0 получателям 0; входящие занижены выгрузкой, пропуск не интерпретируется",0,True,1,0,27000.0,0.0,1,0,0.0,False,0,0.0,0.000411,,0.0,0,False,0.0,False
100000001418900100,peripheral,0.2,57,0.3477,"получает от 1 (40,140), отправляет 0 (0); ниже порогов ролей",2,False,1,0,40140.0,0.0,2,0,0.0,False,0,0.0,0.000301,,0.0,1,False,0.0,False
100000001420847100,peripheral,0.2,16,0.2903,"получает от 1 (20,000), отправляет 0 (0); ниже порогов ролей",2,False,1,0,20000.0,0.0,2,0,0.0,False,0,0.0,0.000304,,0.0,0,False,0.0,False
100000001427082100,peripheral,0.2,18,0.344,"получает от 1 (5,000), отправляет 5 (124,900); ниже порогов ролей",3,False,1,5,5000.0,124900.0,1,6,24.98,False,0,8e-05,0.000441,-8.0,0.0,0,False,0.0,False
100000001429930100,peripheral,0.2,11,0.1705,"seed: отправляет 0 получателям 0; входящие занижены выгрузкой, пропуск не интерпретируется",0,True,1,0,26000.0,0.0,1,0,0.0,False,0,0.0,0.000352,,0.0,0,False,0.0,False
100000001439416100,peripheral,0.2,27,0.3434,"получает от 1 (10,000), отправляет 2 (165,000); ниже порогов ролей",3,False,1,2,10000.0,165000.0,1,3,16.5,False,0,2e-05,0.000343,-8.0,0.0,0,True,0.0,False
100000001445848100,peripheral,0.2,30,0.5762,"получает от 1 (546,000), отправляет 1 (351,850); ниже порогов ролей",3,False,1,1,546000.0,351850.0,13,14,0.6444,False,0,0.0,0.000705,-4.0,0.1705,0,True,0.0,False
100000001463701100,terminal,0.3,8,0.7504,"получил 621,000 KZT от 2 плательщиков (2 переводов), исходящих нет; колено 1, обходом не обрезан",1,False,2,0,621000.0,0.0,2,0,0.0,False,1,0.0,0.000575,,0.0,0,False,0.0,False
100000001471706100,peripheral,0.2,17,0.1651,"обход остановлен на 4-м колене: получил 377,000 от 1; ниже порогов конечного получателя (сумма не меньше, чем у 91% подтверждённых стоков), сток не подтверждён",4,False,1,0,377000.0,0.0,8,0,0.0,True,0,0.0,0.000542,,0.0,0,False,0.8897,False
100000001477796100,peripheral,0.2,2,0.5098,"получает от 1 (182,000), отправляет 0 (0); ниже порогов ролей",1,False,1,0,182000.0,0.0,1,0,0.0,False,1,0.0,0.000332,,0.0,0,False,0.0,False
100000001484381100,terminal,0.3,9,0.5826,"получил 95,585 KZT от 2 плательщиков (4 переводов), исходящих нет; колено 3, обходом не обрезан",3,False,2,0,95585.0,0.0,4,0,0.0,False,0,0.0,0.000323,,0.0,0,False,0.0,False
100000001490461100,peripheral,0.2,9,0.3888,"получает от 1 (20,000), отправляет 1 (5,000); ниже порогов ролей",2,False,1,1,20000.0,5000.0,1,1,0.25,False,0,2.2e-05,0.000322,12.0,0.0,0,False,0.0,False
100000001498732100,peripheral,0.2,42,0.0568,"обход остановлен на 4-м колене: получил 5,500 от 1; ниже порогов конечного получателя (сумма не меньше, чем у 2% подтверждённых стоков), сток не подтверждён",4,False,1,0,5500.0,0.0,1,0,0.0,True,0,0.0,0.000291,,0.0,0,False,0.4416,False
100000001524952100,peripheral,0.2,0,0.4601,"получает от 1 (103,807), отправляет 0 (0); ниже порогов ролей",1,False,1,0,103807.0,0.0,1,0,0.0,False,1,0.0,0.000306,,0.0,0,False,0.0,False
100000001526235100,peripheral,0.2,22,0.6884,"получает от 3 (82,000), отправляет 8 (432,750); ниже порогов ролей",2,False,3,8,82000.0,432750.0,4,9,5.2774,False,0,0.000261,0.000882,1.0,0.0913,0,True,0.0,False
100000001527186100,terminal,0.356,2,0.6331,"получил 678,000 KZT от 1 плательщиков (2 переводов), исходящих нет; колено 1, обходом не обрезан",1,False,1,0,678000.0,0.0,2,0,0.0,False,1,0.0,0.000423,,0.0,0,False,0.0,False
100000001530709100,peripheral,0.2,0,0.3479,"получает от 1 (53,961), отправляет 0 (0); ниже порогов ролей",3,False,1,0,53961.0,0.0,1,0,0.0,False,0,0.0,0.00029,,0.0,0,False,0.0,False
100000001530740100,peripheral,0.2,1,0.3073,"получает от 1 (15,000), отправляет 0 (0); ниже порогов ролей",2,False,1,0,15000.0,0.0,1,0,0.0,False,0,0.0,0.000532,,0.0,0,False,0.0,False
100000001530983100,peripheral,0.2,1,0.8312,"получает от 4 (564,158), отправляет 11 (1,829,538); ниже порогов ролей",1,False,4,11,564158.0,1829538.0,4,17,3.243,False,2,0.000338,0.000358,-7.0,0.1164,0,False,0.0,False
100000001533161100,peripheral,0.2,38,0.1325,"обход остановлен на 4-м колене: получил 100,000 от 1; ниже порогов конечного получателя (сумма не меньше, чем у 71% подтверждённых стоков), сток не подтверждён",4,False,1,0,100000.0,0.0,1,0,0.0,True,0,0.0,0.000326,,0.0,0,False,0.7887,False
100000001534244100,peripheral,0.2,3,0.7083,"получает от 2 (366,000), отправляет 1 (45,000); ниже порогов ролей",3,False,2,1,366000.0,45000.0,2,1,0.123,False,0,2.2e-05,0.000343,-26.0,0.0,0,False,0.0,False
100000001537524100,peripheral,0.2,7,0.1333,"обход остановлен на 4-м колене: получил 150,000 от 1; ниже порогов конечного получателя (сумма не меньше, чем у 77% подтверждённых стоков), сток не подтверждён",4,False,1,0,150000.0,0.0,1,0,0.0,True,0,0.0,0.0003,,0.0,0,False,0.8193,False
100000001538095100,terminal,0.3,7,0.654,"получил 280,000 KZT от 2 плательщиков (2 переводов), исходящих нет; колено 3, обходом не обрезан",3,False,2,0,280000.0,0.0,2,0,0.0,False,0,0.0,0.000332,,0.0,0,False,0.0,False
100000001541418100,terminal,0.3,3,0.5687,"получил 96,900 KZT от 2 плательщиков (2 переводов), исходящих нет; колено 2, обходом не обрезан",2,False,2,0,96900.0,0.0,2,0,0.0,False,0,0.0,0.000305,,0.0,0,False,0.0,False
100000001549194100,peripheral,0.2,12,0.3568,"получает от 1 (46,500), отправляет 0 (0); ниже порогов ролей",3,False,1,0,46500.0,0.0,1,0,0.0,False,0,0.0,0.0003,,0.0,0,False,0.0,False
100000001550388100,peripheral,0.2,0,0.3887,"получает от 1 (50,000), отправляет 0 (0); ниже порогов ролей",1,False,1,0,50000.0,0.0,1,0,0.0,False,1,0.0,0.000296,,0.0,0,False,0.0,False
100000001550419100,peripheral,0.2,12,0.2811,"получает от 1 (23,000), отправляет 0 (0); ниже порогов ролей",3,False,1,0,23000.0,0.0,1,0,0.0,False,0,0.0,0.000293,,0.0,0,False,0.0,False
100000001554432100,peripheral,0.2,2,0.4006,"получает от 1 (53,920), отправляет 0 (0); ниже порогов ролей",1,False,1,0,53920.0,0.0,1,0,0.0,False,1,0.0,0.000298,,0.0,0,False,0.0,False
100000001557930100,peripheral,0.2,5,0.321,"получает от 1 (34,610), отправляет 0 (0); ниже порогов ролей",2,False,1,0,34610.0,0.0,1,0,0.0,False,0,0.0,0.000293,,0.0,0,False,0.0,False
100000001567366100,terminal,0.6481,1,0.6324,"получил 824,070 KZT от 1 плательщиков (4 переводов), исходящих нет; колено 1, обходом не обрезан",1,False,1,0,824070.0,0.0,4,0,0.0,False,1,0.0,0.000376,,0.0,0,False,0.0,False
100000001578517100,peripheral,0.2,1,0.3046,"получает от 1 (30,000), отправляет 0 (0); ниже порогов ролей",2,False,1,0,30000.0,0.0,1,0,0.0,False,0,0.0,0.000292,,0.0,0,False,0.0,False
100000001584286100,terminal,0.4774,7,0.6913,"получил 738,699 KZT от 2 плательщиков (3 переводов), исходящих нет; колено 2, обходом не обрезан",2,False,2,0,738699.0,0.0,3,0,0.0,False,0,0.0,0.00033,,0.0,0,False,0.0,False
100000001590795100,peripheral,0.2,15,0.0542,"обход остановлен на 4-м колене: получил 5,060 от 1; ниже порогов конечного получателя (сумма не меньше, чем у 1% подтверждённых стоков), сток не подтверждён",4,False,1,0,5060.0,0.0,1,0,0.0,True,0,0.0,0.00029,,0.0,0,False,0.4397,False
100000001597424100,peripheral,0.2,12,0.3614,"получает от 1 (48,100), отправляет 0 (0); ниже порогов ролей",3,False,1,0,48100.0,0.0,1,0,0.0,False,0,0.0,0.000301,,0.0,0,False,0.0,False
100000001597505100,peripheral,0.2,28,0.4031,"получает от 1 (26,460), отправляет 1 (12,920); ниже порогов ролей",2,False,1,1,26460.0,12920.0,1,1,0.4883,False,0,1e-05,0.000316,-24.0,0.0,0,False,0.0,False
100000001598625100,peripheral,0.2,6,0.1044,"обход остановлен на 4-м колене: получил 25,000 от 1; ниже порогов конечного получателя (сумма не меньше, чем у 33% подтверждённых стоков), сток не подтверждён",4,False,1,0,25000.0,0.0,1,0,0.0,True,0,0.0,0.000431,,0.0,0,False,0.5964,False
100000001600934100,peripheral,0.2,6,0.5279,"получает от 1 (180,300), отправляет 1 (11,000); ниже порогов ролей",3,False,1,1,180300.0,11000.0,2,1,0.061,False,0,0.0,0.002422,18.0,0.0,0,True,0.0,False
100000001601320100,peripheral,0.2,5,0.5824,"получает от 2 (43,500), отправляет 1 (46,200); ниже порогов ролей",2,False,2,1,43500.0,46200.0,2,1,1.0621,False,0,1e-06,0.000815,8.0,0.0,0,False,0.0,False
100000001609499100,peripheral,0.2,0,0.7479,"получает от 3 (263,113), отправляет 2 (21,000); ниже порогов ролей",1,False,3,2,263113.0,21000.0,3,2,0.0798,False,1,0.000187,0.000322,3.0,0.0,0,True,0.0,False
100000001611488100,terminal,0.5586,4,0.7341,"получил 779,300 KZT от 2 плательщиков (3 переводов), исходящих нет; колено 3, обходом не обрезан",3,False,2,0,779300.0,0.0,3,0,0.0,False,0,0.0,0.000881,,0.0,0,False,0.0,False
100000001616816100,peripheral,0.2,5,0.3756,"seed: отправляет 3 получателям 181,326; входящие занижены выгрузкой, пропуск не интерпретируется",0,True,5,3,176195.0,181326.0,12,10,1.0291,False,0,0.000106,0.002446,1.0,0.193,0,True,0.0,False
100000001632325100,peripheral,0.2,55,0.4061,"получает от 1 (85,600), отправляет 0 (0); ниже порогов ролей",3,False,1,0,85600.0,0.0,3,0,0.0,False,0,0.0,0.0003,,0.0,1,False,0.0,False
100000001633685100,terminal,0.5,0,0.5276,"получил 45,000 KZT от 3 плательщиков (3 переводов), исходящих нет; колено 2, обходом не обрезан",2,False,3,0,45000.0,0.0,3,0,0.0,False,0,0.0,0.000308,,0.0,0,False,0.0,False
100000001637376100,peripheral,0.2,4,0.4811,"получает от 1 (116,700), отправляет 1 (234,250); ниже порогов ролей",3,False,1,1,116700.0,234250.0,1,2,2.0073,False,0,2e-05,0.000291,-7.0,0.4952,0,False,0.0,False
100000001639766100,peripheral,0.2,5,0.3449,"получает от 1 (20,000), отправляет 0 (0); ниже порогов ролей",3,False,1,0,20000.0,0.0,1,0,0.0,False,0,0.0,0.000655,,0.0,0,False,0.0,False
100000001641789100,peripheral,0.2,5,0.348,"получает от 1 (17,826), отправляет 0 (0); ниже порогов ролей",1,False,1,0,17826.0,0.0,1,0,0.0,False,1,0.0,0.000491,,0.0,0,False,0.0,False
100000001641951100,peripheral,0.2,6,0.326,"получает от 1 (25,000), отправляет 0 (0); ниже порогов ролей",2,False,1,0,25000.0,0.0,4,0,0.0,False,0,0.0,0.00032,,0.0,0,False,0.0,False
100000001648936100,peripheral,0.2,5,0.4186,"получает от 1 (92,740), отправляет 0 (0); ниже порогов ролей",2,False,1,0,92740.0,0.0,1,0,0.0,False,0,0.0,0.000305,,0.0,0,False,0.0,False
100000001650895100,peripheral,0.2,9,0.5427,"получает от 1 (153,500), отправляет 1 (10,000); ниже порогов ролей",3,False,1,1,153500.0,10000.0,1,1,0.0651,False,0,2.2e-05,0.000311,-9.0,0.0,0,False,0.0,False
100000001660397100,transit,0.7414,6,0.6443,"получил 48,600, отправил 49,000 (101%); 51% ушло в течение 2 дней после прихода",1,False,2,3,48600.0,49000.0,2,4,1.0082,False,1,0.000512,0.000296,0.0,0.5102,0,True,0.0,False
100000001669260100,peripheral,0.2,19,0.1702,"обход остановлен на 4-м колене: получил 500,000 от 1; профиль как у конечного получателя (сумма не меньше, чем у 95% подтверждённых стоков) — запросить 5-е колено",4,False,1,0,500000.0,0.0,1,0,0.0,True,0,0.0,0.000563,,0.0,0,False,0.9087,True
100000001674850100,terminal,0.3,3,0.6369,"получил 237,000 KZT от 2 плательщиков (2 переводов), исходящих нет; колено 3, обходом не обрезан",3,False,2,0,237000.0,0.0,2,0,0.0,False,0,0.0,0.000315,,0.0,0,False,0.0,False
100000001677389100,peripheral,0.2,13,0.2891,"получает от 1 (11,000), отправляет 1 (5,400); ниже порогов ролей",3,False,1,1,11000.0,5400.0,1,1,0.4909,False,0,2e-05,0.00029,-16.0,0.0,0,False,0.0,False
100000001677929100,peripheral,0.2,5,0.6917,"получает от 3 (126,777), отправляет 2 (286,098); ниже порогов ролей",2,False,3,2,126777.0,286098.0,3,4,2.2567,False,0,1e-06,0.003343,-8.0,0.0,0,True,0.0,False
100000001680944100,peripheral,0.2,14,0.5279,"получает от 1 (393,000), отправляет 0 (0); ниже порогов ролей",3,False,1,0,393000.0,0.0,1,0,0.0,False,0,0.0,0.000347,,0.0,0,False,0.0,False
100000001684867100,peripheral,0.2,1,0.3292,"получает от 1 (30,550), отправляет 0 (0); ниже порогов ролей",1,False,1,0,30550.0,0.0,1,0,0.0,False,1,0.0,0.00029,,0.0,0,False,0.0,False
100000001686328100,peripheral,0.2,3,0.4575,"получает от 1 (140,000), отправляет 0 (0); ниже порогов ролей",3,False,1,0,140000.0,0.0,1,0,0.0,False,0,0.0,0.000316,,0.0,0,False,0.0,False
100000001688676100,peripheral,0.2,16,0.4483,"получает от 1 (133,700), отправляет 0 (0); ниже порогов ролей",3,False,1,0,133700.0,0.0,1,0,0.0,False,0,0.0,0.00031,,0.0,0,False,0.0,False
100000001689968100,terminal,0.5,4,0.6847,"получил 344,334 KZT от 3 плательщиков (3 переводов), исходящих нет; колено 3, обходом не обрезан",3,False,3,0,344333.75,0.0,3,0,0.0,False,0,0.0,0.000341,,0.0,0,False,0.0,False
100000001690439100,peripheral,0.2,0,0.2993,"получает от 1 (14,200), отправляет 0 (0); ниже порогов ролей",3,False,1,0,14200.0,0.0,1,0,0.0,False,0,0.0,0.000479,,0.0,0,False,0.0,False
100000001690558100,terminal,0.48,16,0.6071,"получил 740,000 KZT от 1 плательщиков (1 переводов), исходящих нет; колено 3, обходом не обрезан",3,False,1,0,740000.0,0.0,1,0,0.0,False,0,0.0,0.000414,,0.0,0,False,0.0,False
100000001696818100,peripheral,0.2,2,0.4037,"получает от 1 (53,550), отправляет 0 (0); ниже порогов ролей",1,False,1,0,53550.0,0.0,1,0,0.0,False,1,0.0,0.0003,,0.0,0,False,0.0,False
100000001697501100,distributor,1.0,57,0.8065,"рассылает 38 получателям 1,482,606 KZT, средний перевод 26,956; получает от 3",1,False,3,38,123700.0,1482606.0,3,55,11.9855,False,1,0.000209,0.000594,-3.0,0.0567,1,True,0.0,False
100000001703168100,peripheral,0.2,2,0.4167,"получает от 1 (45,000), отправляет 1 (90,000); ниже порогов ролей",2,False,1,1,45000.0,90000.0,1,1,2.0,False,0,2e-05,0.000294,2.0,1.0,0,False,0.0,False
100000001714173100,terminal,0.3,14,0.6212,"получил 638,905 KZT от 1 плательщиков (6 переводов), исходящих нет; колено 3, обходом не обрезан",3,False,1,0,638905.0,0.0,6,0,0.0,False,0,0.0,0.000573,,0.0,0,False,0.0,False
100000001714413100,peripheral,0.2,4,0.4688,"получает от 1 (250,172), отправляет 0 (0); ниже порогов ролей",3,False,1,0,250172.0,0.0,1,0,0.0,False,0,0.0,0.000295,,0.0,0,False,0.0,False
100000001714883100,peripheral,0.2,15,0.0582,"обход остановлен на 4-м колене: получил 6,900 от 1; ниже порогов конечного получателя (сумма не меньше, чем у 3% подтверждённых стоков), сток не подтверждён",4,False,1,0,6900.0,0.0,1,0,0.0,True,0,0.0,0.000291,,0.0,0,False,0.4481,False
100000001716579100,peripheral,0.2,56,0.2512,"получает от 1 (13,916), отправляет 0 (0); ниже порогов ролей",1,False,1,0,13916.0,0.0,1,0,0.0,False,1,0.0,0.00029,,0.0,1,False,0.0,False
100000001724740100,peripheral,0.2,3,0.1531,"обход остановлен на 4-м колене: получил 185,000 от 1; ниже порогов конечного получателя (сумма не меньше, чем у 80% подтверждённых стоков), сток не подтверждён",4,False,1,0,185000.0,0.0,4,0,0.0,True,0,0.0,0.000539,,0.0,0,False,0.835,False
100000001726614100,peripheral,0.2,0,0.4377,"получает от 1 (138,717), отправляет 0 (0); ниже порогов ролей",3,False,1,0,138717.0,0.0,1,0,0.0,False,0,0.0,0.000299,,0.0,0,False,0.0,False
100000001732159100,peripheral,0.2,35,0.4199,"seed: отправляет 4 получателям 1,505,966; входящие занижены выгрузкой, пропуск не интерпретируется",0,True,2,4,2378100.0,1505966.0,30,23,0.6333,False,2,2.1e-05,0.001099,0.0,0.0199,0,True,0.0,False
100000001733216100,peripheral,0.2,49,0.1269,"обход остановлен на 4-м колене: получил 60,000 от 1; ниже порогов конечного получателя (сумма не меньше, чем у 60% подтверждённых стоков), сток не подтверждён",4,False,1,0,60000.0,0.0,2,0,0.0,True,0,0.0,0.000409,,0.0,0,False,0.7317,False
100000001733687100,peripheral,0.2,3,0.4973,"получает от 1 (300,000), отправляет 0 (0); ниже порогов ролей",3,False,1,0,300000.0,0.0,1,0,0.0,False,0,0.0,0.000308,,0.0,0,False,0.0,False
100000001737722100,peripheral,0.2,2,0.4039,"получает от 1 (60,460), отправляет 0 (0); ниже порогов ролей",2,False,1,0,60460.0,0.0,1,0,0.0,False,0,0.0,0.00032,,0.0,0,False,0.0,False
100000001740277100,peripheral,0.2,5,0.2604,"получает от 1 (8,700), отправляет 1 (5,000); ниже порогов ролей",3,False,1,1,8700.0,5000.0,1,1,0.5747,False,0,0.0,0.000374,2.0,1.0,0,True,0.0,False
100000001745217100,peripheral,0.2,0,0.3457,"получает от 1 (50,000), отправляет 0 (0); ниже порогов ролей",3,False,1,0,50000.0,0.0,1,0,0.0,False,0,0.0,0.000291,,0.0,0,False,0.0,False
100000001746925100,peripheral,0.2,2,0.5136,"получает от 1 (65,250), отправляет 1 (5,000); ниже порогов ролей",1,False,1,1,65250.0,5000.0,1,1,0.0766,False,1,0.000121,0.0003,-14.0,0.0,0,False,0.0,False
100000001782980100,peripheral,0.2,68,0.4661,"получает от 1 (50,000), отправляет 1 (596,200); ниже порогов ролей",2,False,1,1,50000.0,596200.0,1,3,11.924,False,0,1e-06,0.000372,10.0,0.0,3,False,0.0,False
100000001784279100,peripheral,0.2,0,0.3105,"получает от 1 (35,674), отправляет 0 (0); ниже порогов ролей",3,False,1,0,35674.0,0.0,1,0,0.0,False,0,0.0,0.00029,,0.0,0,False,0.0,False
100000001785161100,terminal,0.3,25,0.4948,"получил 30,000 KZT от 2 плательщиков (2 переводов), исходящих нет; колено 3, обходом не обрезан",3,False,2,0,30000.0,0.0,2,0,0.0,False,0,0.0,0.000333,,0.0,0,False,0.0,False
100000001788284100,peripheral,0.2,22,0.3168,"получает от 1 (8,000), отправляет 5 (296,700); ниже порогов ролей",3,False,1,5,8000.0,296700.0,1,8,37.0875,False,0,6e-05,0.000301,-15.0,0.6502,0,True,0.0,False
100000001805543100,peripheral,0.2,1,0.3951,"получает от 1 (59,000), отправляет 0 (0); ниже порогов ролей",1,False,1,0,59000.0,0.0,1,0,0.0,False,1,0.0,0.000293,,0.0,0,False,0.0,False
100000001808684100,peripheral,0.2,5,0.4291,"получает от 1 (48,400), отправляет 1 (37,700); ниже порогов ролей",3,False,1,1,48400.0,37700.0,3,2,0.7789,False,0,0.0,0.001177,-22.0,0.0,0,True,0.0,False
100000001816678100,peripheral,0.2,2,0.1187,"обход остановлен на 4-м колене: получил 60,000 от 1; ниже порогов конечного получателя (сумма не меньше, чем у 60% подтверждённых стоков), сток не подтверждён",4,False,1,0,60000.0,0.0,1,0,0.0,True,0,0.0,0.000311,,0.0,0,False,0.7317,False
100000001818442100,peripheral,0.2,9,0.3542,"получает от 1 (42,215), отправляет 0 (0); ниже порогов ролей",3,False,1,0,42215.0,0.0,1,0,0.0,False,0,0.0,0.000303,,0.0,0,False,0.0,False
100000001819396100,peripheral,0.2,23,0.475,"получает от 1 (166,080), отправляет 0 (0); ниже порогов ролей",3,False,1,0,166080.0,0.0,1,0,0.0,False,0,0.0,0.000329,,0.0,0,False,0.0,False
100000001822623100,peripheral,0.2,20,0.4882,"получает от 1 (201,300), отправляет 0 (0); ниже порогов ролей",2,False,1,0,201300.0,0.0,1,0,0.0,False,0,0.0,0.000325,,0.0,0,False,0.0,False
100000001822650100,peripheral,0.2,3,0.1312,"обход остановлен на 4-м колене: получил 112,000 от 1; ниже порогов конечного получателя (сумма не меньше, чем у 72% подтверждённых стоков), сток не подтверждён",4,False,1,0,112000.0,0.0,1,0,0.0,True,0,0.0,0.000307,,0.0,0,False,0.7961,False
100000001825934100,peripheral,0.2,32,0.4566,"получает от 1 (40,000), отправляет 1 (97,000); ниже порогов ролей",3,False,1,1,40000.0,97000.0,1,1,2.425,False,0,1e-06,0.000478,-5.0,0.0,0,False,0.0,False
100000001831496100,peripheral,0.2,8,0.3623,"получает от 1 (25,000), отправляет 1 (373,000); ниже порогов ролей",3,False,1,1,25000.0,373000.0,1,1,14.92,False,0,2e-06,0.000294,18.0,0.0,0,False,0.0,False
100000001835625100,peripheral,0.2,4,0.3659,"получает от 1 (75,130), отправляет 0 (0); ниже порогов ролей",3,False,1,0,75130.0,0.0,1,0,0.0,False,0,0.0,0.000289,,0.0,0,False,0.0,False
100000001837130100,peripheral,0.2,0,0.458,"получает от 1 (172,900), отправляет 0 (0); ниже порогов ролей",3,False,1,0,172900.0,0.0,1,0,0.0,False,0,0.0,0.000302,,0.0,0,False,0.0,False
100000001845505100,peripheral,0.2,6,0.1028,"обход остановлен на 4-м колене: получил 20,000 от 1; ниже порогов конечного получателя (сумма не меньше, чем у 25% подтверждённых стоков), сток не подтверждён",4,False,1,0,20000.0,0.0,1,0,0.0,True,0,0.0,0.000595,,0.0,0,False,0.5575,False
100000001848426100,peripheral,0.2,5,0.4223,"получает от 1 (95,530), отправляет 0 (0); ниже порогов ролей",2,False,1,0,95530.0,0.0,1,0,0.0,False,0,0.0,0.000305,,0.0,0,False,0.0,False
100000001851289100,peripheral,0.2,1,0.4525,"получает от 1 (109,510), отправляет 0 (0); ниже порогов ролей",1,False,1,0,109510.0,0.0,3,0,0.0,False,1,0.0,0.000299,,0.0,0,False,0.0,False
100000001852140100,peripheral,0.2,82,0.3881,"получает от 1 (30,000), отправляет 0 (0); ниже порогов ролей",3,False,1,0,30000.0,0.0,1,0,0.0,False,0,0.0,0.000808,,0.0,11,False,0.0,False
100000001853812100,peripheral,0.2,6,0.3945,"получает от 1 (70,000), отправляет 0 (0); ниже порогов ролей",3,False,1,0,70000.0,0.0,1,0,0.0,False,0,0.0,0.000301,,0.0,0,False,0.0,False
100000001857829100,peripheral,0.2,6,0.821,"получает от 6 (888,535), отправляет 16 (2,390,993); ниже порогов ролей",2,False,6,16,888535.0,2390993.0,9,16,2.6909,False,0,0.001993,0.000623,0.0,0.1933,0,True,0.0,False
100000001860090100,peripheral,0.2,5,0.2422,"получает от 1 (5,000), отправляет 0 (0); ниже порогов ролей",3,False,1,0,5000.0,0.0,1,0,0.0,False,0,0.0,0.00038,,0.0,0,False,0.0,False
100000001870116100,peripheral,0.2,56,0.3102,"получает от 1 (24,000), отправляет 0 (0); ниже порогов ролей",1,False,1,0,24000.0,0.0,1,0,0.0,False,1,0.0,0.000292,,0.0,1,False,0.0,False
100000001872484100,peripheral,0.2,81,0.6885,"получает от 1 (871,400), отправляет 3 (514,580); ниже порогов ролей",1,False,1,3,871400.0,514580.0,13,9,0.5905,False,1,1e-06,0.002311,13.0,0.0,10,True,0.0,False
100000001875167100,terminal,1.0,4,0.5904,"получил 1,000,000 KZT от 1 плательщиков (2 переводов), исходящих нет; колено 3, обходом не обрезан",3,False,1,0,1000000.0,0.0,2,0,0.0,False,0,0.0,0.000319,,0.0,0,False,0.0,False
100000001875239100,terminal,0.5,3,0.71,"получил 712,000 KZT от 3 плательщиков (3 переводов), исходящих нет; колено 3, обходом не обрезан",3,False,3,0,712000.0,0.0,3,0,0.0,False,0,0.0,0.000335,,0.0,0,False,0.0,False
100000001884825100,terminal,0.5,3,0.7014,"получил 495,000 KZT от 3 плательщиков (3 переводов), исходящих нет; колено 3, обходом не обрезан",3,False,3,0,495000.0,0.0,3,0,0.0,False,0,0.0,0.000342,,0.0,0,False,0.0,False
100000001887715100,peripheral,0.2,14,0.7958,"получает от 3 (1,331,500), отправляет 1 (750,000); ниже порогов ролей",3,False,3,1,1331500.0,750000.0,4,1,0.5633,False,0,2.3e-05,0.000734,0.0,1.0,0,False,0.0,False
100000001893287100,peripheral,0.2,5,0.335,"получает от 1 (18,000), отправляет 1 (152,700); ниже порогов ролей",3,False,1,1,18000.0,152700.0,3,14,8.4833,False,0,0.0,0.000621,-9.0,0.2292,0,True,0.0,False
100000001899164100,consolidator,0.3,10,0.9076,"получает от 4 плательщиков (291,675 KZT, из них 1 seed), отдаёт дальше 26%",1,False,4,3,291675.0,76500.0,5,3,0.2623,False,1,0.000129,0.001181,8.0,0.0,0,True,0.0,False
100000001904863100,terminal,0.3,12,0.6015,"получил 500,000 KZT от 1 плательщиков (1 переводов), исходящих нет; колено 2, обходом не обрезан",2,False,1,0,500000.0,0.0,1,0,0.0,False,0,0.0,0.000484,,0.0,0,False,0.0,False
100000001924185100,consolidator,0.3,8,0.7184,"получает от 2 плательщиков (151,000 KZT, из них 2 seed), отдаёт дальше 0%",1,False,2,0,151000.0,0.0,2,0,0.0,False,2,0.0,0.000312,,0.0,0,False,0.0,False
100000001927599100,terminal,0.3,9,0.6286,"получил 188,000 KZT от 2 плательщиков (2 переводов), исходящих нет; колено 3, обходом не обрезан",3,False,2,0,188000.0,0.0,2,0,0.0,False,0,0.0,0.000329,,0.0,0,False,0.0,False
100000001929088100,consolidator,0.3,5,0.7779,"получает от 2 плательщиков (396,010 KZT, из них 2 seed), отдаёт дальше 0%",1,False,2,0,396010.0,0.0,2,0,0.0,False,2,0.0,0.000319,,0.0,0,False,0.0,False
100000001934935100,peripheral,0.2,0,0.4177,"получает от 1 (118,935), отправляет 0 (0); ниже порогов ролей",3,False,1,0,118935.0,0.0,1,0,0.0,False,0,0.0,0.000294,,0.0,0,False,0.0,False
100000001937767100,peripheral,0.2,12,0.5597,"получает от 1 (53,000), отправляет 4 (1,933,000); ниже порогов ролей",1,False,1,4,53000.0,1933000.0,1,6,36.4717,False,1,5.8e-05,0.000895,0.0,0.0274,0,True,0.0,False
100000001952325100,peripheral,0.2,56,0.4339,"получает от 1 (77,888), отправляет 0 (0); ниже порогов ролей",1,False,1,0,77888.0,0.0,2,0,0.0,False,1,0.0,0.000303,,0.0,1,False,0.0,False
100000001953577100,peripheral,0.2,56,0.2643,"получает от 1 (15,600), отправляет 0 (0); ниже порогов ролей",1,False,1,0,15600.0,0.0,1,0,0.0,False,1,0.0,0.00029,,0.0,1,False,0.0,False
100000001954534100,peripheral,0.2,0,0.3626,"получает от 1 (13,000), отправляет 1 (40,000); ниже порогов ролей",3,False,1,1,13000.0,40000.0,1,1,3.0769,False,0,2e-05,0.000368,21.0,0.0,0,False,0.0,False
100000001954903100,peripheral,0.2,8,0.3161,"получает от 1 (27,118), отправляет 0 (0); ниже порогов ролей",2,False,1,0,27118.0,0.0,1,0,0.0,False,0,0.0,0.0003,,0.0,0,False,0.0,False
100000001957974100,peripheral,0.2,12,0.1594,"обход остановлен на 4-м колене: получил 500,000 от 1; профиль как у конечного получателя (сумма не меньше, чем у 95% подтверждённых стоков) — запросить 5-е колено",4,False,1,0,500000.0,0.0,1,0,0.0,True,0,0.0,0.000322,,0.0,0,False,0.9087,True
100000001960517100,peripheral,0.2,5,0.525,"получает от 1 (200,000), отправляет 0 (0); ниже порогов ролей",1,False,1,0,200000.0,0.0,1,0,0.0,False,1,0.0,0.000361,,0.0,0,False,0.0,False
100000001961048100,peripheral,0.2,25,0.4527,"получает от 1 (150,000), отправляет 0 (0); ниже порогов ролей",2,False,1,0,150000.0,0.0,1,0,0.0,False,0,0.0,0.000306,,0.0,0,False,0.0,False
100000001965374100,peripheral,0.2,21,0.7691,"получает от 2 (1,759,720), отправляет 3 (3,082,100); ниже порогов ролей",2,False,2,3,1759720.0,3082100.0,8,5,1.7515,False,0,2e-06,0.001287,-1.0,0.0,0,True,0.0,False
100000001969496100,peripheral,0.2,12,0.2801,"получает от 1 (22,740), отправляет 0 (0); ниже порогов ролей",3,False,1,0,22740.0,0.0,1,0,0.0,False,0,0.0,0.000293,,0.0,0,False,0.0,False
100000001985793100,peripheral,0.2,5,0.5369,"получает от 1 (420,000), отправляет 0 (0); ниже порогов ролей",2,False,1,0,420000.0,0.0,1,0,0.0,False,0,0.0,0.000374,,0.0,0,False,0.0,False
100000001987030100,peripheral,0.2,1,0.5391,"получает от 2 (30,864), отправляет 1 (19,000); ниже порогов ролей",1,False,2,1,30864.0,19000.0,2,1,0.6156,False,1,5.8e-05,0.000295,13.0,0.0,0,False,0.0,False
100000001991973100,peripheral,0.2,15,0.0859,"обход остановлен на 4-м колене: получил 20,800 от 1; ниже порогов конечного получателя (сумма не меньше, чем у 25% подтверждённых стоков), сток не подтверждён",4,False,1,0,20800.0,0.0,1,0,0.0,True,0,0.0,0.000298,,0.0,0,False,0.5593,False
100000002015633100,peripheral,0.2,4,0.386,"получает от 1 (94,970), отправляет 0 (0); ниже порогов ролей",3,False,1,0,94970.0,0.0,1,0,0.0,False,0,0.0,0.00029,,0.0,0,False,0.0,False
100000002028158100,peripheral,0.2,1,0.3321,"получает от 1 (34,800), отправляет 0 (0); ниже порогов ролей",2,False,1,0,34800.0,0.0,1,0,0.0,False,0,0.0,0.000298,,0.0,0,False,0.0,False
100000002032323100,peripheral,0.2,3,0.6063,"получает от 1 (300,000), отправляет 1 (1,050,000); ниже порогов ролей",3,False,1,1,300000.0,1050000.0,1,2,3.5,False,0,2e-05,0.000406,-1.0,0.2857,0,False,0.0,False
100000002087788100,peripheral,0.2,4,0.4833,"получает от 1 (100,500), отправляет 0 (0); ниже порогов ролей",2,False,1,0,100500.0,0.0,1,0,0.0,False,0,0.0,0.000661,,0.0,0,False,0.0,False
100000002095257100,peripheral,0.2,10,0.2637,"получает от 1 (8,500), отправляет 0 (0); ниже порогов ролей",3,False,1,0,8500.0,0.0,1,0,0.0,False,0,0.0,0.000398,,0.0,0,False,0.0,False
100000002103448100,peripheral,0.2,55,0.2938,"получает от 1 (27,000), отправляет 0 (0); ниже порогов ролей",3,False,1,0,27000.0,0.0,1,0,0.0,False,0,0.0,0.000291,,0.0,1,False,0.0,False
100000002109656100,terminal,0.3,7,0.5681,"получил 500,000 KZT от 1 плательщиков (1 переводов), исходящих нет; колено 3, обходом не обрезан",3,False,1,0,500000.0,0.0,1,0,0.0,False,0,0.0,0.000311,,0.0,0,False,0.0,False
100000002116705100,peripheral,0.2,55,0.2428,"получает от 1 (17,600), отправляет 0 (0); ниже порогов ролей",3,False,1,0,17600.0,0.0,1,0,0.0,False,0,0.0,0.00029,,0.0,1,False,0.0,False
100000002119762100,peripheral,0.2,4,0.1348,"обход остановлен на 4-м колене: получил 77,000 от 1; ниже порогов конечного получателя (сумма не меньше, чем у 64% подтверждённых стоков), сток не подтверждён",4,False,1,0,77000.0,0.0,6,0,0.0,True,0,0.0,0.000532,,0.0,0,False,0.7539,False
100000002121357100,peripheral,0.2,3,0.6861,"получает от 2 (255,300), отправляет 1 (113,000); ниже порогов ролей",3,False,2,1,255300.0,113000.0,2,1,0.4426,False,0,2.2e-05,0.000328,-2.0,0.0,0,False,0.0,False
100000002126791100,peripheral,0.2,3,0.1761,"обход остановлен на 4-м колене: получил 1,313,000 от 1; профиль как у конечного получателя (сумма не меньше, чем у 99% подтверждённых стоков) — запросить 5-е колено",4,False,1,0,1313000.0,0.0,3,0,0.0,True,0,0.0,0.000574,,0.0,0,False,0.9305,True
100000002130400100,peripheral,0.2,32,0.076,"обход остановлен на 4-м колене: получил 10,000 от 1; ниже порогов конечного получателя (сумма не меньше, чем у 8% подтверждённых стоков), сток не подтверждён",4,False,1,0,10000.0,0.0,1,0,0.0,True,0,0.0,0.000319,,0.0,0,False,0.4754,False
100000002132479100,peripheral,0.2,12,0.3832,"получает от 1 (30,000), отправляет 1 (20,000); ниже порогов ролей",2,False,1,1,30000.0,20000.0,2,1,0.6667,False,0,0.0,0.000609,7.0,0.0,0,True,0.0,False
100000002152857100,peripheral,0.2,5,0.5559,"получает от 1 (105,000), отправляет 5 (1,230,000); ниже порогов ролей",1,False,1,5,105000.0,1230000.0,1,6,11.7143,False,1,0.000319,0.000301,-11.0,0.5854,0,False,0.0,False
100000002156381100,peripheral,0.2,8,0.6426,"получает от 2 (61,000), отправляет 1 (21,800); ниже порогов ролей",2,False,2,1,61000.0,21800.0,7,3,0.3574,False,0,4.3e-05,0.001087,-13.0,0.2294,0,True,0.0,False
100000002158488100,peripheral,0.2,56,0.3447,"получает от 1 (31,723), отправляет 0 (0); ниже порогов ролей",1,False,1,0,31723.0,0.0,1,0,0.0,False,1,0.0,0.000294,,0.0,1,False,0.0,False
100000002170580100,peripheral,0.2,8,0.4765,"получает от 1 (150,000), отправляет 0 (0); ниже порогов ролей",2,False,1,0,150000.0,0.0,1,0,0.0,False,0,0.0,0.000359,,0.0,0,False,0.0,False
100000002173070100,peripheral,0.2,1,0.3046,"получает от 1 (30,000), отправляет 0 (0); ниже порогов ролей",2,False,1,0,30000.0,0.0,1,0,0.0,False,0,0.0,0.000292,,0.0,0,False,0.0,False
100000002173161100,terminal,1.0,1,0.7652,"получил 1,427,500 KZT от 3 плательщиков (5 переводов), исходящих нет; колено 1, обходом не обрезан",1,False,3,0,1427500.0,0.0,5,0,0.0,False,1,0.0,0.000437,,0.0,0,False,0.0,False
100000002175422100,peripheral,0.2,26,0.6734,"получает от 3 (68,500), отправляет 6 (1,621,188); ниже порогов ролей",2,False,3,6,68500.0,1621188.0,5,14,23.667,False,0,0.000161,0.000849,-15.0,0.0062,0,True,0.0,False
100000002182176100,peripheral,0.2,0,0.3681,"получает от 1 (42,465), отправляет 0 (0); ниже порогов ролей",1,False,1,0,42465.0,0.0,1,0,0.0,False,1,0.0,0.000295,,0.0,0,False,0.0,False
100000002184107100,peripheral,0.2,30,0.196,"получает от 1 (6,066), отправляет 0 (0); ниже порогов ролей",3,False,1,0,6066.0,0.0,1,0,0.0,False,0,0.0,0.000291,,0.0,0,False,0.0,False
100000002185328100,peripheral,0.2,18,0.3815,"получает от 1 (15,000), отправляет 4 (55,000); ниже порогов ролей",3,False,1,4,15000.0,55000.0,1,4,3.6667,False,0,6.3e-05,0.000353,-4.0,0.0,0,False,0.0,False
100000002188586100,peripheral,0.2,9,0.1033,"обход остановлен на 4-м колене: получил 38,310 от 1; ниже порогов конечного получателя (сумма не меньше, чем у 45% подтверждённых стоков), сток не подтверждён",4,False,1,0,38310.0,0.0,1,0,0.0,True,0,0.0,0.000301,,0.0,0,False,0.6594,False
100000002188829100,peripheral,0.2,2,0.5623,"получает от 1 (400,000), отправляет 0 (0); ниже порогов ролей",1,False,1,0,400000.0,0.0,1,0,0.0,False,1,0.0,0.000367,,0.0,0,False,0.0,False
100000002193259100,transit,0.4976,10,0.6769,"получил 48,000, отправил 58,000 (121%); 69% ушло в течение 2 дней после прихода",2,False,2,3,48000.0,58000.0,2,3,1.2083,False,0,6.6e-05,0.000895,0.0,0.6897,0,True,0.0,False
100000002194320100,peripheral,0.2,46,0.1585,"обход остановлен на 4-м колене: получил 275,000 от 1; ниже порогов конечного получателя (сумма не меньше, чем у 88% подтверждённых стоков), сток не подтверждён",4,False,1,0,275000.0,0.0,1,0,0.0,True,0,0.0,0.000489,,0.0,0,False,0.8716,False
100000002194329100,peripheral,0.2,0,0.2737,"получает от 1 (25,170), отправляет 0 (0); ниже порогов ролей",3,False,1,0,25170.0,0.0,1,0,0.0,False,0,0.0,0.000288,,0.0,0,False,0.0,False
100000002199091100,peripheral,0.2,57,0.3989,"получает от 1 (65,000), отправляет 0 (0); ниже порогов ролей",2,False,1,0,65000.0,0.0,1,0,0.0,False,0,0.0,0.000309,,0.0,1,False,0.0,False
100000002205022100,peripheral,0.2,44,0.3661,"получает от 1 (7,100), отправляет 3 (518,000); ниже порогов ролей",2,False,1,3,7100.0,518000.0,1,3,72.9577,False,0,5.5e-05,0.000548,-3.0,0.0116,0,False,0.0,False
100000002208836100,peripheral,0.2,4,0.1301,"обход остановлен на 4-м колене: получил 90,000 от 1; ниже порогов конечного получателя (сумма не меньше, чем у 67% подтверждённых стоков), сток не подтверждён",4,False,1,0,90000.0,0.0,1,0,0.0,True,0,0.0,0.000331,,0.0,0,False,0.7711,False
100000002211413100,peripheral,0.2,56,0.3576,"получает от 1 (37,000), отправляет 0 (0); ниже порогов ролей",1,False,1,0,37000.0,0.0,1,0,0.0,False,1,0.0,0.000295,,0.0,1,False,0.0,False
100000002212494100,peripheral,0.2,26,0.4805,"получает от 1 (160,000), отправляет 0 (0); ниже порогов ролей",3,False,1,0,160000.0,0.0,1,0,0.0,False,0,0.0,0.000358,,0.0,0,False,0.0,False
100000002214207100,peripheral,0.2,32,0.1433,"обход остановлен на 4-м колене: получил 97,000 от 1; ниже порогов конечного получателя (сумма не меньше, чем у 69% подтверждённых стоков), сток не подтверждён",4,False,1,0,97000.0,0.0,1,0,0.0,True,0,0.0,0.000694,,0.0,0,False,0.7799,False
100000002214301100,peripheral,0.2,0,0.392,"получает от 1 (21,438), отправляет 1 (8,000); ниже порогов ролей",1,False,1,1,21438.0,8000.0,1,1,0.3732,False,1,9.8e-05,0.000291,19.0,0.0,0,False,0.0,False
100000002214383100,peripheral,0.2,59,0.1554,"обход остановлен на 4-м колене: получил 213,000 от 1; ниже порогов конечного получателя (сумма не меньше, чем у 84% подтверждённых стоков), сток не подтверждён",4,False,1,0,213000.0,0.0,1,0,0.0,True,0,0.0,0.000533,,0.0,1,False,0.8512,False
100000002214570100,peripheral,0.2,56,0.3254,"получает от 1 (26,471), отправляет 0 (0); ниже порогов ролей",1,False,1,0,26471.0,0.0,1,0,0.0,False,1,0.0,0.000292,,0.0,1,False,0.0,False
100000002214664100,peripheral,0.2,60,0.2539,"получает от 1 (7,950), отправляет 1 (76,950); ниже порогов ролей",3,False,1,1,7950.0,76950.0,1,2,9.6792,False,0,1e-06,0.000288,0.0,1.0,1,False,0.0,False
100000002216999100,peripheral,0.2,55,0.2745,"получает от 1 (23,677), отправляет 0 (0); ниже порогов ролей",3,False,1,0,23677.0,0.0,1,0,0.0,False,0,0.0,0.000291,,0.0,1,False,0.0,False
100000002217161100,peripheral,0.2,30,0.7666,"получает от 2 (404,750), отправляет 7 (995,132); ниже порогов ролей",2,False,2,7,404750.0,995132.0,15,19,2.4586,False,0,0.000158,0.000895,4.0,0.0,0,True,0.0,False
100000002217806100,peripheral,0.2,33,0.1267,"обход остановлен на 4-м колене: получил 55,000 от 1; ниже порогов конечного получателя (сумма не меньше, чем у 58% подтверждённых стоков), сток не подтверждён",4,False,1,0,55000.0,0.0,2,0,0.0,True,0,0.0,0.000466,,0.0,0,False,0.7243,False
100000002224132100,peripheral,0.2,21,0.8075,"получает от 5 (3,951,020), отправляет 4 (12,115,000); ниже порогов ролей",2,False,5,4,3951020.0,12115000.0,10,25,3.0663,False,0,6e-06,0.006085,-2.0,0.0495,0,True,0.0,False
100000002227960100,peripheral,0.2,18,0.0708,"обход остановлен на 4-м колене: получил 10,000 от 1; ниже порогов конечного получателя (сумма не меньше, чем у 8% подтверждённых стоков), сток не подтверждён",4,False,1,0,10000.0,0.0,1,0,0.0,True,0,0.0,0.000301,,0.0,0,False,0.4754,False
100000002227989100,peripheral,0.2,18,0.0967,"обход остановлен на 4-м колене: получил 20,000 от 1; ниже порогов конечного получателя (сумма не меньше, чем у 25% подтверждённых стоков), сток не подтверждён",4,False,1,0,20000.0,0.0,1,0,0.0,True,0,0.0,0.000396,,0.0,0,False,0.5575,False
100000002229615100,peripheral,0.2,18,0.1107,"обход остановлен на 4-м колене: получил 25,000 от 1; ниже порогов конечного получателя (сумма не меньше, чем у 33% подтверждённых стоков), сток не подтверждён",4,False,1,0,25000.0,0.0,1,0,0.0,True,0,0.0,0.000722,,0.0,0,False,0.5964,False
100000002231144100,peripheral,0.2,18,0.0877,"обход остановлен на 4-м колене: получил 15,000 от 1; ниже порогов конечного получателя (сумма не меньше, чем у 15% подтверждённых стоков), сток не подтверждён",4,False,1,0,15000.0,0.0,1,0,0.0,True,0,0.0,0.000369,,0.0,0,False,0.5079,False
100000002232266100,peripheral,0.2,6,0.3468,"получает от 1 (45,000), отправляет 0 (0); ниже порогов ролей",3,False,1,0,45000.0,0.0,1,0,0.0,False,0,0.0,0.000296,,0.0,0,False,0.0,False
100000002236528100,peripheral,0.2,5,0.3996,"получает от 1 (66,000), отправляет 0 (0); ниже порогов ролей",3,False,1,0,66000.0,0.0,1,0,0.0,False,0,0.0,0.000309,,0.0,0,False,0.0,False
100000002241986100,peripheral,0.2,34,0.5726,"получает от 1 (280,000), отправляет 6 (3,077,000); ниже порогов ролей",3,False,1,6,280000.0,3077000.0,1,12,10.9893,False,0,0.000117,0.000296,-29.0,0.0,0,False,0.0,False
100000002242066100,peripheral,0.2,30,0.1304,"обход остановлен на 4-м колене: получил 60,000 от 1; ниже порогов конечного получателя (сумма не меньше, чем у 60% подтверждённых стоков), сток не подтверждён",4,False,1,0,60000.0,0.0,1,0,0.0,True,0,0.0,0.000536,,0.0,0,False,0.7317,False
100000002242455100,peripheral,0.2,4,0.1434,"обход остановлен на 4-м колене: получил 110,000 от 1; ниже порогов конечного получателя (сумма не меньше, чем у 72% подтверждённых стоков), сток не подтверждён",4,False,1,0,110000.0,0.0,1,0,0.0,True,0,0.0,0.000535,,0.0,0,False,0.7952,False
100000002243354100,peripheral,0.2,56,0.2962,"получает от 1 (20,879), отправляет 0 (0); ниже порогов ролей",1,False,1,0,20879.0,0.0,1,0,0.0,False,1,0.0,0.000291,,0.0,1,False,0.0,False
100000002255058100,peripheral,0.2,2,0.5504,"получает от 1 (491,500), отправляет 0 (0); ниже порогов ролей",3,False,1,0,491500.0,0.0,2,0,0.0,False,0,0.0,0.000428,,0.0,0,False,0.0,False
100000002257794100,peripheral,0.2,65,0.5126,"получает от 1 (154,000), отправляет 0 (0); ниже порогов ролей",3,False,1,0,154000.0,0.0,1,0,0.0,False,0,0.0,0.000864,,0.0,2,False,0.0,False
100000002258492100,peripheral,0.2,17,0.084,"обход остановлен на 4-м колене: получил 9,000 от 1; ниже порогов конечного получателя (сумма не меньше, чем у 5% подтверждённых стоков), сток не подтверждён",4,False,1,0,9000.0,0.0,1,0,0.0,True,0,0.0,0.000542,,0.0,0,False,0.4583,False
100000002267998100,peripheral,0.2,20,0.7647,"получает от 2 (420,000), отправляет 3 (1,115,000); ниже порогов ролей",2,False,2,3,420000.0,1115000.0,4,12,2.6548,False,0,6e-05,0.001596,-7.0,0.6726,0,True,0.0,False
100000002284426100,peripheral,0.2,4,0.3803,"получает от 1 (90,000), отправляет 0 (0); ниже порогов ролей",3,False,1,0,90000.0,0.0,2,0,0.0,False,0,0.0,0.00029,,0.0,0,False,0.0,False
100000002289937100,peripheral,0.2,56,0.29,"получает от 1 (20,000), отправляет 0 (0); ниже порогов ролей",1,False,1,0,20000.0,0.0,1,0,0.0,False,1,0.0,0.000291,,0.0,1,False,0.0,False
100000002293421100,peripheral,0.2,0,0.5954,"получает от 2 (41,000), отправляет 2 (47,000); ниже порогов ролей",2,False,2,2,41000.0,47000.0,6,5,1.1463,False,0,2e-05,0.000979,-8.0,0.0,0,True,0.0,False
100000002299948100,peripheral,0.2,28,0.2065,"получает от 1 (6,750), отправляет 0 (0); ниже порогов ролей",2,False,1,0,6750.0,0.0,1,0,0.0,False,0,0.0,0.000294,,0.0,0,False,0.0,False
100000002301828100,peripheral,0.2,13,0.3462,"получает от 1 (46,977), отправляет 0 (0); ниже порогов ролей",3,False,1,0,46977.0,0.0,1,0,0.0,False,0,0.0,0.000294,,0.0,0,False,0.0,False
100000002304943100,peripheral,0.2,18,0.0803,"обход остановлен на 4-м колене: получил 15,000 от 1; ниже порогов конечного получателя (сумма не меньше, чем у 15% подтверждённых стоков), сток не подтверждён",4,False,1,0,15000.0,0.0,1,0,0.0,True,0,0.0,0.000308,,0.0,0,False,0.5079,False
100000002305007100,peripheral,0.2,55,0.3716,"получает от 1 (56,000), отправляет 0 (0); ниже порогов ролей",3,False,1,0,56000.0,0.0,1,0,0.0,False,0,0.0,0.000296,,0.0,1,False,0.0,False
100000002305477100,peripheral,0.2,18,0.0899,"обход остановлен на 4-м колене: получил 20,000 от 1; ниже порогов конечного получателя (сумма не меньше, чем у 25% подтверждённых стоков), сток не подтверждён",4,False,1,0,20000.0,0.0,1,0,0.0,True,0,0.0,0.000315,,0.0,0,False,0.5575,False
100000002306369100,peripheral,0.2,2,0.5182,"получает от 1 (73,166), отправляет 6 (260,900); ниже порогов ролей",1,False,1,6,73166.0,260900.0,1,9,3.5659,False,1,7.1e-05,0.000301,17.0,0.0,0,True,0.0,False
100000002308091100,peripheral,0.2,7,0.5152,"получает от 1 (186,720), отправляет 0 (0); ниже порогов ролей",3,False,1,0,186720.0,0.0,1,0,0.0,False,0,0.0,0.000564,,0.0,0,False,0.0,False
100000002320495100,peripheral,0.2,13,0.091,"обход остановлен на 4-м колене: получил 13,526 от 1; ниже порогов конечного получателя (сумма не меньше, чем у 12% подтверждённых стоков), сток не подтверждён",4,False,1,0,13526.27,0.0,1,0,0.0,True,0,0.0,0.000538,,0.0,0,False,0.494,False
100000002324543100,peripheral,0.2,3,0.3282,"получает от 1 (30,202), отправляет 0 (0); ниже порогов ролей",1,False,1,0,30202.0,0.0,1,0,0.0,False,1,0.0,0.00029,,0.0,0,False,0.0,False
100000002335358100,peripheral,0.2,1,0.4996,"получает от 1 (140,000), отправляет 0 (0); ниже порогов ролей",2,False,1,0,140000.0,0.0,2,0,0.0,False,0,0.0,0.000615,,0.0,0,False,0.0,False
100000002340562100,peripheral,0.2,5,0.3894,"получает от 1 (36,650), отправляет 0 (0); ниже порогов ролей",2,False,1,0,36650.0,0.0,2,0,0.0,False,0,0.0,0.000533,,0.0,0,False,0.0,False
100000002343825100,peripheral,0.2,3,0.7282,"получает от 3 (350,000), отправляет 2 (89,800); ниже порогов ролей",3,False,3,2,350000.0,89800.0,4,2,0.2566,False,0,4.4e-05,0.000335,0.0,0.5568,0,False,0.0,False
100000002346166100,peripheral,0.2,55,0.1789,"получает от 1 (6,000), отправляет 0 (0); ниже порогов ролей",3,False,1,0,6000.0,0.0,1,0,0.0,False,0,0.0,0.000288,,0.0,1,False,0.0,False
100000002356167100,peripheral,0.2,4,0.5681,"получает от 1 (300,000), отправляет 2 (29,500); ниже порогов ролей",3,False,1,2,300000.0,29500.0,1,3,0.0983,False,0,3.9e-05,0.000297,0.0,0.1864,0,False,0.0,False
100000002369443100,peripheral,0.2,55,0.3564,"получает от 1 (50,000), отправляет 0 (0); ниже порогов ролей",3,False,1,0,50000.0,0.0,1,0,0.0,False,0,0.0,0.000295,,0.0,1,False,0.0,False
100000002369454100,peripheral,0.2,6,0.1044,"обход остановлен на 4-м колене: получил 25,000 от 1; ниже порогов конечного получателя (сумма не меньше, чем у 33% подтверждённых стоков), сток не подтверждён",4,False,1,0,25000.0,0.0,1,0,0.0,True,0,0.0,0.000431,,0.0,0,False,0.5964,False
100000002369510100,peripheral,0.2,55,0.3241,"получает от 1 (37,150), отправляет 0 (0); ниже порогов ролей",3,False,1,0,37150.0,0.0,1,0,0.0,False,0,0.0,0.000293,,0.0,1,False,0.0,False
100000002369874100,consolidator,0.3,3,0.7719,"получает от 4 плательщиков (600,000 KZT, из них 0 seed), отдаёт дальше 0%",3,False,4,0,600000.0,0.0,4,0,0.0,False,0,0.0,0.000339,,0.0,0,False,0.0,False
100000002371751100,peripheral,0.2,83,0.6041,"получает от 1 (200,000), отправляет 1 (250,000); ниже порогов ролей",1,False,1,1,200000.0,250000.0,5,1,1.25,False,1,0.0,0.000531,3.0,0.0,13,False,0.0,False
100000002371892100,peripheral,0.2,43,0.1083,"обход остановлен на 4-м колене: получил 43,830 от 1; ниже порогов конечного получателя (сумма не меньше, чем у 48% подтверждённых стоков), сток не подтверждён",4,False,1,0,43830.0,0.0,1,0,0.0,True,0,0.0,0.000308,,0.0,0,False,0.6752,False
100000002373144100,peripheral,0.2,0,0.4095,"получает от 1 (46,468), отправляет 1 (10,764); ниже порогов ролей",3,False,1,1,46468.0,10764.0,1,1,0.2316,False,0,2e-05,0.000291,5.0,0.0,0,False,0.0,False
100000002373386100,peripheral,0.2,55,0.2765,"получает от 1 (24,000), отправляет 0 (0); ниже порогов ролей",3,False,1,0,24000.0,0.0,1,0,0.0,False,0,0.0,0.000291,,0.0,1,False,0.0,False
100000002380341100,peripheral,0.2,0,0.3926,"получает от 1 (57,566), отправляет 0 (0); ниже порогов ролей",3,False,1,0,57566.4,0.0,1,0,0.0,False,0,0.0,0.000311,,0.0,0,False,0.0,False
100000002391278100,peripheral,0.2,5,0.362,"получает от 1 (30,000), отправляет 1 (52,700); ниже порогов ролей",3,False,1,1,30000.0,52700.0,5,2,1.7567,False,0,0.0,0.000395,1.0,0.4497,0,True,0.0,False
100000002394199100,peripheral,0.2,5,0.5548,"получает от 1 (277,398), отправляет 1 (76,777); ниже порогов ролей",3,False,1,1,277398.0,76777.0,3,1,0.2768,False,0,0.0,0.00305,11.0,0.0,0,True,0.0,False
100000002398779100,consolidator,0.9398,0,0.9033,"получает от 13 плательщиков (1,095,690 KZT, из них 0 seed), отдаёт дальше 6%",2,False,13,1,1095690.0,66000.0,28,3,0.0602,False,0,1.3e-05,0.001607,2.0,0.8182,0,False,0.0,False
100000002404112100,peripheral,0.2,23,0.1222,"обход остановлен на 4-м колене: получил 60,000 от 1; ниже порогов конечного получателя (сумма не меньше, чем у 60% подтверждённых стоков), сток не подтверждён",4,False,1,0,60000.0,0.0,1,0,0.0,True,0,0.0,0.000332,,0.0,0,False,0.7317,False
100000002432143100,peripheral,0.2,2,0.4286,"получает от 1 (81,310), отправляет 0 (0); ниже порогов ролей",2,False,1,0,81310.0,0.0,1,0,0.0,False,0,0.0,0.000337,,0.0,0,False,0.0,False
100000002433697100,transit,0.7436,4,0.5449,"получил 130,000, отправил 110,000 (85%); 100% ушло в течение 2 дней после прихода",3,False,1,1,130000.0,110000.0,1,1,0.8462,False,0,2e-05,0.000291,0.0,1.0,0,False,0.0,False
100000002435265100,peripheral,0.2,0,0.4249,"получает от 1 (132,628), отправляет 0 (0); ниже порогов ролей",3,False,1,0,132628.0,0.0,3,0,0.0,False,0,0.0,0.000294,,0.0,0,False,0.0,False
100000002443664100,terminal,0.5,7,0.7061,"получил 556,880 KZT от 3 плательщиков (3 переводов), исходящих нет; колено 2, обходом не обрезан",2,False,3,0,556880.0,0.0,3,0,0.0,False,0,0.0,0.00034,,0.0,0,False,0.0,False
100000002445750100,peripheral,0.2,0,0.5234,"получает от 1 (70,000), отправляет 1 (10,000); ниже порогов ролей",2,False,1,1,70000.0,10000.0,1,1,0.1429,False,0,2e-05,0.00054,-4.0,0.0,0,False,0.0,False
100000002448088100,peripheral,0.2,18,0.5325,"получает от 3 (20,000), отправляет 1 (25,000); ниже порогов ролей",3,False,3,1,20000.0,25000.0,3,1,1.25,False,0,2.1e-05,0.000511,5.0,0.0,0,False,0.0,False
100000002454724100,peripheral,0.2,25,0.4377,"получает от 1 (125,000), отправляет 0 (0); ниже порогов ролей",2,False,1,0,125000.0,0.0,3,0,0.0,False,0,0.0,0.000303,,0.0,0,False,0.0,False
100000002457464100,peripheral,0.2,2,0.4113,"получает от 1 (66,647), отправляет 0 (0); ниже порогов ролей",2,False,1,0,66647.0,0.0,1,0,0.0,False,0,0.0,0.000324,,0.0,0,False,0.0,False
100000002459093100,peripheral,0.2,5,0.6143,"получает от 1 (500,000), отправляет 1 (55,000); ниже порогов ролей",2,False,1,1,500000.0,55000.0,2,3,0.11,False,0,1e-06,0.000391,-12.0,0.0,0,False,0.0,False
100000002459163100,peripheral,0.2,81,0.321,"получает от 1 (20,180), отправляет 0 (0); ниже порогов ролей",2,False,1,0,20180.0,0.0,1,0,0.0,False,0,0.0,0.000363,,0.0,10,False,0.0,False
100000002459164100,peripheral,0.2,0,0.3378,"получает от 1 (20,000), отправляет 0 (0); ниже порогов ролей",3,False,1,0,20000.0,0.0,1,0,0.0,False,0,0.0,0.000544,,0.0,0,False,0.0,False
100000002459240100,peripheral,0.2,4,0.4249,"получает от 1 (150,000), отправляет 0 (0); ниже порогов ролей",3,False,1,0,150000.0,0.0,1,0,0.0,False,0,0.0,0.000292,,0.0,0,False,0.0,False
100000002459832100,terminal,0.7612,19,0.7089,"получил 880,606 KZT от 2 плательщиков (2 переводов), исходящих нет; колено 3, обходом не обрезан",3,False,2,0,880606.0,0.0,2,0,0.0,False,0,0.0,0.000395,,0.0,0,False,0.0,False
100000002462183100,peripheral,0.2,75,0.4895,"получает от 1 (107,500), отправляет 0 (0); ниже порогов ролей",1,False,1,0,107500.0,0.0,3,0,0.0,False,1,0.0,0.000382,,0.0,4,False,0.0,False
100000002469065100,peripheral,0.2,1,0.484,"получает от 1 (200,000), отправляет 0 (0); ниже порогов ролей",2,False,1,0,200000.0,0.0,1,0,0.0,False,0,0.0,0.00032,,0.0,0,False,0.0,False
100000002472632100,peripheral,0.2,22,0.7603,"получает от 2 (502,400), отправляет 1 (20,000); ниже порогов ролей",3,False,2,1,502400.0,20000.0,3,1,0.0398,False,0,2e-05,0.00099,-8.0,0.0,0,False,0.0,False
100000002474570100,peripheral,0.2,15,0.0579,"обход остановлен на 4-м колене: получил 6,750 от 1; ниже порогов конечного получателя (сумма не меньше, чем у 3% подтверждённых стоков), сток не подтверждён",4,False,1,0,6750.0,0.0,1,0,0.0,True,0,0.0,0.00029,,0.0,0,False,0.4481,False
100000002475601100,peripheral,0.2,19,0.4782,"получает от 1 (232,301), отправляет 0 (0); ниже порогов ролей",3,False,1,0,232301.0,0.0,1,0,0.0,False,0,0.0,0.000303,,0.0,0,False,0.0,False
100000002478829100,peripheral,0.2,18,0.1112,"обход остановлен на 4-м колене: получил 34,000 от 1; ниже порогов конечного получателя (сумма не меньше, чем у 42% подтверждённых стоков), сток не подтверждён",4,False,1,0,34000.0,0.0,1,0,0.0,True,0,0.0,0.000389,,0.0,0,False,0.6446,False
100000002479804100,peripheral,0.2,2,0.45,"получает от 1 (46,000), отправляет 2 (35,300); ниже порогов ролей",1,False,1,2,46000.0,35300.0,1,2,0.7674,False,1,2e-06,0.000298,-5.0,0.6516,0,False,0.0,False
100000002480800100,terminal,0.3,2,0.7504,"получил 569,251 KZT от 2 плательщиков (2 переводов), исходящих нет; колено 1, обходом не обрезан",1,False,2,0,569251.0,0.0,2,0,0.0,False,1,0.0,0.000644,,0.0,0,False,0.0,False
100000002481735100,peripheral,0.2,1,0.3272,"получает от 1 (22,436), отправляет 0 (0); ниже порогов ролей",2,False,1,0,22436.0,0.0,2,0,0.0,False,0,0.0,0.000364,,0.0,0,False,0.0,False
100000002481974100,peripheral,0.2,6,0.6222,"получает от 2 (89,447), отправляет 2 (318,000); ниже порогов ролей",3,False,2,2,89447.0,318000.0,2,4,3.5552,False,0,4e-05,0.000333,9.0,0.0,0,False,0.0,False
100000002487222100,peripheral,0.2,4,0.1268,"обход остановлен на 4-м колене: получил 90,000 от 1; ниже порогов конечного получателя (сумма не меньше, чем у 67% подтверждённых стоков), сток не подтверждён",4,False,1,0,90000.0,0.0,2,0,0.0,True,0,0.0,0.000312,,0.0,0,False,0.7711,False
100000002488629100,peripheral,0.2,5,0.3966,"получает от 1 (73,050), отправляет 0 (0); ниже порогов ролей",2,False,1,0,73050.0,0.0,1,0,0.0,False,0,0.0,0.000301,,0.0,0,False,0.0,False
100000002489253100,peripheral,0.2,1,0.3766,"получает от 1 (51,000), отправляет 0 (0); ниже порогов ролей",2,False,1,0,51000.0,0.0,1,0,0.0,False,0,0.0,0.000303,,0.0,0,False,0.0,False
100000002492277100,peripheral,0.2,2,0.4495,"получает от 1 (138,500), отправляет 0 (0); ниже порогов ролей",2,False,1,0,138500.0,0.0,1,0,0.0,False,0,0.0,0.000309,,0.0,0,False,0.0,False
100000002505277100,peripheral,0.2,49,0.1269,"обход остановлен на 4-м колене: получил 60,000 от 1; ниже порогов конечного получателя (сумма не меньше, чем у 60% подтверждённых стоков), сток не подтверждён",4,False,1,0,60000.0,0.0,1,0,0.0,True,0,0.0,0.000409,,0.0,0,False,0.7317,False
100000002506987100,peripheral,0.2,9,0.0941,"обход остановлен на 4-м колене: получил 28,200 от 1; ниже порогов конечного получателя (сумма не меньше, чем у 36% подтверждённых стоков), сток не подтверждён",4,False,1,0,28200.0,0.0,1,0,0.0,True,0,0.0,0.000297,,0.0,0,False,0.6154,False
100000002508637100,peripheral,0.2,19,0.5651,"получает от 1 (306,410), отправляет 1 (8,000); ниже порогов ролей",3,False,1,1,306410.0,8000.0,1,1,0.0261,False,0,1e-06,0.000309,12.0,0.0,0,False,0.0,False
100000002509598100,peripheral,0.2,7,0.4913,"получает от 1 (305,550), отправляет 0 (0); ниже порогов ролей",3,False,1,0,305550.0,0.0,1,0,0.0,False,0,0.0,0.000301,,0.0,0,False,0.0,False
100000002511581100,peripheral,0.2,55,0.2428,"получает от 1 (17,600), отправляет 0 (0); ниже порогов ролей",3,False,1,0,17600.0,0.0,1,0,0.0,False,0,0.0,0.00029,,0.0,1,False,0.0,False
100000002511825100,peripheral,0.2,0,0.4149,"получает от 1 (65,000), отправляет 0 (0); ниже порогов ролей",1,False,1,0,65000.0,0.0,1,0,0.0,False,1,0.0,0.000299,,0.0,0,False,0.0,False
100000002512742100,peripheral,0.2,15,0.0565,"обход остановлен на 4-м колене: получил 6,000 от 1; ниже порогов конечного получателя (сумма не меньше, чем у 2% подтверждённых стоков), сток не подтверждён",4,False,1,0,6000.0,0.0,1,0,0.0,True,0,0.0,0.00029,,0.0,0,False,0.4448,False
100000002513028100,peripheral,0.2,47,0.3299,"получает от 1 (9,500), отправляет 3 (332,709); ниже порогов ролей",3,False,1,3,9500.0,332709.0,1,24,35.022,False,0,6.2e-05,0.000307,-28.0,0.0,0,False,0.0,False
100000002514975100,peripheral,0.2,23,0.0972,"обход остановлен на 4-м колене: получил 17,920 от 1; ниже порогов конечного получателя (сумма не меньше, чем у 20% подтверждённых стоков), сток не подтверждён",4,False,1,0,17920.0,0.0,1,0,0.0,True,0,0.0,0.000533,,0.0,0,False,0.5352,False
100000002516862100,peripheral,0.2,47,0.1298,"обход остановлен на 4-м колене: получил 81,710 от 1; ниже порогов конечного получателя (сумма не меньше, чем у 65% подтверждённых стоков), сток не подтверждён",4,False,1,0,81710.0,0.0,5,0,0.0,True,0,0.0,0.000351,,0.0,0,False,0.7576,False
100000002521039100,peripheral,0.2,0,0.5022,"получает от 1 (349,370), отправляет 0 (0); ниже порогов ролей",3,False,1,0,349370.0,0.0,1,0,0.0,False,0,0.0,0.000307,,0.0,0,False,0.0,False
100000002527114100,distributor,1.0,56,0.393,"рассылает 111 получателям 3,289,249 KZT, средний перевод 29,108; получает от 3; seed",0,True,3,111,129000.0,3289249.0,4,113,25.4981,False,0,0.000197,0.000815,-3.0,0.0588,1,True,0.0,False
100000002528544100,peripheral,0.2,19,0.4618,"получает от 1 (192,912), отправляет 0 (0); ниже порогов ролей",3,False,1,0,192912.0,0.0,1,0,0.0,False,0,0.0,0.000301,,0.0,0,False,0.0,False
100000002528978100,peripheral,0.2,9,0.0744,"обход остановлен на 4-м колене: получил 15,900 от 1; ниже порогов конечного получателя (сумма не меньше, чем у 17% подтверждённых стоков), сток не подтверждён",4,False,1,0,15900.0,0.0,1,0,0.0,True,0,0.0,0.000293,,0.0,0,False,0.5171,False
100000002529877100,peripheral,0.2,7,0.1446,"обход остановлен на 4-м колене: получил 232,000 от 1; ниже порогов конечного получателя (сумма не меньше, чем у 85% подтверждённых стоков), сток не подтверждён",4,False,1,0,232000.0,0.0,1,0,0.0,True,0,0.0,0.000307,,0.0,0,False,0.8582,False
100000002529880100,terminal,0.3,3,0.5991,"получил 147,000 KZT от 2 плательщиков (2 переводов), исходящих нет; колено 3, обходом не обрезан",3,False,2,0,147000.0,0.0,2,0,0.0,False,0,0.0,0.000308,,0.0,0,False,0.0,False
100000002530224100,peripheral,0.2,3,0.4131,"получает от 1 (113,000), отправляет 0 (0); ниже порогов ролей",3,False,1,0,113000.0,0.0,1,0,0.0,False,0,0.0,0.000293,,0.0,0,False,0.0,False
100000002531406100,peripheral,0.2,19,0.5998,"получает от 1 (520,000), отправляет 1 (500,000); ниже порогов ролей",3,False,1,1,520000.0,500000.0,1,1,0.9615,False,0,1e-06,0.000324,-1.0,0.0,0,False,0.0,False
100000002534091100,peripheral,0.2,2,0.29,"получает от 1 (22,200), отправляет 0 (0); ниже порогов ролей",3,False,1,0,22200.0,0.0,1,0,0.0,False,0,0.0,0.000298,,0.0,0,False,0.0,False
100000002537811100,peripheral,0.2,8,0.5264,"получает от 1 (52,000), отправляет 1 (15,000); ниже порогов ролей",3,False,1,1,52000.0,15000.0,1,1,0.2885,False,0,2.7e-05,0.001236,-8.0,0.0,0,False,0.0,False
100000002539625100,peripheral,0.2,3,0.4425,"получает от 1 (94,700), отправляет 0 (0); ниже порогов ролей",2,False,1,0,94700.0,0.0,1,0,0.0,False,0,0.0,0.000347,,0.0,0,False,0.0,False
100000002540033100,peripheral,0.2,14,0.088,"обход остановлен на 4-м колене: получил 10,000 от 1; ниже порогов конечного получателя (сумма не меньше, чем у 8% подтверждённых стоков), сток не подтверждён",4,False,1,0,10000.0,0.0,1,0,0.0,True,0,0.0,0.000599,,0.0,0,False,0.4754,False
100000002540623100,peripheral,0.2,8,0.4448,"получает от 1 (100,000), отправляет 0 (0); ниже порогов ролей",2,False,1,0,100000.0,0.0,1,0,0.0,False,0,0.0,0.000335,,0.0,0,False,0.0,False
100000002546921100,peripheral,0.2,12,0.267,"получает от 1 (20,000), отправляет 0 (0); ниже порогов ролей",3,False,1,0,20000.0,0.0,1,0,0.0,False,0,0.0,0.000293,,0.0,0,False,0.0,False
100000002547110100,consolidator,0.65,3,0.8184,"получает от 6 плательщиков (1,500,000 KZT, из них 0 seed), отдаёт дальше 0%",3,False,6,0,1500000.0,0.0,10,0,0.0,False,0,0.0,0.000554,,0.0,0,False,0.0,False
100000002548759100,terminal,0.3,3,0.6546,"получил 375,000 KZT от 2 плательщиков (2 переводов), исходящих нет; колено 3, обходом не обрезан",3,False,2,0,375000.0,0.0,2,0,0.0,False,0,0.0,0.00031,,0.0,0,False,0.0,False
100000002550141100,peripheral,0.2,6,0.4332,"получает от 1 (100,586), отправляет 0 (0); ниже порогов ролей",3,False,1,0,100586.0,0.0,1,0,0.0,False,0,0.0,0.000309,,0.0,0,False,0.0,False
100000002554175100,peripheral,0.2,9,0.2961,"получает от 1 (24,621), отправляет 0 (0); ниже порогов ролей",3,False,1,0,24621.0,0.0,1,0,0.0,False,0,0.0,0.000296,,0.0,0,False,0.0,False
100000002556775100,peripheral,0.2,4,0.4813,"получает от 1 (300,000), отправляет 0 (0); ниже порогов ролей",3,False,1,0,300000.0,0.0,1,0,0.0,False,0,0.0,0.000297,,0.0,0,False,0.0,False
100000002558173100,peripheral,0.2,28,0.2228,"получает от 1 (9,300), отправляет 0 (0); ниже порогов ролей",2,False,1,0,9300.0,0.0,1,0,0.0,False,0,0.0,0.000297,,0.0,0,False,0.0,False
100000002559089100,terminal,0.43,7,0.7044,"получил 715,000 KZT от 2 плательщиков (2 переводов), исходящих нет; колено 3, обходом не обрезан",3,False,2,0,715000.0,0.0,2,0,0.0,False,0,0.0,0.000394,,0.0,0,False,0.0,False
100000002565277100,peripheral,0.2,2,0.5725,"получает от 1 (483,319), отправляет 0 (0); ниже порогов ролей",1,False,1,0,483319.0,0.0,1,0,0.0,False,1,0.0,0.000384,,0.0,0,False,0.0,False
100000002566204100,peripheral,0.2,8,0.4245,"получает от 1 (80,805), отправляет 0 (0); ниже порогов ролей",2,False,1,0,80805.0,0.0,1,0,0.0,False,0,0.0,0.000326,,0.0,0,False,0.0,False
100000002567887100,peripheral,0.2,4,0.3363,"получает от 1 (50,915), отправляет 0 (0); ниже порогов ролей",3,False,1,0,50915.0,0.0,1,0,0.0,False,0,0.0,0.000289,,0.0,0,False,0.0,False
100000002570206100,terminal,0.3,13,0.6174,"получил 166,960 KZT от 2 плательщиков (2 переводов), исходящих нет; колено 2, обходом не обрезан",2,False,2,0,166959.6,0.0,2,0,0.0,False,0,0.0,0.00032,,0.0,0,False,0.0,False
100000002575080100,transit,0.9359,1,0.442,"получил 13,000, отправил 12,500 (96%); 100% ушло в течение 2 дней после прихода",3,False,1,1,13000.0,12500.0,1,1,0.9615,False,0,2e-05,0.000554,0.0,1.0,0,False,0.0,False
100000002578405100,distributor,1.0,55,0.8542,"рассылает 116 получателям 3,108,352 KZT, средний перевод 25,903; получает от 2",2,False,2,116,1200351.0,3108352.0,7,120,2.5895,False,0,0.000174,0.000572,-7.0,0.1612,1,True,0.0,False
100000002578653100,peripheral,0.2,39,0.2977,"получает от 1 (20,000), отправляет 0 (0); ниже порогов ролей",3,False,1,0,20000.0,0.0,1,0,0.0,False,0,0.0,0.000313,,0.0,0,False,0.0,False
100000002580377100,peripheral,0.2,1,0.4218,"получает от 1 (37,750), отправляет 1 (5,000); ниже порогов ролей",1,False,1,1,37750.0,5000.0,2,1,0.1325,False,1,2e-05,0.000291,9.0,0.0,0,False,0.0,False
100000002581346100,peripheral,0.2,4,0.4337,"получает от 1 (166,400), отправляет 0 (0); ниже порогов ролей",3,False,1,0,166400.0,0.0,1,0,0.0,False,0,0.0,0.000292,,0.0,0,False,0.0,False
100000002589019100,peripheral,0.2,10,0.3471,"получает от 1 (34,710), отправляет 0 (0); ниже порогов ролей",1,False,1,0,34710.0,0.0,1,0,0.0,False,1,0.0,0.000293,,0.0,0,False,0.0,False
100000002591469100,peripheral,0.2,5,0.5024,"получает от 1 (235,670), отправляет 0 (0); ниже порогов ролей",1,False,1,0,235670.0,0.0,1,0,0.0,False,1,0.0,0.0003,,0.0,0,False,0.0,False
100000002592567100,peripheral,0.2,1,0.3058,"получает от 1 (5,297), отправляет 2 (48,600); ниже порогов ролей",1,False,1,2,5297.0,48600.0,1,2,9.175,False,1,0.000733,0.000287,7.0,0.0,0,False,0.0,False
100000002593038100,peripheral,0.2,10,0.3801,"получает от 1 (28,500), отправляет 0 (0); ниже порогов ролей",2,False,1,0,28500.0,0.0,1,0,0.0,False,0,0.0,0.000661,,0.0,0,False,0.0,False
100000002593344100,terminal,0.3,3,0.6817,"получил 431,000 KZT от 2 плательщиков (2 переводов), исходящих нет; колено 3, обходом не обрезан",3,False,2,0,431000.0,0.0,2,0,0.0,False,0,0.0,0.000361,,0.0,0,False,0.0,False
100000002594214100,peripheral,0.2,34,0.168,"обход остановлен на 4-м колене: получил 1,000,000 от 1; профиль как у конечного получателя (сумма не меньше, чем у 99% подтверждённых стоков) — запросить 5-е колено",4,False,1,0,1000000.0,0.0,1,0,0.0,True,0,0.0,0.000369,,0.0,0,False,0.9286,True
100000002596035100,peripheral,0.2,8,0.5218,"получает от 1 (231,570), отправляет 0 (0); ниже порогов ролей",1,False,1,0,231570.0,0.0,1,0,0.0,False,1,0.0,0.000322,,0.0,0,False,0.0,False
100000002596039100,peripheral,0.2,6,0.1474,"обход остановлен на 4-м колене: получил 280,000 от 1; ниже порогов конечного получателя (сумма не меньше, чем у 88% подтверждённых стоков), сток не подтверждён",4,False,1,0,280000.0,0.0,1,0,0.0,True,0,0.0,0.000306,,0.0,0,False,0.8726,False
100000002597003100,peripheral,0.2,0,0.3502,"получает от 1 (17,700), отправляет 1 (11,000); ниже порогов ролей",1,False,1,1,17700.0,11000.0,1,1,0.6215,False,1,2e-05,0.00029,-9.0,0.0,0,False,0.0,False
100000002597074100,peripheral,0.2,0,0.071,"обход остановлен на 4-м колене: получил 8,000 от 1; ниже порогов конечного получателя (сумма не меньше, чем у 4% подтверждённых стоков), сток не подтверждён",4,False,1,0,8000.0,0.0,1,0,0.0,True,0,0.0,0.000312,,0.0,0,False,0.4537,False
100000002597623100,peripheral,0.2,0,0.2294,"получает от 1 (16,418), отправляет 0 (0); ниже порогов ролей",3,False,1,0,16418.0,0.0,1,0,0.0,False,0,0.0,0.000288,,0.0,0,False,0.0,False
100000002599729100,peripheral,0.2,0,0.1302,"обход остановлен на 4-м колене: получил 65,000 от 1; ниже порогов конечного получателя (сумма не меньше, чем у 61% подтверждённых стоков), сток не подтверждён",4,False,1,0,65000.0,0.0,2,0,0.0,True,0,0.0,0.000488,,0.0,0,False,0.7386,False
100000002600345100,terminal,0.3,1,0.5428,"получил 52,400 KZT от 2 плательщиков (2 переводов), исходящих нет; колено 1, обходом не обрезан",1,False,2,0,52400.0,0.0,2,0,0.0,False,1,0.0,0.000297,,0.0,0,False,0.0,False
100000002603371100,peripheral,0.2,0,0.2036,"получает от 1 (9,300), отправляет 0 (0); ниже порогов ролей",3,False,1,0,9300.0,0.0,1,0,0.0,False,0,0.0,0.000291,,0.0,0,False,0.0,False
100000002603478100,peripheral,0.2,10,0.3019,"получает от 1 (23,500), отправляет 0 (0); ниже порогов ролей",1,False,1,0,23500.0,0.0,1,0,0.0,False,1,0.0,0.000291,,0.0,0,False,0.0,False
100000002603769100,terminal,1.0,0,0.7748,"получил 1,185,368 KZT от 3 плательщиков (3 переводов), исходящих нет; колено 1, обходом не обрезан",1,False,3,0,1185368.0,0.0,3,0,0.0,False,1,0.0,0.000544,,0.0,0,False,0.0,False
100000002605184100,peripheral,0.2,1,0.4775,"получает от 1 (140,000), отправляет 0 (0); ниже порогов ролей",2,False,1,0,140000.0,0.0,1,0,0.0,False,0,0.0,0.000393,,0.0,0,False,0.0,False
100000002605308100,terminal,1.0,12,0.7636,"получил 2,569,522 KZT от 3 плательщиков (7 переводов), исходящих нет; колено 2, обходом не обрезан",2,False,3,0,2569521.84,0.0,7,0,0.0,False,0,0.0,0.000889,,0.0,0,False,0.0,False
100000002605548100,terminal,0.3,8,0.6211,"получил 116,695 KZT от 2 плательщиков (2 переводов), исходящих нет; колено 1, обходом не обрезан",1,False,2,0,116695.0,0.0,2,0,0.0,False,1,0.0,0.000316,,0.0,0,False,0.0,False
100000002606567100,peripheral,0.2,0,0.3261,"получает от 1 (14,095), отправляет 1 (53,000); ниже порогов ролей",1,False,1,1,14095.0,53000.0,1,1,3.7602,False,1,2e-05,0.00029,-1.0,0.0,0,False,0.0,False
100000002609774100,peripheral,0.2,9,0.3143,"получает от 1 (7,700), отправляет 1 (27,500); ниже порогов ролей",1,False,1,1,7700.0,27500.0,1,1,3.5714,False,1,0.000284,0.000288,-12.0,0.0,0,False,0.0,False
100000002611334100,peripheral,0.2,0,0.4449,"получает от 1 (48,288), отправляет 1 (15,500); ниже порогов ролей",3,False,1,1,48288.0,15500.0,1,1,0.321,False,0,2e-05,0.000307,27.0,0.0,0,False,0.0,False
100000002612809100,peripheral,0.2,32,0.4335,"получает от 1 (30,000), отправляет 3 (114,000); ниже порогов ролей",3,False,1,3,30000.0,114000.0,2,4,3.8,False,0,2e-06,0.00043,-3.0,0.0,0,True,0.0,False
100000002613776100,peripheral,0.2,2,0.3287,"получает от 1 (30,000), отправляет 0 (0); ниже порогов ролей",2,False,1,0,30000.0,0.0,2,0,0.0,False,0,0.0,0.000303,,0.0,0,False,0.0,False
100000002613929100,peripheral,0.2,3,0.3828,"получает от 1 (28,560), отправляет 0 (0); ниже порогов ролей",3,False,1,0,28560.0,0.0,1,0,0.0,False,0,0.0,0.000784,,0.0,0,False,0.0,False
100000002614095100,peripheral,0.2,55,0.1748,"получает от 1 (5,300), отправляет 0 (0); ниже порогов ролей",3,False,1,0,5300.0,0.0,1,0,0.0,False,0,0.0,0.000288,,0.0,1,False,0.0,False
100000002615479100,peripheral,0.2,3,0.5101,"получает от 1 (220,000), отправляет 0 (0); ниже порогов ролей",1,False,1,0,220000.0,0.0,1,0,0.0,False,1,0.0,0.000311,,0.0,0,False,0.0,False
100000002618492100,terminal,0.3,8,0.6948,"получил 296,500 KZT от 2 плательщиков (2 переводов), исходящих нет; колено 1, обходом не обрезан",1,False,2,0,296500.0,0.0,2,0,0.0,False,1,0.0,0.000371,,0.0,0,False,0.0,False
100000002621434100,peripheral,0.2,3,0.3798,"получает от 1 (81,000), отправляет 0 (0); ниже порогов ролей",3,False,1,0,81000.0,0.0,1,0,0.0,False,0,0.0,0.000291,,0.0,0,False,0.0,False
100000002621915100,peripheral,0.2,1,0.2572,"получает от 1 (5,000), отправляет 0 (0); ниже порогов ролей",2,False,1,0,5000.0,0.0,1,0,0.0,False,0,0.0,0.000534,,0.0,0,False,0.0,False
100000002621949100,peripheral,0.2,2,0.4981,"получает от 1 (164,612), отправляет 0 (0); ниже порогов ролей",1,False,1,0,164612.0,0.0,1,0,0.0,False,1,0.0,0.00032,,0.0,0,False,0.0,False
100000002622822100,peripheral,0.2,14,0.1764,"обход остановлен на 4-м колене: получил 750,000 от 1; профиль как у конечного получателя (сумма не меньше, чем у 98% подтверждённых стоков) — запросить 5-е колено",4,False,1,0,750000.0,0.0,1,0,0.0,True,0,0.0,0.000912,,0.0,0,False,0.9212,True
100000002628146100,peripheral,0.2,28,0.3473,"получает от 1 (30,500), отправляет 0 (0); ниже порогов ролей",2,False,1,0,30500.0,0.0,2,0,0.0,False,0,0.0,0.000321,,0.0,0,False,0.0,False
100000002628576100,peripheral,0.2,4,0.7227,"получает от 2 (727,882), отправляет 2 (539,000); ниже порогов ролей",3,False,2,2,727882.0,539000.0,3,2,0.7405,False,0,3.9e-05,0.000313,6.0,0.0,0,False,0.0,False
100000002632742100,terminal,0.3,3,0.6387,"получил 235,500 KZT от 2 плательщиков (2 переводов), исходящих нет; колено 3, обходом не обрезан",3,False,2,0,235500.0,0.0,2,0,0.0,False,0,0.0,0.000319,,0.0,0,False,0.0,False
100000002633108100,peripheral,0.2,12,0.5254,"получает от 1 (320,000), отправляет 0 (0); ниже порогов ролей",3,False,1,0,320000.0,0.0,3,0,0.0,False,0,0.0,0.000378,,0.0,0,False,0.0,False
100000002633701100,peripheral,0.2,3,0.4942,"получает от 1 (266,850), отправляет 0 (0); ниже порогов ролей",2,False,1,0,266850.0,0.0,1,0,0.0,False,0,0.0,0.000312,,0.0,0,False,0.0,False
100000002635746100,peripheral,0.2,15,0.0548,"обход остановлен на 4-м колене: получил 5,300 от 1; ниже порогов конечного получателя (сумма не меньше, чем у 1% подтверждённых стоков), сток не подтверждён",4,False,1,0,5300.0,0.0,1,0,0.0,True,0,0.0,0.00029,,0.0,0,False,0.4411,False
100000002635780100,peripheral,0.2,5,0.5061,"получает от 1 (163,000), отправляет 0 (0); ниже порогов ролей",2,False,1,0,163000.02,0.0,1,0,0.0,False,0,0.0,0.000558,,0.0,0,False,0.0,False
100000002644285100,terminal,0.3,7,0.5681,"получил 500,000 KZT от 1 плательщиков (1 переводов), исходящих нет; колено 3, обходом не обрезан",3,False,1,0,500000.0,0.0,1,0,0.0,False,0,0.0,0.000311,,0.0,0,False,0.0,False
100000002645046100,peripheral,0.2,15,0.069,"обход остановлен на 4-м колене: получил 12,000 от 1; ниже порогов конечного получателя (сумма не меньше, чем у 10% подтверждённых стоков), сток не подтверждён",4,False,1,0,12000.0,0.0,1,0,0.0,True,0,0.0,0.000293,,0.0,0,False,0.4861,False
100000002645609100,consolidator,0.3,0,0.8016,"получает от 4 плательщиков (546,821 KZT, из них 1 seed), отдаёт дальше 0%",1,False,4,0,546820.68,0.0,5,0,0.0,False,1,0.0,0.000357,,0.0,0,False,0.0,False
100000002645993100,peripheral,0.2,0,0.5489,"получает от 2 (49,650), отправляет 5 (86,980); ниже порогов ролей",3,False,2,5,49650.0,86980.0,4,9,1.7519,False,0,9.5e-05,0.000295,0.0,1.0,0,True,0.0,False
100000002646745100,peripheral,0.2,55,0.2134,"получает от 1 (12,300), отправляет 0 (0); ниже порогов ролей",3,False,1,0,12300.0,0.0,1,0,0.0,False,0,0.0,0.000289,,0.0,1,False,0.0,False
100000002646887100,peripheral,0.2,3,0.2964,"получает от 1 (24,354), отправляет 0 (0); ниже порогов ролей",3,False,1,0,24354.0,0.0,1,0,0.0,False,0,0.0,0.000297,,0.0,0,False,0.0,False
100000002648315100,peripheral,0.2,5,0.5168,"получает от 1 (132,000), отправляет 2 (76,000); ниже порогов ролей",1,False,1,2,132000.0,76000.0,1,3,0.5758,False,1,0.0,0.000294,4.0,0.0,0,False,0.0,False
100000002653187100,peripheral,0.2,10,0.0909,"обход остановлен на 4-м колене: получил 15,000 от 1; ниже порогов конечного получателя (сумма не меньше, чем у 15% подтверждённых стоков), сток не подтверждён",4,False,1,0,15000.0,0.0,1,0,0.0,True,0,0.0,0.000475,,0.0,0,False,0.5079,False
100000002653948100,peripheral,0.2,4,0.3763,"получает от 1 (85,200), отправляет 0 (0); ниже порогов ролей",3,False,1,0,85200.0,0.0,1,0,0.0,False,0,0.0,0.00029,,0.0,0,False,0.0,False
100000002659103100,peripheral,0.2,38,0.1443,"обход остановлен на 4-м колене: получил 165,000 от 1; ниже порогов конечного получателя (сумма не меньше, чем у 79% подтверждённых стоков), сток не подтверждён",4,False,1,0,165000.0,0.0,1,0,0.0,True,0,0.0,0.000351,,0.0,0,False,0.8267,False
100000002659265100,peripheral,0.2,3,0.1384,"обход остановлен на 4-м колене: получил 141,000 от 1; ниже порогов конечного получателя (сумма не меньше, чем у 76% подтверждённых стоков), сток не подтверждён",4,False,1,0,141000.0,0.0,1,0,0.0,True,0,0.0,0.000321,,0.0,0,False,0.8132,False
100000002660298100,peripheral,0.2,9,0.0977,"обход остановлен на 4-м колене: получил 30,900 от 1; ниже порогов конечного получателя (сумма не меньше, чем у 40% подтверждённых стоков), сток не подтверждён",4,False,1,0,30900.0,0.0,1,0,0.0,True,0,0.0,0.000298,,0.0,0,False,0.6325,False
100000002662768100,peripheral,0.2,2,0.4428,"получает от 1 (84,300), отправляет 0 (0); ниже порогов ролей",1,False,1,0,84300.0,0.0,1,0,0.0,False,1,0.0,0.000308,,0.0,0,False,0.0,False
100000002663511100,peripheral,0.2,0,0.4939,"получает от 1 (268,940), отправляет 0 (0); ниже порогов ролей",3,False,1,0,268940.0,0.0,1,0,0.0,False,0,0.0,0.000311,,0.0,0,False,0.0,False
100000002666248100,peripheral,0.2,2,0.4236,"получает от 1 (70,032), отправляет 0 (0); ниже порогов ролей",1,False,1,0,70032.0,0.0,1,0,0.0,False,1,0.0,0.000301,,0.0,0,False,0.0,False
100000002670463100,peripheral,0.2,15,0.1006,"обход остановлен на 4-м колене: получил 31,500 от 1; ниже порогов конечного получателя (сумма не меньше, чем у 40% подтверждённых стоков), сток не подтверждён",4,False,1,0,31500.0,0.0,1,0,0.0,True,0,0.0,0.000304,,0.0,0,False,0.6362,False
100000002670860100,terminal,0.3,7,0.6913,"получил 450,000 KZT от 2 плательщиков (2 переводов), исходящих нет; колено 1, обходом не обрезан",1,False,2,0,450000.0,0.0,2,0,0.0,False,1,0.0,0.00031,,0.0,0,False,0.0,False
100000002670960100,peripheral,0.2,7,0.5196,"получает от 1 (480,310), отправляет 0 (0); ниже порогов ролей",3,False,1,0,480310.0,0.0,1,0,0.0,False,0,0.0,0.00031,,0.0,0,False,0.0,False
100000002671326100,peripheral,0.2,3,0.1761,"обход остановлен на 4-м колене: получил 1,050,000 от 1; профиль как у конечного получателя (сумма не меньше, чем у 99% подтверждённых стоков) — запросить 5-е колено",4,False,1,0,1050000.0,0.0,2,0,0.0,True,0,0.0,0.000632,,0.0,0,False,0.9286,True
100000002671806100,peripheral,0.2,10,0.2428,"получает от 1 (12,440), отправляет 0 (0); ниже порогов ролей",1,False,1,0,12440.0,0.0,1,0,0.0,False,1,0.0,0.000289,,0.0,0,False,0.0,False
100000002677201100,peripheral,0.2,3,0.5392,"получает от 1 (150,000), отправляет 1 (87,750); ниже порогов ролей",3,False,1,1,150000.0,87750.0,1,1,0.585,False,0,2.2e-05,0.00031,9.0,0.0,0,False,0.0,False
100000002679516100,terminal,0.5,10,0.6385,"получил 102,335 KZT от 3 плательщиков (3 переводов), исходящих нет; колено 1, обходом не обрезан",1,False,3,0,102335.0,0.0,3,0,0.0,False,1,0.0,0.000328,,0.0,0,False,0.0,False
100000002680477100,peripheral,0.2,7,0.2986,"получает от 1 (25,000), отправляет 0 (0); ниже порогов ролей",2,False,1,0,25000.0,0.0,1,0,0.0,False,0,0.0,0.000296,,0.0,0,False,0.0,False
100000002681449100,peripheral,0.2,35,0.6082,"получает от 2 (94,638), отправляет 2 (133,000); ниже порогов ролей",1,False,2,2,94638.0,133000.0,2,2,1.4054,False,1,1.8e-05,0.000296,0.0,0.0977,0,False,0.0,False
100000002681544100,terminal,0.3,5,0.6238,"получил 166,072 KZT от 2 плательщиков (2 переводов), исходящих нет; колено 3, обходом не обрезан",3,False,2,0,166072.0,0.0,2,0,0.0,False,0,0.0,0.000337,,0.0,0,False,0.0,False
100000002686226100,peripheral,0.2,13,0.1693,"обход остановлен на 4-м колене: получил 430,000 от 1; ниже порогов конечного получателя (сумма не меньше, чем у 92% подтверждённых стоков), сток не подтверждён",4,False,1,0,430000.0,0.0,2,0,0.0,True,0,0.0,0.000657,,0.0,0,False,0.8962,False
100000002689717100,peripheral,0.2,9,0.1103,"обход остановлен на 4-м колене: получил 47,500 от 1; ниже порогов конечного получателя (сумма не меньше, чем у 52% подтверждённых стоков), сток не подтверждён",4,False,1,0,47500.0,0.0,1,0,0.0,True,0,0.0,0.000305,,0.0,0,False,0.6918,False
100000002691583100,peripheral,0.2,23,0.5165,"получает от 1 (285,200), отправляет 0 (0); ниже порогов ролей",3,False,1,0,285200.0,0.0,1,0,0.0,False,0,0.0,0.000359,,0.0,0,False,0.0,False
100000002691858100,peripheral,0.2,28,0.4007,"получает от 1 (51,500), отправляет 0 (0); ниже порогов ролей",2,False,1,0,51500.0,0.0,1,0,0.0,False,0,0.0,0.000344,,0.0,0,False,0.0,False
100000002692044100,peripheral,0.2,10,0.4487,"получает от 1 (97,000), отправляет 0 (0); ниже порогов ролей",1,False,1,0,97000.0,0.0,1,0,0.0,False,1,0.0,0.000303,,0.0,0,False,0.0,False
100000002692750100,peripheral,0.2,5,0.6988,"получает от 3 (112,830), отправляет 1 (77,000); ниже порогов ролей",2,False,3,1,112830.0,77000.0,3,8,0.6824,False,0,2e-05,0.002038,-6.0,0.0,0,True,0.0,False
100000002695812100,peripheral,0.2,9,0.1308,"обход остановлен на 4-м колене: получил 95,000 от 1; ниже порогов конечного получателя (сумма не меньше, чем у 69% подтверждённых стоков), сток не подтверждён",4,False,1,0,95000.0,0.0,1,0,0.0,True,0,0.0,0.000323,,0.0,0,False,0.7776,False
100000002696152100,peripheral,0.2,8,0.4434,"получает от 1 (21,800), отправляет 2 (69,000); ниже порогов ролей",3,False,1,2,21800.0,69000.0,3,8,3.1651,False,0,2.2e-05,0.001211,1.0,0.1449,0,True,0.0,False
100000002697752100,terminal,0.3,6,0.6303,"получил 190,785 KZT от 2 плательщиков (2 переводов), исходящих нет; колено 3, обходом не обрезан",3,False,2,0,190785.0,0.0,2,0,0.0,False,0,0.0,0.000331,,0.0,0,False,0.0,False
100000002700161100,peripheral,0.2,41,0.1227,"обход остановлен на 4-м колене: получил 39,000 от 1; ниже порогов конечного получателя (сумма не меньше, чем у 45% подтверждённых стоков), сток не подтверждён",4,False,1,0,39000.0,0.0,1,0,0.0,True,0,0.0,0.000906,,0.0,0,False,0.6608,False
100000002702968100,peripheral,0.2,9,0.0984,"обход остановлен на 4-м колене: получил 31,600 от 1; ниже порогов конечного получателя (сумма не меньше, чем у 41% подтверждённых стоков), сток не подтверждён",4,False,1,0,31600.0,0.0,1,0,0.0,True,0,0.0,0.000299,,0.0,0,False,0.6367,False
100000002703376100,peripheral,0.2,0,0.3451,"получает от 1 (46,501), отправляет 0 (0); ниже порогов ролей",2,False,1,0,46501.0,0.0,1,0,0.0,False,0,0.0,0.000294,,0.0,0,False,0.0,False
100000002704875100,terminal,0.5,6,0.6862,"получил 244,891 KZT от 3 плательщиков (4 переводов), исходящих нет; колено 1, обходом не обрезан",1,False,3,0,244891.0,0.0,4,0,0.0,False,1,0.0,0.000316,,0.0,0,False,0.0,False
100000002705460100,peripheral,0.2,1,0.4709,"получает от 1 (95,000), отправляет 0 (0); ниже порогов ролей",3,False,1,0,95000.0,0.0,1,0,0.0,False,0,0.0,0.00056,,0.0,0,False,0.0,False
100000002706810100,peripheral,0.2,15,0.11,"обход остановлен на 4-м колене: получил 45,000 от 1; ниже порогов конечного получателя (сумма не меньше, чем у 50% подтверждённых стоков), сток не подтверждён",4,False,1,0,45000.0,0.0,1,0,0.0,True,0,0.0,0.000311,,0.0,0,False,0.6816,False
100000002707106100,peripheral,0.2,12,0.0665,"обход остановлен на 4-м колене: получил 15,000 от 1; ниже порогов конечного получателя (сумма не меньше, чем у 15% подтверждённых стоков), сток не подтверждён",4,False,1,0,15000.0,0.0,2,0,0.0,True,0,0.0,0.000288,,0.0,0,False,0.5079,False
100000002708624100,peripheral,0.2,22,0.3301,"получает от 1 (25,000), отправляет 0 (0); ниже порогов ролей",3,False,1,0,25000.0,0.0,1,0,0.0,False,0,0.0,0.00033,,0.0,0,False,0.0,False
100000002710570100,peripheral,0.2,26,0.5239,"получает от 1 (225,015), отправляет 0 (0); ниже порогов ролей",2,False,1,0,225015.0,0.0,1,0,0.0,False,0,0.0,0.000541,,0.0,0,False,0.0,False
100000002712416100,terminal,0.3,7,0.5826,"получил 116,800 KZT от 2 плательщиков (2 переводов), исходящих нет; колено 3, обходом не обрезан",3,False,2,0,116800.0,0.0,2,0,0.0,False,0,0.0,0.000304,,0.0,0,False,0.0,False
100000002713074100,peripheral,0.2,13,0.7379,"получает от 2 (700,000), отправляет 1 (430,000); ниже порогов ролей",3,False,2,1,700000.0,430000.0,2,2,0.6143,False,0,2e-05,0.000436,12.0,0.0,0,False,0.0,False
100000002713974100,peripheral,0.2,6,0.1174,"обход остановлен на 4-м колене: получил 50,000 от 1; ниже порогов конечного получателя (сумма не меньше, чем у 54% подтверждённых стоков), сток не подтверждён",4,False,1,0,50000.0,0.0,1,0,0.0,True,0,0.0,0.000331,,0.0,0,False,0.7043,False
100000002718366100,consolidator,0.65,3,0.8279,"получает от 6 плательщиков (2,525,000 KZT, из них 0 seed), отдаёт дальше 0%",2,False,6,0,2525000.0,0.0,10,0,0.0,False,0,0.0,0.000684,,0.0,0,False,0.0,False
100000002720627100,peripheral,0.2,8,0.5089,"получает от 1 (199,300), отправляет 0 (0); ниже порогов ролей",1,False,1,0,199300.0,0.0,1,0,0.0,False,1,0.0,0.000317,,0.0,0,False,0.0,False
100000002721825100,peripheral,0.2,0,0.2927,"получает от 1 (11,000), отправляет 0 (0); ниже порогов ролей",2,False,1,0,11000.0,0.0,1,0,0.0,False,0,0.0,0.000534,,0.0,0,False,0.0,False
100000002722108100,terminal,0.6,7,0.5907,"получил 800,000 KZT от 1 плательщиков (2 переводов), исходящих нет; колено 3, обходом не обрезан",3,False,1,0,800000.0,0.0,2,0,0.0,False,0,0.0,0.000325,,0.0,0,False,0.0,False
100000002723439100,peripheral,0.2,8,0.0992,"обход остановлен на 4-м колене: получил 18,000 от 1; ниже порогов конечного получателя (сумма не меньше, чем у 21% подтверждённых стоков), сток не подтверждён",4,False,1,0,18000.0,0.0,2,0,0.0,True,0,0.0,0.000556,,0.0,0,False,0.5398,False
100000002723538100,distributor,0.3,2,0.7333,"рассылает 12 получателям 560,499 KZT, средний перевод 40,036; получает от 3",2,False,3,12,105647.0,560499.0,3,14,5.3054,False,0,0.000296,0.000322,-8.0,0.0928,0,True,0.0,False
100000002723674100,peripheral,0.2,18,0.1042,"обход остановлен на 4-м колене: получил 30,000 от 1; ниже порогов конечного получателя (сумма не меньше, чем у 39% подтверждённых стоков), сток не подтверждён",4,False,1,0,30000.0,0.0,1,0,0.0,True,0,0.0,0.000329,,0.0,0,False,0.6307,False
100000002726055100,peripheral,0.2,18,0.0787,"обход остановлен на 4-м колене: получил 10,000 от 1; ниже порогов конечного получателя (сумма не меньше, чем у 8% подтверждённых стоков), сток не подтверждён",4,False,1,0,10000.0,0.0,1,0,0.0,True,0,0.0,0.000342,,0.0,0,False,0.4754,False
100000002727288100,peripheral,0.2,1,0.2985,"получает от 1 (16,000), отправляет 0 (0); ниже порогов ролей",3,False,1,0,16000.0,0.0,1,0,0.0,False,0,0.0,0.000368,,0.0,0,False,0.0,False
100000002728246100,peripheral,0.2,4,0.0863,"обход остановлен на 4-м колене: получил 10,000 от 1; ниже порогов конечного получателя (сумма не меньше, чем у 8% подтверждённых стоков), сток не подтверждён",4,False,1,0,10000.0,0.0,1,0,0.0,True,0,0.0,0.000541,,0.0,0,False,0.4754,False
100000002729875100,peripheral,0.2,9,0.1246,"обход остановлен на 4-м колене: получил 76,000 от 1; ниже порогов конечного получателя (сумма не меньше, чем у 64% подтверждённых стоков), сток не подтверждён",4,False,1,0,76000.0,0.0,1,0,0.0,True,0,0.0,0.000315,,0.0,0,False,0.753,False
100000002731501100,peripheral,0.2,63,0.7789,"получает от 3 (570,370), отправляет 7 (833,960); ниже порогов ролей",1,False,3,7,570370.0,833960.0,7,20,1.4621,False,1,5e-06,0.000488,-10.0,0.024,2,True,0.0,False
100000002733083100,peripheral,0.2,9,0.0732,"обход остановлен на 4-м колене: получил 15,200 от 1; ниже порогов конечного получателя (сумма не меньше, чем у 15% подтверждённых стоков), сток не подтверждён",4,False,1,0,15200.0,0.0,1,0,0.0,True,0,0.0,0.000293,,0.0,0,False,0.5083,False
100000002733905100,peripheral,0.2,57,0.6787,"получает от 3 (100,000), отправляет 2 (717,839); ниже порогов ролей",2,False,3,2,100000.0,717839.0,5,3,7.1784,False,0,2e-06,0.002938,7.0,0.0,1,True,0.0,False
100000002734815100,peripheral,0.2,3,0.1325,"обход остановлен на 4-м колене: получил 110,000 от 1; ниже порогов конечного получателя (сумма не меньше, чем у 72% подтверждённых стоков), сток не подтверждён",4,False,1,0,110000.0,0.0,1,0,0.0,True,0,0.0,0.000314,,0.0,0,False,0.7952,False
100000002736033100,peripheral,0.2,13,0.4037,"получает от 1 (34,530), отправляет 1 (11,000); ниже порогов ролей",3,False,1,1,34530.0,11000.0,1,1,0.3186,False,0,2e-05,0.000296,20.0,0.0,0,False,0.0,False
100000002736316100,terminal,0.5,0,0.6815,"получил 266,921 KZT от 3 плательщиков (3 переводов), исходящих нет; колено 3, обходом не обрезан",3,False,3,0,266921.0,0.0,3,0,0.0,False,0,0.0,0.000386,,0.0,0,False,0.0,False
100000002737980100,peripheral,0.2,1,0.3259,"получает от 1 (32,900), отправляет 0 (0); ниже порогов ролей",3,False,1,0,32900.0,0.0,1,0,0.0,False,0,0.0,0.000297,,0.0,0,False,0.0,False
100000002738256100,transit,0.7248,78,0.5501,"получил 150,200, отправил 175,000 (117%); 100% ушло в течение 2 дней после прихода",2,False,1,1,150200.0,175000.0,1,1,1.1651,False,0,0.0,0.00051,1.0,1.0,9,True,0.0,False
100000002741024100,peripheral,0.2,27,0.8218,"получает от 5 (817,981), отправляет 6 (434,989); ниже порогов ролей",2,False,5,6,817980.85,434989.0,9,7,0.5318,False,0,0.000121,0.002881,-2.0,0.0,0,True,0.0,False
100000002742067100,peripheral,0.2,1,0.225,"получает от 1 (12,730), отправляет 0 (0); ниже порогов ролей",2,False,1,0,12730.0,0.0,1,0,0.0,False,0,0.0,0.000291,,0.0,0,False,0.0,False
100000002744581100,peripheral,0.2,5,0.2676,"получает от 1 (12,000), отправляет 0 (0); ниже порогов ролей",2,False,1,0,12000.0,0.0,1,0,0.0,False,0,0.0,0.000326,,0.0,0,False,0.0,False
100000002748040100,peripheral,0.2,9,0.0785,"обход остановлен на 4-м колене: получил 18,000 от 1; ниже порогов конечного получателя (сумма не меньше, чем у 21% подтверждённых стоков), сток не подтверждён",4,False,1,0,18000.0,0.0,1,0,0.0,True,0,0.0,0.000294,,0.0,0,False,0.5398,False
100000002748180100,peripheral,0.2,7,0.2941,"получает от 1 (9,900), отправляет 8 (679,743); ниже порогов ролей",1,False,1,8,9900.0,679743.0,1,9,68.6609,False,1,9e-06,0.000288,-7.0,0.2648,0,False,0.0,False
100000002748511100,peripheral,0.2,1,0.1024,"обход остановлен на 4-м колене: получил 20,000 от 1; ниже порогов конечного получателя (сумма не меньше, чем у 25% подтверждённых стоков), сток не подтверждён",4,False,1,0,20000.0,0.0,1,0,0.0,True,0,0.0,0.00057,,0.0,0,False,0.5575,False
100000002748532100,peripheral,0.2,14,0.7268,"получает от 3 (355,575), отправляет 2 (646,685); ниже порогов ролей",2,False,3,2,355575.0,646685.0,3,7,1.8187,False,0,3.2e-05,0.000341,4.0,0.0,0,False,0.0,False
100000002748581100,peripheral,0.2,12,0.3464,"получает от 1 (41,180), отправляет 0 (0); ниже порогов ролей",3,False,1,0,41180.0,0.0,1,0,0.0,False,0,0.0,0.000299,,0.0,0,False,0.0,False
100000002748761100,terminal,0.5936,7,0.5904,"получил 796,800 KZT от 1 плательщиков (3 переводов), исходящих нет; колено 3, обходом не обрезан",3,False,1,0,796800.0,0.0,3,0,0.0,False,0,0.0,0.000325,,0.0,0,False,0.0,False
100000002750332100,peripheral,0.2,3,0.2356,"получает от 1 (11,360), отправляет 0 (0); ниже порогов ролей",1,False,1,0,11360.0,0.0,1,0,0.0,False,1,0.0,0.000288,,0.0,0,False,0.0,False
100000002750956100,peripheral,0.2,0,0.3807,"получает от 1 (47,416), отправляет 0 (0); ниже порогов ролей",1,False,1,0,47416.0,0.0,1,0,0.0,False,1,0.0,0.000296,,0.0,0,False,0.0,False
100000002752565100,peripheral,0.2,6,0.1221,"обход остановлен на 4-м колене: получил 57,000 от 1; ниже порогов конечного получателя (сумма не меньше, чем у 59% подтверждённых стоков), сток не подтверждён",4,False,1,0,57000.0,0.0,1,0,0.0,True,0,0.0,0.00034,,0.0,0,False,0.7266,False
100000002753146100,terminal,0.6071,7,0.5909,"получил 803,540 KZT от 1 плательщиков (3 переводов), исходящих нет; колено 3, обходом не обрезан",3,False,1,0,803540.0,0.0,3,0,0.0,False,0,0.0,0.000325,,0.0,0,False,0.0,False
100000002755292100,peripheral,0.2,4,0.4528,"получает от 1 (203,400), отправляет 0 (0); ниже порогов ролей",3,False,1,0,203400.0,0.0,1,0,0.0,False,0,0.0,0.000293,,0.0,0,False,0.0,False
100000002757240100,peripheral,0.2,2,0.3904,"получает от 1 (51,183), отправляет 0 (0); ниже порогов ролей",2,False,1,0,51183.0,0.0,1,0,0.0,False,0,0.0,0.000318,,0.0,0,False,0.0,False
100000002757791100,peripheral,0.2,5,0.4091,"получает от 1 (73,050), отправляет 0 (0); ниже порогов ролей",3,False,1,0,73050.0,0.0,1,0,0.0,False,0,0.0,0.000312,,0.0,0,False,0.0,False
100000002757797100,peripheral,0.2,10,0.453,"получает от 1 (100,000), отправляет 0 (0); ниже порогов ролей",1,False,1,0,100000.0,0.0,1,0,0.0,False,1,0.0,0.000304,,0.0,0,False,0.0,False
100000002760175100,peripheral,0.2,8,0.5033,"получает от 1 (187,410), отправляет 0 (0); ниже порогов ролей",1,False,1,0,187410.0,0.0,1,0,0.0,False,1,0.0,0.000315,,0.0,0,False,0.0,False
100000002762076100,consolidator,0.3,5,0.764,"получает от 2 плательщиков (140,350 KZT, из них 2 seed), отдаёт дальше 21%",1,False,2,1,140350.0,30000.0,2,1,0.2138,False,2,0.0,0.0003,-4.0,0.0,0,False,0.0,False
100000002769809100,peripheral,0.2,16,0.4651,"получает от 1 (113,422), отправляет 0 (0); ниже порогов ролей",3,False,1,0,113422.0,0.0,1,0,0.0,False,0,0.0,0.000379,,0.0,0,False,0.0,False
100000002773323100,peripheral,0.2,3,0.6911,"получает от 2 (285,000), отправляет 1 (1,171,644); ниже порогов ролей",3,False,2,1,285000.0,1171644.0,2,2,4.111,False,0,2.2e-05,0.000327,15.0,0.0,0,False,0.0,False
100000002774456100,peripheral,0.2,8,0.3876,"получает от 1 (50,363), отправляет 0 (0); ниже порогов ролей",1,False,1,0,50363.0,0.0,1,0,0.0,False,1,0.0,0.000295,,0.0,0,False,0.0,False
100000002778085100,peripheral,0.2,1,0.4054,"получает от 1 (66,208), отправляет 0 (0); ниже порогов ролей",1,False,1,0,66208.0,0.0,1,0,0.0,False,1,0.0,0.000294,,0.0,0,False,0.0,False
100000002779485100,peripheral,0.2,6,0.4652,"получает от 1 (91,000), отправляет 0 (0); ниже порогов ролей",2,False,1,0,91000.0,0.0,2,0,0.0,False,0,0.0,0.000549,,0.0,0,False,0.0,False
100000002781227100,peripheral,0.2,50,0.7585,"получает от 2 (191,168), отправляет 3 (212,420); ниже порогов ролей",1,False,2,3,191167.62,212420.0,8,10,1.1112,False,1,0.000135,0.002337,11.0,0.0,0,True,0.0,False
100000002784085100,peripheral,0.2,3,0.503,"получает от 1 (200,000), отправляет 0 (0); ниже порогов ролей",1,False,1,0,200000.0,0.0,1,0,0.0,False,1,0.0,0.000308,,0.0,0,False,0.0,False
100000002791494100,peripheral,0.2,9,0.1276,"обход остановлен на 4-м колене: получил 85,860 от 1; ниже порогов конечного получателя (сумма не меньше, чем у 66% подтверждённых стоков), сток не подтверждён",4,False,1,0,85860.0,0.0,1,0,0.0,True,0,0.0,0.000319,,0.0,0,False,0.7651,False
100000002793851100,peripheral,0.2,1,0.235,"получает от 1 (11,052), отправляет 0 (0); ниже порогов ролей",1,False,1,0,11052.0,0.0,1,0,0.0,False,1,0.0,0.000288,,0.0,0,False,0.0,False
100000002793881100,terminal,0.5712,3,0.7218,"получил 785,600 KZT от 3 плательщиков (3 переводов), исходящих нет; колено 3, обходом не обрезан",3,False,3,0,785600.0,0.0,3,0,0.0,False,0,0.0,0.000377,,0.0,0,False,0.0,False
100000002794197100,peripheral,0.2,5,0.3211,"получает от 1 (30,100), отправляет 0 (0); ниже порогов ролей",1,False,1,0,30100.0,0.0,1,0,0.0,False,1,0.0,0.000289,,0.0,0,False,0.0,False
100000002794374100,peripheral,0.2,7,0.1383,"обход остановлен на 4-м колене: получил 111,000 от 1; ниже порогов конечного получателя (сумма не меньше, чем у 72% подтверждённых стоков), сток не подтверждён",4,False,1,0,111000.0,0.0,1,0,0.0,True,0,0.0,0.000365,,0.0,0,False,0.7956,False
100000002796853100,peripheral,0.2,50,0.534,"получает от 1 (199,000), отправляет 1 (46,168); ниже порогов ролей",2,False,1,1,199000.0,46167.62,8,5,0.232,False,0,0.0,0.00215,0.0,0.4332,0,True,0.0,False
100000002799941100,terminal,0.3,16,0.5994,"получил 600,000 KZT от 1 плательщиков (1 переводов), исходящих нет; колено 3, обходом не обрезан",3,False,1,0,600000.0,0.0,1,0,0.0,False,0,0.0,0.00039,,0.0,0,False,0.0,False
100000002807334100,peripheral,0.2,4,0.3431,"получает от 1 (54,715), отправляет 0 (0); ниже порогов ролей",3,False,1,0,54715.0,0.0,1,0,0.0,False,0,0.0,0.000289,,0.0,0,False,0.0,False
100000002809568100,peripheral,0.2,0,0.2292,"получает от 1 (10,000), отправляет 0 (0); ниже порогов ролей",1,False,1,0,10000.0,0.0,1,0,0.0,False,1,0.0,0.000289,,0.0,0,False,0.0,False
100000002809896100,peripheral,0.2,9,0.3438,"получает от 1 (38,000), отправляет 0 (0); ниже порогов ролей",3,False,1,0,38000.0,0.0,1,0,0.0,False,0,0.0,0.000301,,0.0,0,False,0.0,False
100000002810870100,peripheral,0.2,56,0.3483,"получает от 1 (33,677), отправляет 0 (0); ниже порогов ролей",1,False,1,0,33677.0,0.0,1,0,0.0,False,1,0.0,0.000294,,0.0,1,False,0.0,False
100000002812641100,transit,0.504,3,0.3623,"получил 10,000, отправил 7,024 (70%); 100% ушло в течение 2 дней после прихода",2,False,1,1,10000.0,7023.95,1,1,0.7024,False,0,0.0,0.002099,1.0,1.0,0,True,0.0,False
100000002815005100,peripheral,0.2,3,0.5272,"получает от 1 (476,500), отправляет 0 (0); ниже порогов ролей",3,False,1,0,476500.0,0.0,1,0,0.0,False,0,0.0,0.00032,,0.0,0,False,0.0,False
100000002818726100,peripheral,0.2,11,0.2185,"получает от 1 (10,879), отправляет 0 (0); ниже порогов ролей",3,False,1,0,10879.0,0.0,1,0,0.0,False,0,0.0,0.000291,,0.0,0,False,0.0,False
100000002820010100,peripheral,0.2,5,0.3071,"получает от 1 (30,000), отправляет 0 (0); ниже порогов ролей",2,False,1,0,30000.0,0.0,1,0,0.0,False,0,0.0,0.000293,,0.0,0,False,0.0,False
100000002821425100,peripheral,0.2,7,0.4819,"получает от 1 (275,000), отправляет 0 (0); ниже порогов ролей",3,False,1,0,275000.0,0.0,1,0,0.0,False,0,0.0,0.0003,,0.0,0,False,0.0,False
100000002822472100,terminal,0.3,7,0.6414,"получил 266,722 KZT от 2 плательщиков (2 переводов), исходящих нет; колено 3, обходом не обрезан",3,False,2,0,266722.0,0.0,2,0,0.0,False,0,0.0,0.000314,,0.0,0,False,0.0,False
100000002824176100,peripheral,0.2,5,0.4979,"получает от 1 (144,000), отправляет 0 (0); ниже порогов ролей",1,False,1,0,144000.0,0.0,1,0,0.0,False,1,0.0,0.00034,,0.0,0,False,0.0,False
100000002826669100,peripheral,0.2,0,0.4936,"получает от 1 (159,900), отправляет 0 (0); ниже порогов ролей",2,False,1,0,159900.0,0.0,4,0,0.0,False,0,0.0,0.000478,,0.0,0,False,0.0,False
100000002830055100,peripheral,0.2,56,0.2521,"получает от 1 (14,000), отправляет 0 (0); ниже порогов ролей",1,False,1,0,14000.0,0.0,1,0,0.0,False,1,0.0,0.00029,,0.0,1,False,0.0,False
100000002831727100,peripheral,0.2,16,0.272,"получает от 1 (6,000), отправляет 1 (77,000); ниже порогов ролей",2,False,1,1,6000.0,77000.0,1,3,12.8333,False,0,2e-05,0.000292,2.0,0.1299,0,False,0.0,False
100000002832753100,peripheral,0.2,1,0.0934,"обход остановлен на 4-м колене: получил 12,500 от 1; ниже порогов конечного получателя (сумма не меньше, чем у 11% подтверждённых стоков), сток не подтверждён",4,False,1,0,12500.0,0.0,1,0,0.0,True,0,0.0,0.000758,,0.0,0,False,0.4898,False
100000002835874100,peripheral,0.2,3,0.1113,"обход остановлен на 4-м колене: получил 58,700 от 1; ниже порогов конечного получателя (сумма не меньше, чем у 59% подтверждённых стоков), сток не подтверждён",4,False,1,0,58700.0,0.0,1,0,0.0,True,0,0.0,0.000295,,0.0,0,False,0.7294,False
100000002836052100,peripheral,0.2,6,0.2671,"получает от 1 (15,000), отправляет 0 (0); ниже порогов ролей",2,False,1,0,15000.0,0.0,1,0,0.0,False,0,0.0,0.000307,,0.0,0,False,0.0,False
100000002836736100,terminal,0.3,5,0.7295,"получил 509,000 KZT от 2 плательщиков (2 переводов), исходящих нет; колено 1, обходом не обрезан",1,False,2,0,509000.0,0.0,2,0,0.0,False,1,0.0,0.000454,,0.0,0,False,0.0,False
100000002838519100,peripheral,0.2,12,0.3575,"получает от 1 (46,900), отправляет 0 (0); ниже порогов ролей",3,False,1,0,46900.0,0.0,1,0,0.0,False,0,0.0,0.0003,,0.0,0,False,0.0,False
100000002838861100,consolidator,0.457,3,0.9515,"получает от 5 плательщиков (554,524 KZT, из них 2 seed), отдаёт дальше 2%",1,False,5,1,554523.95,10000.0,5,1,0.018,False,2,2e-05,0.002145,9.0,0.0,0,True,0.0,False
100000002842321100,peripheral,0.2,4,0.4303,"получает от 1 (160,000), отправляет 0 (0); ниже порогов ролей",3,False,1,0,160000.0,0.0,1,0,0.0,False,0,0.0,0.000292,,0.0,0,False,0.0,False
100000002842337100,peripheral,0.2,5,0.401,"получает от 1 (50,000), отправляет 0 (0); ниже порогов ролей",2,False,1,0,50000.0,0.0,1,0,0.0,False,0,0.0,0.000368,,0.0,0,False,0.0,False
100000002844652100,peripheral,0.2,5,0.3872,"получает от 1 (61,360), отправляет 0 (0); ниже порогов ролей",1,False,1,0,61360.0,0.0,1,0,0.0,False,1,0.0,0.00029,,0.0,0,False,0.0,False
100000002844897100,peripheral,0.2,3,0.2335,"получает от 1 (10,800), отправляет 0 (0); ниже порогов ролей",1,False,1,0,10800.0,0.0,1,0,0.0,False,1,0.0,0.000288,,0.0,0,False,0.0,False
100000002845605100,peripheral,0.2,0,0.4054,"получает от 1 (57,567), отправляет 0 (0); ниже порогов ролей",1,False,1,0,57567.0,0.0,1,0,0.0,False,1,0.0,0.000298,,0.0,0,False,0.0,False
100000002847207100,peripheral,0.2,2,0.3778,"получает от 1 (46,243), отправляет 0 (0); ниже порогов ролей",1,False,1,0,46243.0,0.0,1,0,0.0,False,1,0.0,0.000296,,0.0,0,False,0.0,False
100000002849158100,peripheral,0.2,3,0.7501,"получает от 3 (723,000), отправляет 1 (1,313,000); ниже порогов ролей",3,False,3,1,723000.0,1313000.0,3,3,1.816,False,0,2.3e-05,0.000338,-6.0,0.5506,0,False,0.0,False
100000002852402100,peripheral,0.2,1,0.4014,"получает от 1 (55,000), отправляет 0 (0); ниже порогов ролей",2,False,1,0,55000.0,0.0,1,0,0.0,False,0,0.0,0.000328,,0.0,0,False,0.0,False
100000002858835100,peripheral,0.2,56,0.3121,"получает от 1 (24,400), отправляет 0 (0); ниже порогов ролей",1,False,1,0,24400.0,0.0,1,0,0.0,False,1,0.0,0.000292,,0.0,1,False,0.0,False
100000002860934100,peripheral,0.2,24,0.1623,"обход остановлен на 4-м колене: получил 279,500 от 1; ниже порогов конечного получателя (сумма не меньше, чем у 88% подтверждённых стоков), сток не подтверждён",4,False,1,0,279500.0,0.0,4,0,0.0,True,0,0.0,0.000584,,0.0,0,False,0.8716,False
100000002861485100,peripheral,0.2,1,0.3211,"получает от 1 (29,323), отправляет 0 (0); ниже порогов ролей",1,False,1,0,29323.0,0.0,1,0,0.0,False,1,0.0,0.00029,,0.0,0,False,0.0,False
100000002862113100,peripheral,0.2,12,0.3603,"получает от 1 (47,405), отправляет 0 (0); ниже порогов ролей",3,False,1,0,47405.0,0.0,2,0,0.0,False,0,0.0,0.0003,,0.0,0,False,0.0,False
100000002863356100,peripheral,0.2,57,0.4252,"получает от 1 (45,000), отправляет 1 (20,000); ниже порогов ролей",2,False,1,1,45000.0,20000.0,1,1,0.4444,False,0,1e-06,0.000302,-2.0,0.0,1,False,0.0,False
100000002864256100,peripheral,0.2,2,0.4809,"получает от 1 (135,780), отправляет 0 (0); ниже порогов ролей",1,False,1,0,135780.0,0.0,1,0,0.0,False,1,0.0,0.000314,,0.0,0,False,0.0,False
100000002864680100,peripheral,0.2,10,0.4008,"получает от 1 (55,932), отправляет 0 (0); ниже порогов ролей",1,False,1,0,55932.0,0.0,1,0,0.0,False,1,0.0,0.000296,,0.0,0,False,0.0,False
100000002870463100,peripheral,0.2,5,0.7353,"получает от 3 (207,000), отправляет 1 (10,000); ниже порогов ролей",2,False,3,1,207000.0,10000.0,4,1,0.0483,False,0,2e-05,0.001955,14.0,0.0,0,True,0.0,False
100000002870937100,peripheral,0.2,5,0.4124,"получает от 1 (83,700), отправляет 0 (0); ниже порогов ролей",1,False,1,0,83700.0,0.0,1,0,0.0,False,1,0.0,0.000292,,0.0,0,False,0.0,False
100000002871199100,peripheral,0.2,12,0.282,"получает от 1 (23,186), отправляет 0 (0); ниже порогов ролей",3,False,1,0,23186.0,0.0,1,0,0.0,False,0,0.0,0.000293,,0.0,0,False,0.0,False
100000002872399100,terminal,1.0,5,0.6348,"получил 1,090,000 KZT от 1 плательщиков (9 переводов), исходящих нет; колено 3, обходом не обрезан",3,False,1,0,1090000.0,0.0,9,0,0.0,False,0,0.0,0.000709,,0.0,0,False,0.0,False
100000002876914100,peripheral,0.2,15,0.069,"обход остановлен на 4-м колене: получил 12,000 от 1; ниже порогов конечного получателя (сумма не меньше, чем у 10% подтверждённых стоков), сток не подтверждён",4,False,1,0,12000.0,0.0,1,0,0.0,True,0,0.0,0.000293,,0.0,0,False,0.4861,False
100000002877262100,peripheral,0.2,3,0.4215,"получает от 1 (100,000), отправляет 0 (0); ниже порогов ролей",3,False,1,0,100000.0,0.0,1,0,0.0,False,0,0.0,0.000301,,0.0,0,False,0.0,False
100000002878467100,terminal,0.3,3,0.6274,"получил 200,000 KZT от 2 плательщиков (2 переводов), исходящих нет; колено 3, обходом не обрезан",3,False,2,0,200000.0,0.0,2,0,0.0,False,0,0.0,0.000316,,0.0,0,False,0.0,False
100000002878483100,peripheral,0.2,15,0.0565,"обход остановлен на 4-м колене: получил 6,000 от 1; ниже порогов конечного получателя (сумма не меньше, чем у 2% подтверждённых стоков), сток не подтверждён",4,False,1,0,6000.0,0.0,1,0,0.0,True,0,0.0,0.00029,,0.0,0,False,0.4448,False
100000002881669100,peripheral,0.2,10,0.2773,"получает от 1 (18,600), отправляет 0 (0); ниже порогов ролей",1,False,1,0,18600.0,0.0,1,0,0.0,False,1,0.0,0.00029,,0.0,0,False,0.0,False
100000002883402100,terminal,0.5,3,0.6548,"получил 300,000 KZT от 3 плательщиков (3 переводов), исходящих нет; колено 3, обходом не обрезан",3,False,3,0,300000.0,0.0,3,0,0.0,False,0,0.0,0.000302,,0.0,0,False,0.0,False
100000002884708100,peripheral,0.2,3,0.1756,"обход остановлен на 4-м колене: получил 1,171,644 от 1; профиль как у конечного получателя (сумма не меньше, чем у 99% подтверждённых стоков) — запросить 5-е колено",4,False,1,0,1171644.0,0.0,2,0,0.0,True,0,0.0,0.000565,,0.0,0,False,0.93,True
100000002886166100,peripheral,0.2,62,0.4807,"получает от 1 (185,000), отправляет 0 (0); ниже порогов ролей",3,False,1,0,185000.0,0.0,3,0,0.0,False,0,0.0,0.000326,,0.0,2,False,0.0,False
100000002890167100,peripheral,0.2,1,0.4578,"получает от 1 (118,150), отправляет 0 (0); ниже порогов ролей",1,False,1,0,118150.0,0.0,1,0,0.0,False,1,0.0,0.0003,,0.0,0,False,0.0,False
100000002891765100,peripheral,0.2,12,0.3835,"получает от 1 (55,576), отправляет 0 (0); ниже порогов ролей",3,False,1,0,55576.0,0.0,1,0,0.0,False,0,0.0,0.000303,,0.0,0,False,0.0,False
100000002893020100,peripheral,0.2,9,0.2636,"получает от 1 (18,340), отправляет 0 (0); ниже порогов ролей",3,False,1,0,18340.0,0.0,1,0,0.0,False,0,0.0,0.000294,,0.0,0,False,0.0,False
100000002894076100,consolidator,0.3,5,0.849,"получает от 4 плательщиков (1,122,782 KZT, из них 2 seed), отдаёт дальше 0%",1,False,4,0,1122782.0,0.0,6,0,0.0,False,2,0.0,0.000384,,0.0,0,False,0.0,False
100000002896506100,peripheral,0.2,4,0.111,"обход остановлен на 4-м колене: получил 45,000 от 1; ниже порогов конечного получателя (сумма не меньше, чем у 50% подтверждённых стоков), сток не подтверждён",4,False,1,0,45000.0,0.0,1,0,0.0,True,0,0.0,0.000315,,0.0,0,False,0.6816,False
100000002901457100,peripheral,0.2,0,0.6213,"получает от 1 (340,000), отправляет 3 (119,000); ниже порогов ролей",3,False,1,3,340000.0,119000.0,1,3,0.35,False,0,7.7e-05,0.000376,-6.0,0.0,0,False,0.0,False
100000002904919100,peripheral,0.2,0,0.4411,"получает от 1 (60,325), отправляет 1 (5,500); ниже порогов ролей",3,False,1,1,60325.0,5500.0,1,1,0.0912,False,0,2e-05,0.000292,-1.0,0.0,0,False,0.0,False
100000002906470100,peripheral,0.2,16,0.4465,"получает от 1 (130,000), отправляет 0 (0); ниже порогов ролей",3,False,1,0,130000.0,0.0,1,0,0.0,False,0,0.0,0.000309,,0.0,0,False,0.0,False
100000002908521100,peripheral,0.2,55,0.3396,"получает от 1 (44,500), отправляет 0 (0); ниже порогов ролей",3,False,1,0,44500.0,0.0,1,0,0.0,False,0,0.0,0.000294,,0.0,1,False,0.0,False
100000002911170100,peripheral,0.2,25,0.5093,"получает от 1 (300,000), отправляет 0 (0); ниже порогов ролей",2,False,1,0,300000.0,0.0,2,0,0.0,False,0,0.0,0.000324,,0.0,0,False,0.0,False
100000002913340100,peripheral,0.2,55,0.2735,"получает от 1 (23,600), отправляет 0 (0); ниже порогов ролей",3,False,1,0,23600.0,0.0,1,0,0.0,False,0,0.0,0.000291,,0.0,1,False,0.0,False
100000002914245100,peripheral,0.2,19,0.4356,"получает от 1 (140,611), отправляет 0 (0); ниже порогов ролей",3,False,1,0,140611.0,0.0,1,0,0.0,False,0,0.0,0.000297,,0.0,0,False,0.0,False
100000002916006100,peripheral,0.2,17,0.0346,"seed: отправляет 1 получателям 32,000; входящие занижены выгрузкой, пропуск не интерпретируется",0,True,0,1,0.0,32000.0,0,1,,False,0,0.0,0.000287,,0.0,0,False,0.0,False
100000002921047100,peripheral,0.2,5,0.7227,"получает от 2 (338,000), отправляет 1 (163,000); ниже порогов ролей",1,False,2,1,338000.0,163000.02,2,1,0.4822,False,1,2.2e-05,0.000318,17.0,0.0,0,False,0.0,False
100000002922000100,peripheral,0.2,38,0.1646,"обход остановлен на 4-м колене: получил 448,000 от 1; ниже порогов конечного получателя (сумма не меньше, чем у 93% подтверждённых стоков), сток не подтверждён",4,False,1,0,448000.0,0.0,1,0,0.0,True,0,0.0,0.000462,,0.0,0,False,0.8985,False
100000002926970100,peripheral,0.2,9,0.424,"получает от 1 (85,000), отправляет 0 (0); ниже порогов ролей",3,False,1,0,85000.0,0.0,1,0,0.0,False,0,0.0,0.000319,,0.0,0,False,0.0,False
100000002933386100,peripheral,0.2,2,0.4004,"получает от 1 (15,000), отправляет 1 (58,000); ниже порогов ролей",3,False,1,1,15000.0,58000.0,1,1,3.8667,False,0,2e-05,0.000656,-14.0,0.0,0,False,0.0,False
100000002934441100,terminal,0.3,0,0.5648,"получил 60,846 KZT от 2 плательщиков (2 переводов), исходящих нет; колено 1, обходом не обрезан",1,False,2,0,60845.6,0.0,2,0,0.0,False,1,0.0,0.000304,,0.0,0,False,0.0,False
100000002936322100,terminal,0.5743,19,0.7026,"получил 787,133 KZT от 2 плательщиков (2 переводов), исходящих нет; колено 3, обходом не обрезан",3,False,2,0,787133.0,0.0,2,0,0.0,False,0,0.0,0.000368,,0.0,0,False,0.0,False
100000002938501100,peripheral,0.2,1,0.2881,"получает от 1 (8,395), отправляет 1 (5,000); ниже порогов ролей",1,False,1,1,8395.0,5000.0,1,1,0.5956,False,1,1.8e-05,0.000288,-2.0,0.0,0,False,0.0,False
100000002939838100,terminal,0.5,1,0.747,"получил 571,233 KZT от 3 плательщиков (3 переводов), исходящих нет; колено 1, обходом не обрезан",1,False,3,0,571233.0,0.0,3,0,0.0,False,1,0.0,0.000402,,0.0,0,False,0.0,False
100000002941114100,peripheral,0.2,8,0.716,"получает от 2 (128,510), отправляет 1 (15,000); ниже порогов ролей",1,False,2,1,128510.0,15000.0,15,1,0.1167,False,1,2.1e-05,0.00184,19.0,0.0,0,True,0.0,False
100000002943472100,peripheral,0.2,3,0.4661,"получает от 1 (170,000), отправляет 0 (0); ниже порогов ролей",3,False,1,0,170000.0,0.0,1,0,0.0,False,0,0.0,0.000311,,0.0,0,False,0.0,False
100000002945031100,peripheral,0.2,11,0.2407,"получает от 1 (15,000), отправляет 0 (0); ниже порогов ролей",3,False,1,0,15000.0,0.0,1,0,0.0,False,0,0.0,0.000292,,0.0,0,False,0.0,False
100000002945626100,terminal,0.5,3,0.707,"получил 584,000 KZT от 3 плательщиков (3 переводов), исходящих нет; колено 3, обходом не обрезан",3,False,3,0,584000.0,0.0,3,0,0.0,False,0,0.0,0.000339,,0.0,0,False,0.0,False
100000002947299100,peripheral,0.2,2,0.4322,"получает от 1 (85,000), отправляет 0 (0); ниже порогов ролей",2,False,1,0,85000.0,0.0,1,0,0.0,False,0,0.0,0.000339,,0.0,0,False,0.0,False
100000002948492100,peripheral,0.2,12,0.285,"получает от 1 (23,660), отправляет 0 (0); ниже порогов ролей",3,False,1,0,23660.0,0.0,1,0,0.0,False,0,0.0,0.000294,,0.0,0,False,0.0,False
100000002951898100,peripheral,0.2,12,0.3415,"получает от 1 (39,990), отправляет 0 (0); ниже порогов ролей",3,False,1,0,39990.0,0.0,1,0,0.0,False,0,0.0,0.000298,,0.0,0,False,0.0,False
100000002952631100,peripheral,0.2,1,0.3702,"получает от 1 (48,050), отправляет 0 (0); ниже порогов ролей",1,False,1,0,48050.0,0.0,1,0,0.0,False,1,0.0,0.000292,,0.0,0,False,0.0,False
100000002952756100,peripheral,0.2,7,0.3926,"получает от 1 (47,000), отправляет 0 (0); ниже порогов ролей",3,False,1,0,47000.0,0.0,1,0,0.0,False,0,0.0,0.000369,,0.0,0,False,0.0,False
100000002954780100,peripheral,0.2,3,0.4235,"получает от 1 (133,400), отправляет 0 (0); ниже порогов ролей",3,False,1,0,133400.0,0.0,1,0,0.0,False,0,0.0,0.000294,,0.0,0,False,0.0,False
100000002956769100,terminal,0.68,7,0.7248,"получил 840,000 KZT от 3 плательщиков (3 переводов), исходящих нет; колено 3, обходом не обрезан",3,False,3,0,840000.0,0.0,3,0,0.0,False,0,0.0,0.000386,,0.0,0,False,0.0,False
100000002956779100,peripheral,0.2,2,0.5407,"получает от 1 (411,000), отправляет 0 (0); ниже порогов ролей",3,False,1,0,411000.0,0.0,1,0,0.0,False,0,0.0,0.000405,,0.0,0,False,0.0,False
100000002956898100,terminal,0.3,1,0.6673,"получил 290,240 KZT от 2 плательщиков (2 переводов), исходящих нет; колено 2, обходом не обрезан",2,False,2,0,290240.0,0.0,2,0,0.0,False,0,0.0,0.000378,,0.0,0,False,0.0,False
100000002957306100,consolidator,0.3,8,0.7903,"получает от 2 плательщиков (398,490 KZT, из них 2 seed), отдаёт дальше 0%",1,False,2,0,398490.0,0.0,2,0,0.0,False,2,0.0,0.000357,,0.0,0,False,0.0,False
100000002957787100,coordinator,0.8338,0,0.8111,"связывает 9 кластера; посредничество топ-7 из 2248; получает от 4, отправляет 34; пропуск 1502%",2,False,4,34,84956.0,1276153.96,7,41,15.0214,False,0,0.00435,0.000617,0.0,0.4192,0,True,0.0,False
100000002958139100,peripheral,0.2,3,0.4702,"получает от 1 (209,500), отправляет 0 (0); ниже порогов ролей",3,False,1,0,209500.0,0.0,2,0,0.0,False,0,0.0,0.000302,,0.0,0,False,0.0,False
100000002958286100,peripheral,0.2,3,0.523,"получает от 1 (257,000), отправляет 0 (0); ниже порогов ролей",1,False,1,0,257000.0,0.0,1,0,0.0,False,1,0.0,0.000315,,0.0,0,False,0.0,False
100000002958343100,peripheral,0.2,5,0.6582,"получает от 1 (2,900,000), отправляет 2 (1,390,000); ниже порогов ролей",2,False,1,2,2900000.0,1390000.0,4,17,0.4793,False,0,0.0,0.000632,2.0,0.0576,0,True,0.0,False
100000002958345100,peripheral,0.2,7,0.492,"получает от 1 (307,000), отправляет 0 (0); ниже порогов ролей",3,False,1,0,307000.0,0.0,1,0,0.0,False,0,0.0,0.000302,,0.0,0,False,0.0,False
100000002963189100,peripheral,0.2,12,0.6449,"получает от 1 (490,000), отправляет 7 (5,219,000); ниже порогов ролей",3,False,1,7,490000.0,5219000.0,3,15,10.651,False,0,8.7e-05,0.000426,-10.0,0.0,0,True,0.0,False
100000002964966100,peripheral,0.2,2,0.503,"получает от 1 (200,000), отправляет 0 (0); ниже порогов ролей",2,False,1,0,200000.0,0.0,1,0,0.0,False,0,0.0,0.000397,,0.0,0,False,0.0,False
100000002968096100,peripheral,0.2,6,0.1238,"обход остановлен на 4-м колене: получил 70,000 от 1; ниже порогов конечного получателя (сумма не меньше, чем у 62% подтверждённых стоков), сток не подтверждён",4,False,1,0,70000.0,0.0,1,0,0.0,True,0,0.0,0.000321,,0.0,0,False,0.7442,False
100000002969048100,peripheral,0.2,5,0.4352,"получает от 1 (108,470), отправляет 0 (0); ниже порогов ролей",2,False,1,0,108470.0,0.0,1,0,0.0,False,0,0.0,0.000307,,0.0,0,False,0.0,False
100000002970466100,peripheral,0.2,0,0.348,"получает от 1 (23,317), отправляет 2 (93,000); ниже порогов ролей",3,False,1,2,23317.0,93000.0,1,3,3.9885,False,0,3.9e-05,0.000288,2.0,0.4301,0,False,0.0,False
100000002971593100,peripheral,0.2,4,0.1237,"обход остановлен на 4-м колене: получил 49,050 от 1; ниже порогов конечного получателя (сумма не меньше, чем у 52% подтверждённых стоков), сток не подтверждён",4,False,1,0,49050.0,0.0,1,0,0.0,True,0,0.0,0.000533,,0.0,0,False,0.6937,False
100000002973903100,terminal,0.5,10,0.6228,"получил 92,880 KZT от 3 плательщиков (3 переводов), исходящих нет; колено 1, обходом не обрезан",1,False,3,0,92880.0,0.0,3,0,0.0,False,1,0.0,0.000318,,0.0,0,False,0.0,False
100000002974256100,peripheral,0.2,10,0.2718,"получает от 1 (7,200), отправляет 0 (0); ниже порогов ролей",2,False,1,0,7200.0,0.0,1,0,0.0,False,0,0.0,0.000534,,0.0,0,False,0.0,False
100000002975287100,peripheral,0.2,13,0.2329,"получает от 1 (15,000), отправляет 0 (0); ниже порогов ролей",3,False,1,0,15000.0,0.0,1,0,0.0,False,0,0.0,0.00029,,0.0,0,False,0.0,False
100000002975437100,peripheral,0.2,26,0.5615,"получает от 1 (530,000), отправляет 1 (8,500); ниже порогов ролей",3,False,1,1,530000.0,8500.0,2,1,0.016,False,0,0.0,0.000523,-4.0,0.0,0,True,0.0,False
100000002981489100,peripheral,0.2,4,0.0615,"обход остановлен на 4-м колене: получил 10,000 от 1; ниже порогов конечного получателя (сумма не меньше, чем у 8% подтверждённых стоков), сток не подтверждён",4,False,1,0,10000.0,0.0,1,0,0.0,True,0,0.0,0.00029,,0.0,0,False,0.4754,False
100000002981527100,peripheral,0.2,3,0.488,"получает от 1 (168,000), отправляет 0 (0); ниже порогов ролей",1,False,1,0,168000.0,0.0,1,0,0.0,False,1,0.0,0.000305,,0.0,0,False,0.0,False
100000002982252100,peripheral,0.2,56,0.2952,"получает от 1 (20,320), отправляет 0 (0); ниже порогов ролей",1,False,1,0,20320.0,0.0,1,0,0.0,False,1,0.0,0.000291,,0.0,1,False,0.0,False
100000002983426100,peripheral,0.2,9,0.4275,"получает от 1 (88,945), отправляет 0 (0); ниже порогов ролей",3,False,1,0,88945.0,0.0,1,0,0.0,False,0,0.0,0.00032,,0.0,0,False,0.0,False
100000002983879100,terminal,0.3,2,0.6438,"получил 200,050 KZT от 2 плательщиков (2 переводов), исходящих нет; колено 2, обходом не обрезан",2,False,2,0,200050.0,0.0,2,0,0.0,False,0,0.0,0.00036,,0.0,0,False,0.0,False
100000002984403100,peripheral,0.2,22,0.3858,"получает от 1 (20,000), отправляет 1 (25,000); ниже порогов ролей",3,False,1,1,20000.0,25000.0,1,1,1.25,False,0,2e-05,0.000322,-5.0,0.0,0,False,0.0,False
100000002986245100,peripheral,0.2,15,0.0559,"обход остановлен на 4-м колене: получил 5,750 от 1; ниже порогов конечного получателя (сумма не меньше, чем у 2% подтверждённых стоков), сток не подтверждён",4,False,1,0,5750.0,0.0,1,0,0.0,True,0,0.0,0.00029,,0.0,0,False,0.4421,False
100000002988894100,peripheral,0.2,2,0.6403,"получает от 1 (306,121), отправляет 3 (77,500); ниже порогов ролей",1,False,1,3,306121.0,77500.0,1,3,0.2532,False,1,7.3e-05,0.000348,-18.0,0.3742,0,False,0.0,False
100000002989353100,peripheral,0.2,7,0.5923,"получает от 1 (500,000), отправляет 2 (321,160); ниже порогов ролей",3,False,1,2,500000.0,321160.0,2,2,0.6423,False,0,3e-06,0.000311,5.0,0.0,0,False,0.0,False
100000002990675100,peripheral,0.2,4,0.3374,"получает от 1 (51,143), отправляет 0 (0); ниже порогов ролей",3,False,1,0,51143.0,0.0,1,0,0.0,False,0,0.0,0.000289,,0.0,0,False,0.0,False
100000002991079100,peripheral,0.2,1,0.6918,"получает от 2 (148,900), отправляет 1 (11,000); ниже порогов ролей",1,False,2,1,148900.0,11000.0,3,1,0.0739,False,1,2e-05,0.000397,0.0,1.0,0,False,0.0,False
100000002992171100,peripheral,0.2,56,0.2548,"получает от 1 (14,627), отправляет 0 (0); ниже порогов ролей",1,False,1,0,14627.0,0.0,1,0,0.0,False,1,0.0,0.00029,,0.0,1,False,0.0,False
100000002994441100,peripheral,0.2,6,0.0787,"обход остановлен на 4-м колене: получил 5,000 от 1; ниже порогов конечного получателя (сумма не меньше, чем у 1% подтверждённых стоков), сток не подтверждён",4,False,1,0,5000.0,0.0,1,0,0.0,True,0,0.0,0.000556,,0.0,0,False,0.4397,False
100000002999140100,peripheral,0.2,10,0.0633,"обход остановлен на 4-м колене: получил 10,000 от 1; ниже порогов конечного получателя (сумма не меньше, чем у 8% подтверждённых стоков), сток не подтверждён",4,False,1,0,10000.0,0.0,2,0,0.0,True,0,0.0,0.000291,,0.0,0,False,0.4754,False
100000003001138100,peripheral,0.2,24,0.1027,"обход остановлен на 4-м колене: получил 30,000 от 1; ниже порогов конечного получателя (сумма не меньше, чем у 39% подтверждённых стоков), сток не подтверждён",4,False,1,0,30000.0,0.0,1,0,0.0,True,0,0.0,0.000319,,0.0,0,False,0.6307,False
100000003001564100,peripheral,0.2,1,0.37,"получает от 1 (23,520), отправляет 1 (180,000); ниже порогов ролей",1,False,1,1,23520.0,180000.0,1,1,7.6531,False,1,2e-05,0.000289,5.0,0.0,0,False,0.0,False
100000003001661100,peripheral,0.2,24,0.5763,"получает от 1 (110,000), отправляет 5 (439,500); ниже порогов ролей",3,False,1,5,110000.0,439500.0,1,8,3.9955,False,0,8.5e-05,0.000549,3.0,0.0,0,True,0.0,False
100000003003821100,peripheral,0.2,2,0.3884,"получает от 1 (40,000), отправляет 0 (0); ниже порогов ролей",2,False,1,0,40000.0,0.0,1,0,0.0,False,0,0.0,0.00044,,0.0,0,False,0.0,False
100000003004487100,peripheral,0.2,26,0.7424,"получает от 4 (183,703), отправляет 2 (265,015); ниже порогов ролей",1,False,4,2,183702.8,265015.0,9,3,1.4426,False,1,0.000196,0.000352,14.0,0.0,0,True,0.0,False
100000003005167100,peripheral,0.2,15,0.0586,"обход остановлен на 4-м колене: получил 7,000 от 1; ниже порогов конечного получателя (сумма не меньше, чем у 3% подтверждённых стоков), сток не подтверждён",4,False,1,0,7000.0,0.0,1,0,0.0,True,0,0.0,0.000291,,0.0,0,False,0.4504,False
100000003006633100,peripheral,0.2,30,0.2236,"получает от 1 (10,000), отправляет 0 (0); ниже порогов ролей",3,False,1,0,10000.0,0.0,1,0,0.0,False,0,0.0,0.000295,,0.0,0,False,0.0,False
100000003009900100,peripheral,0.2,9,0.2484,"получает от 1 (15,998), отправляет 0 (0); ниже порогов ролей",3,False,1,0,15998.0,0.0,1,0,0.0,False,0,0.0,0.000293,,0.0,0,False,0.0,False
100000003010908100,peripheral,0.2,9,0.0921,"обход остановлен на 4-м колене: получил 17,000 от 1; ниже порогов конечного получателя (сумма не меньше, чем у 18% подтверждённых стоков), сток не подтверждён",4,False,1,0,17000.0,0.0,1,0,0.0,True,0,0.0,0.000401,,0.0,0,False,0.5241,False
100000003014659100,peripheral,0.2,8,0.5355,"получает от 1 (280,000), отправляет 0 (0); ниже порогов ролей",1,False,1,0,280000.0,0.0,1,0,0.0,False,1,0.0,0.00033,,0.0,0,False,0.0,False
100000003016438100,peripheral,0.2,3,0.5654,"получает от 1 (200,000), отправляет 1 (300,000); ниже порогов ролей",3,False,1,1,200000.0,300000.0,1,3,1.5,False,0,2.2e-05,0.000318,-9.0,0.6667,0,False,0.0,False
100000003016635100,distributor,1.0,1,0.4459,"рассылает 73 получателям 9,414,081 KZT, средний перевод 62,345; получает от 8; seed",0,True,8,73,586981.0,9414081.0,36,151,16.0381,False,0,0.007339,0.001195,-1.0,0.0723,0,True,0.0,False
100000003016773100,peripheral,0.2,3,0.3748,"получает от 1 (46,555), отправляет 0 (0); ниже порогов ролей",2,False,1,0,46555.0,0.0,1,0,0.0,False,0,0.0,0.000316,,0.0,0,False,0.0,False
100000003022835100,peripheral,0.2,2,0.4749,"получает от 1 (125,000), отправляет 0 (0); ниже порогов ролей",1,False,1,0,125000.0,0.0,1,0,0.0,False,1,0.0,0.000312,,0.0,0,False,0.0,False
100000003024542100,peripheral,0.2,2,0.2441,"получает от 1 (8,500), отправляет 0 (0); ниже порогов ролей",2,False,1,0,8500.0,0.0,1,0,0.0,False,0,0.0,0.000319,,0.0,0,False,0.0,False
100000003025903100,peripheral,0.2,4,0.1641,"обход остановлен на 4-м колене: получил 386,300 от 1; ниже порогов конечного получателя (сумма не меньше, чем у 91% подтверждённых стоков), сток не подтверждён",4,False,1,0,386300.0,0.0,6,0,0.0,True,0,0.0,0.000529,,0.0,0,False,0.8911,False
100000003031003100,terminal,0.5,7,0.662,"получил 280,090 KZT от 3 плательщиков (3 переводов), исходящих нет; колено 3, обходом не обрезан",3,False,3,0,280090.0,0.0,3,0,0.0,False,0,0.0,0.000313,,0.0,0,False,0.0,False
100000003031633100,peripheral,0.2,3,0.5186,"получает от 1 (414,000), отправляет 0 (0); ниже порогов ролей",3,False,1,0,414000.0,0.0,2,0,0.0,False,0,0.0,0.000316,,0.0,0,False,0.0,False
100000003031761100,peripheral,0.2,19,0.5259,"получает от 1 (460,408), отправляет 0 (0); ниже порогов ролей",3,False,1,0,460408.0,0.0,1,0,0.0,False,0,0.0,0.00032,,0.0,0,False,0.0,False
100000003031890100,peripheral,0.2,63,0.5064,"получает от 1 (215,000), отправляет 0 (0); ниже порогов ролей",2,False,1,0,215000.0,0.0,10,0,0.0,False,0,0.0,0.000394,,0.0,2,False,0.0,False
100000003034546100,peripheral,0.2,3,0.5334,"получает от 1 (486,715), отправляет 0 (0); ниже порогов ролей",2,False,1,0,486715.0,0.0,2,0,0.0,False,0,0.0,0.000333,,0.0,0,False,0.0,False
100000003035737100,peripheral,0.2,4,0.7355,"получает от 2 (809,170), отправляет 1 (6,545); ниже порогов ролей",3,False,2,1,809170.0,6544.53,3,1,0.0081,False,0,2e-05,0.00038,9.0,0.0,0,False,0.0,False
100000003036198100,peripheral,0.2,2,0.226,"получает от 1 (15,000), отправляет 0 (0); ниже порогов ролей",2,False,1,0,15000.0,0.0,1,0,0.0,False,0,0.0,0.000289,,0.0,0,False,0.0,False
100000003037476100,peripheral,0.2,3,0.1997,"обход остановлен на 4-м колене: получил 555,000 от 3; профиль как у конечного получателя (сумма не меньше, чем у 96% подтверждённых стоков) — запросить 5-е колено",4,False,3,0,555000.0,0.0,3,0,0.0,True,0,0.0,0.000361,,0.0,0,False,0.9704,True
100000003037660100,peripheral,0.2,2,0.3987,"получает от 1 (53,000), отправляет 0 (0); ниже порогов ролей",1,False,1,0,53000.0,0.0,1,0,0.0,False,1,0.0,0.000298,,0.0,0,False,0.0,False
100000003039473100,peripheral,0.2,1,0.31,"получает от 1 (23,000), отправляет 0 (0); ниже порогов ролей",2,False,1,0,23000.0,0.0,1,0,0.0,False,0,0.0,0.000314,,0.0,0,False,0.0,False
100000003040087100,peripheral,0.2,9,0.0948,"обход остановлен на 4-м колене: получил 29,000 от 1; ниже порогов конечного получателя (сумма не меньше, чем у 37% подтверждённых стоков), сток не подтверждён",4,False,1,0,29000.0,0.0,1,0,0.0,True,0,0.0,0.000298,,0.0,0,False,0.62,False
100000003042994100,peripheral,0.2,1,0.5314,"получает от 1 (286,086), отправляет 0 (0); ниже порогов ролей",1,False,1,0,286086.0,0.0,3,0,0.0,False,1,0.0,0.000318,,0.0,0,False,0.0,False
100000003044431100,terminal,0.3,2,0.535,"получил 60,000 KZT от 2 плательщиков (2 переводов), исходящих нет; колено 2, обходом не обрезан",2,False,2,0,60000.0,0.0,2,0,0.0,False,0,0.0,0.000304,,0.0,0,False,0.0,False
100000003044518100,peripheral,0.2,5,0.3293,"получает от 1 (34,423), отправляет 0 (0); ниже порогов ролей",1,False,1,0,34423.0,0.0,1,0,0.0,False,1,0.0,0.000289,,0.0,0,False,0.0,False
100000003047800100,peripheral,0.2,7,0.0844,"обход остановлен на 4-м колене: получил 12,212 от 1; ниже порогов конечного получателя (сумма не меньше, чем у 11% подтверждённых стоков), сток не подтверждён",4,False,1,0,12212.0,0.0,1,0,0.0,True,0,0.0,0.000376,,0.0,0,False,0.4866,False
100000003050771100,peripheral,0.2,11,0.506,"получает от 1 (229,000), отправляет 0 (0); ниже порогов ролей",3,False,1,0,229000.0,0.0,1,0,0.0,False,0,0.0,0.000372,,0.0,0,False,0.0,False
100000003054328100,peripheral,0.2,7,0.5316,"получает от 1 (140,000), отправляет 2 (193,720); ниже порогов ролей",2,False,1,2,140000.0,193720.0,1,2,1.3837,False,0,1e-06,0.000337,0.0,0.9639,0,False,0.0,False
100000003057225100,peripheral,0.2,1,0.5158,"получает от 1 (236,000), отправляет 0 (0); ниже порогов ролей",1,False,1,0,236000.0,0.0,1,0,0.0,False,1,0.0,0.000312,,0.0,0,False,0.0,False
100000003060187100,peripheral,0.2,16,0.417,"получает от 1 (93,046), отправляет 0 (0); ниже порогов ролей",3,False,1,0,93046.0,0.0,1,0,0.0,False,0,0.0,0.000303,,0.0,0,False,0.0,False
100000003060517100,peripheral,0.2,13,0.5225,"получает от 1 (315,955), отправляет 0 (0); ниже порогов ролей",3,False,1,0,315955.0,0.0,1,0,0.0,False,0,0.0,0.000363,,0.0,0,False,0.0,False
100000003061115100,peripheral,0.2,0,0.1217,"обход остановлен на 4-м колене: получил 45,000 от 1; ниже порогов конечного получателя (сумма не меньше, чем у 50% подтверждённых стоков), сток не подтверждён",4,False,1,0,45000.0,0.0,1,0,0.0,True,0,0.0,0.000536,,0.0,0,False,0.6816,False
100000003062895100,terminal,0.3,3,0.6768,"получил 328,444 KZT от 2 плательщиков (2 переводов), исходящих нет; колено 2, обходом не обрезан",2,False,2,0,328444.0,0.0,2,0,0.0,False,0,0.0,0.000409,,0.0,0,False,0.0,False
100000003066385100,terminal,0.3,0,0.4427,"получил 20,000 KZT от 2 плательщиков (2 переводов), исходящих нет; колено 1, обходом не обрезан",1,False,2,0,20000.0,0.0,2,0,0.0,False,1,0.0,0.000293,,0.0,0,False,0.0,False
100000003068941100,peripheral,0.2,0,0.6331,"получает от 3 (94,000), отправляет 1 (25,000); ниже порогов ролей",2,False,3,1,94000.0,25000.0,3,2,0.266,False,0,2e-05,0.000322,4.0,0.0,0,False,0.0,False
100000003069463100,peripheral,0.2,23,0.2938,"получает от 1 (11,500), отправляет 1 (17,920); ниже порогов ролей",3,False,1,1,11500.0,17920.0,1,1,1.5583,False,0,2e-05,0.00029,9.0,0.0,0,False,0.0,False
100000003071649100,peripheral,0.2,3,0.4535,"получает от 1 (189,500), отправляет 0 (0); ниже порогов ролей",3,False,1,0,189500.0,0.0,1,0,0.0,False,0,0.0,0.000297,,0.0,0,False,0.0,False
100000003071930100,peripheral,0.2,3,0.7743,"получает от 3 (477,610), отправляет 1 (5,000); ниже порогов ролей",1,False,3,1,477610.0,5000.0,4,1,0.0105,False,1,4.4e-05,0.00035,8.0,0.0,0,False,0.0,False
100000003072205100,peripheral,0.2,3,0.1712,"обход остановлен на 4-м колене: получил 163,000 от 2; профиль как у конечного получателя (сумма не меньше, чем у 78% подтверждённых стоков) — запросить 5-е колено",4,False,2,0,163000.0,0.0,2,0,0.0,True,0,0.0,0.00032,,0.0,0,False,0.8698,True
100000003072676100,peripheral,0.2,13,0.3185,"получает от 1 (31,545), отправляет 0 (0); ниже порогов ролей",3,False,1,0,31545.0,0.0,1,0,0.0,False,0,0.0,0.000295,,0.0,0,False,0.0,False
100000003073398100,peripheral,0.2,5,0.4191,"получает от 1 (92,960), отправляет 0 (0); ниже порогов ролей",2,False,1,0,92960.0,0.0,1,0,0.0,False,0,0.0,0.000305,,0.0,0,False,0.0,False
100000003073635100,peripheral,0.2,6,0.4493,"получает от 1 (129,231), отправляет 0 (0); ниже порогов ролей",3,False,1,0,129231.0,0.0,1,0,0.0,False,0,0.0,0.000313,,0.0,0,False,0.0,False
100000003074515100,peripheral,0.2,3,0.1275,"обход остановлен на 4-м колене: получил 105,000 от 1; ниже порогов конечного получателя (сумма не меньше, чем у 72% подтверждённых стоков), сток не подтверждён",4,False,1,0,105000.0,0.0,1,0,0.0,True,0,0.0,0.000301,,0.0,0,False,0.7929,False
100000003078839100,peripheral,0.2,6,0.081,"обход остановлен на 4-м колене: получил 14,000 от 1; ниже порогов конечного получателя (сумма не меньше, чем у 13% подтверждённых стоков), сток не подтверждён",4,False,1,0,14000.0,0.0,2,0,0.0,True,0,0.0,0.000316,,0.0,0,False,0.4972,False
100000003083865100,peripheral,0.2,9,0.0723,"обход остановлен на 4-м колене: получил 15,000 от 1; ниже порогов конечного получателя (сумма не меньше, чем у 15% подтверждённых стоков), сток не подтверждён",4,False,1,0,15000.0,0.0,1,0,0.0,True,0,0.0,0.000292,,0.0,0,False,0.5079,False
100000003084870100,peripheral,0.2,7,0.074,"обход остановлен на 4-м колене: получил 6,500 от 1; ниже порогов конечного получателя (сумма не меньше, чем у 3% подтверждённых стоков), сток не подтверждён",4,False,1,0,6500.0,0.0,1,0,0.0,True,0,0.0,0.000347,,0.0,0,False,0.4476,False
100000003086040100,peripheral,0.2,0,0.2958,"получает от 1 (10,500), отправляет 0 (0); ниже порогов ролей",2,False,1,0,10500.0,0.0,1,0,0.0,False,0,0.0,0.000551,,0.0,0,False,0.0,False
100000003087877100,peripheral,0.2,19,0.397,"получает от 1 (91,486), отправляет 0 (0); ниже порогов ролей",3,False,1,0,91486.0,0.0,1,0,0.0,False,0,0.0,0.000293,,0.0,0,False,0.0,False
100000003089018100,peripheral,0.2,3,0.4824,"получает от 1 (230,000), отправляет 0 (0); ниже порогов ролей",2,False,1,0,230000.0,0.0,1,0,0.0,False,0,0.0,0.000309,,0.0,0,False,0.0,False
100000003089553100,peripheral,0.2,3,0.4552,"получает от 1 (150,000), отправляет 0 (0); ниже порогов ролей",3,False,1,0,150000.0,0.0,1,0,0.0,False,0,0.0,0.000308,,0.0,0,False,0.0,False
100000003091142100,peripheral,0.2,0,0.1157,"обход остановлен на 4-м колене: получил 40,000 от 1; ниже порогов конечного получателя (сумма не меньше, чем у 46% подтверждённых стоков), сток не подтверждён",4,False,1,0,40000.0,0.0,1,0,0.0,True,0,0.0,0.000412,,0.0,0,False,0.6659,False
100000003093299100,peripheral,0.2,0,0.221,"получает от 1 (15,000), отправляет 0 (0); ниже порогов ролей",3,False,1,0,15000.0,0.0,1,0,0.0,False,0,0.0,0.000288,,0.0,0,False,0.0,False
100000003095610100,peripheral,0.2,9,0.2908,"получает от 1 (23,665), отправляет 0 (0); ниже порогов ролей",3,False,1,0,23665.0,0.0,1,0,0.0,False,0,0.0,0.000296,,0.0,0,False,0.0,False
100000003096787100,peripheral,0.2,9,0.0752,"обход остановлен на 4-м колене: получил 16,400 от 1; ниже порогов конечного получателя (сумма не меньше, чем у 18% подтверждённых стоков), сток не подтверждён",4,False,1,0,16400.0,0.0,1,0,0.0,True,0,0.0,0.000293,,0.0,0,False,0.5213,False
100000003097324100,terminal,0.3,14,0.655,"получил 294,000 KZT от 2 плательщиков (2 переводов), исходящих нет; колено 3, обходом не обрезан",3,False,2,0,294000.0,0.0,2,0,0.0,False,0,0.0,0.000327,,0.0,0,False,0.0,False
100000003097947100,peripheral,0.2,6,0.1184,"обход остановлен на 4-м колене: получил 52,980 от 1; ниже порогов конечного получателя (сумма не меньше, чем у 56% подтверждённых стоков), сток не подтверждён",4,False,1,0,52980.0,0.0,1,0,0.0,True,0,0.0,0.000322,,0.0,0,False,0.7136,False
100000003102157100,peripheral,0.2,0,0.4509,"получает от 1 (96,746), отправляет 0 (0); ниже порогов ролей",1,False,1,0,96746.0,0.0,2,0,0.0,False,1,0.0,0.000305,,0.0,0,False,0.0,False
100000003104347100,peripheral,0.2,20,0.6104,"получает от 1 (418,000), отправляет 1 (32,000); ниже порогов ролей",2,False,1,1,418000.0,32000.0,1,1,0.0766,False,0,2e-05,0.000366,21.0,0.0,0,False,0.0,False
100000003105089100,peripheral,0.2,18,0.0708,"обход остановлен на 4-м колене: получил 10,000 от 1; ниже порогов конечного получателя (сумма не меньше, чем у 8% подтверждённых стоков), сток не подтверждён",4,False,1,0,10000.0,0.0,1,0,0.0,True,0,0.0,0.000301,,0.0,0,False,0.4754,False
100000003105929100,peripheral,0.2,4,0.5795,"получает от 1 (429,567), отправляет 1 (156,354); ниже порогов ролей",3,False,1,1,429567.0,156354.0,2,1,0.364,False,0,2e-05,0.000301,-4.0,0.0,0,False,0.0,False
100000003109805100,peripheral,0.2,13,0.3234,"получает от 1 (36,929), отправляет 0 (0); ниже порогов ролей",3,False,1,0,36929.0,0.0,1,0,0.0,False,0,0.0,0.000293,,0.0,0,False,0.0,False
100000003111305100,consolidator,0.3,5,0.7792,"получает от 4 плательщиков (509,338 KZT, из них 0 seed), отдаёт дальше 0%",3,False,4,0,509338.0,0.0,4,0,0.0,False,0,0.0,0.000405,,0.0,0,False,0.0,False
100000003112436100,peripheral,0.2,1,0.4247,"получает от 1 (100,000), отправляет 0 (0); ниже порогов ролей",2,False,1,0,100000.0,0.0,1,0,0.0,False,0,0.0,0.000303,,0.0,0,False,0.0,False
100000003112578100,peripheral,0.2,7,0.4022,"получает от 1 (101,080), отправляет 0 (0); ниже порогов ролей",3,False,1,0,101080.0,0.0,1,0,0.0,False,0,0.0,0.000292,,0.0,0,False,0.0,False
100000003115284100,consolidator,0.7607,8,0.9903,"получает от 8 плательщиков (2,160,500 KZT, из них 2 seed), отдаёт дальше 24%",1,False,8,2,2160500.0,517000.0,15,4,0.2393,False,2,0.00013,0.001535,-1.0,0.0,0,True,0.0,False
100000003116106100,peripheral,0.2,4,0.5141,"получает от 1 (494,050), отправляет 0 (0); ниже порогов ролей",3,False,1,0,494050.0,0.0,2,0,0.0,False,0,0.0,0.000303,,0.0,0,False,0.0,False
100000003119550100,peripheral,0.2,56,0.297,"получает от 1 (21,000), отправляет 0 (0); ниже порогов ролей",1,False,1,0,21000.0,0.0,1,0,0.0,False,1,0.0,0.000291,,0.0,1,False,0.0,False
100000003122817100,peripheral,0.2,23,0.5431,"получает от 1 (444,680), отправляет 0 (0); ниже порогов ролей",3,False,1,0,444680.0,0.0,1,0,0.0,False,0,0.0,0.000399,,0.0,0,False,0.0,False
100000003123296100,peripheral,0.2,10,0.4368,"получает от 1 (86,200), отправляет 0 (0); ниже порогов ролей",1,False,1,0,86200.0,0.0,2,0,0.0,False,1,0.0,0.000301,,0.0,0,False,0.0,False
100000003125997100,peripheral,0.2,3,0.1387,"обход остановлен на 4-м колене: получил 87,750 от 1; ниже порогов конечного получателя (сумма не меньше, чем у 67% подтверждённых стоков), сток не подтверждён",4,False,1,0,87750.0,0.0,1,0,0.0,True,0,0.0,0.000551,,0.0,0,False,0.7664,False
100000003128638100,peripheral,0.2,3,0.1558,"обход остановлен на 4-м колене: получил 300,000 от 1; ниже порогов конечного получателя (сумма не меньше, чем у 89% подтверждённых стоков), сток не подтверждён",4,False,1,0,300000.0,0.0,1,0,0.0,True,0,0.0,0.00036,,0.0,0,False,0.879,False
100000003131016100,peripheral,0.2,0,0.571,"получает от 1 (405,700), отправляет 1 (126,000); ниже порогов ролей",2,False,1,1,405700.0,126000.0,7,4,0.3106,False,0,0.0,0.001695,-1.0,0.2063,0,True,0.0,False
100000003131693100,peripheral,0.2,2,0.5542,"получает от 1 (353,277), отправляет 0 (0); ниже порогов ролей",1,False,1,0,353277.0,0.0,1,0,0.0,False,1,0.0,0.000358,,0.0,0,False,0.0,False
100000003132484100,peripheral,0.2,3,0.4623,"получает от 1 (90,000), отправляет 0 (0); ниже порогов ролей",3,False,1,0,90000.0,0.0,1,0,0.0,False,0,0.0,0.000541,,0.0,0,False,0.0,False
100000003133045100,peripheral,0.2,42,0.1247,"обход остановлен на 4-м колене: получил 68,000 от 1; ниже порогов конечного получателя (сумма не меньше, чем у 62% подтверждённых стоков), сток не подтверждён",4,False,1,0,68000.0,0.0,1,0,0.0,True,0,0.0,0.000335,,0.0,0,False,0.7414,False
100000003134474100,peripheral,0.2,4,0.4055,"получает от 1 (116,000), отправляет 0 (0); ниже порогов ролей",3,False,1,0,116000.0,0.0,1,0,0.0,False,0,0.0,0.000291,,0.0,0,False,0.0,False
100000003134550100,peripheral,0.2,3,0.1257,"обход остановлен на 4-м колене: получил 100,000 от 1; ниже порогов конечного получателя (сумма не меньше, чем у 71% подтверждённых стоков), сток не подтверждён",4,False,1,0,100000.0,0.0,1,0,0.0,True,0,0.0,0.0003,,0.0,0,False,0.7887,False
100000003134934100,consolidator,0.3,0,0.7666,"получает от 4 плательщиков (379,354 KZT, из них 0 seed), отдаёт дальше 0%",2,False,4,0,379354.0,0.0,4,0,0.0,False,0,0.0,0.000426,,0.0,0,False,0.0,False
100000003134937100,peripheral,0.2,1,0.2326,"получает от 1 (10,286), отправляет 0 (0); ниже порогов ролей",1,False,1,0,10286.0,0.0,1,0,0.0,False,1,0.0,0.000288,,0.0,0,False,0.0,False
100000003146511100,peripheral,0.2,11,0.0747,"обход остановлен на 4-м колене: получил 10,000 от 1; ниже порогов конечного получателя (сумма не меньше, чем у 8% подтверждённых стоков), сток не подтверждён",4,False,1,0,10000.0,0.0,1,0,0.0,True,0,0.0,0.000313,,0.0,0,False,0.4754,False
100000003147719100,peripheral,0.2,3,0.4003,"получает от 1 (100,000), отправляет 0 (0); ниже порогов ролей",3,False,1,0,100000.0,0.0,1,0,0.0,False,0,0.0,0.000292,,0.0,0,False,0.0,False
100000003148220100,peripheral,0.2,82,0.3723,"получает от 1 (5,650), отправляет 2 (43,400); ниже порогов ролей",1,False,1,2,5650.0,43400.0,1,4,7.6814,False,1,0.0,0.000922,-13.0,0.2212,11,True,0.0,False
100000003149149100,peripheral,0.2,4,0.4662,"получает от 1 (245,000), отправляет 0 (0); ниже порогов ролей",3,False,1,0,245000.0,0.0,1,0,0.0,False,0,0.0,0.000295,,0.0,0,False,0.0,False
100000003152964100,peripheral,0.2,6,0.5338,"получает от 1 (141,847), отправляет 1 (5,500); ниже порогов ролей",3,False,1,1,141847.0,5500.0,1,1,0.0388,False,0,2e-05,0.000316,3.0,0.0,0,False,0.0,False
100000003154105100,peripheral,0.2,18,0.5366,"получает от 1 (60,000), отправляет 7 (338,000); ниже порогов ролей",3,False,1,7,60000.0,338000.0,1,9,5.6333,False,0,0.000142,0.000553,0.0,0.1627,0,False,0.0,False
100000003157333100,peripheral,0.2,5,0.3071,"получает от 1 (30,000), отправляет 0 (0); ниже порогов ролей",2,False,1,0,30000.0,0.0,1,0,0.0,False,0,0.0,0.000293,,0.0,0,False,0.0,False
100000003157679100,consolidator,0.3,3,0.7765,"получает от 4 плательщиков (541,000 KZT, из них 0 seed), отдаёт дальше 0%",3,False,4,0,541000.0,0.0,4,0,0.0,False,0,0.0,0.000375,,0.0,0,False,0.0,False
100000003158727100,terminal,0.5,5,0.7053,"получил 367,940 KZT от 3 плательщиков (3 переводов), исходящих нет; колено 1, обходом не обрезан",1,False,3,0,367940.0,0.0,3,0,0.0,False,1,0.0,0.000316,,0.0,0,False,0.0,False
100000003159641100,peripheral,0.2,46,0.6136,"получает от 4 (64,000), отправляет 1 (197,800); ниже порогов ролей",2,False,4,1,64000.0,197800.0,7,1,3.0906,False,0,6e-05,0.000307,10.0,0.0,0,False,0.0,False
100000003163256100,peripheral,0.2,1,0.3194,"получает от 1 (13,485), отправляет 1 (15,000); ниже порогов ролей",1,False,1,1,13485.0,15000.0,1,1,1.1123,False,1,2e-05,0.000288,-5.0,0.0,0,False,0.0,False
100000003163886100,terminal,0.3,44,0.6189,"получил 500,000 KZT от 1 плательщиков (1 переводов), исходящих нет; колено 3, обходом не обрезан",3,False,1,0,500000.0,0.0,1,0,0.0,False,0,0.0,0.000737,,0.0,0,False,0.0,False
100000003164661100,terminal,0.3,68,0.6211,"получил 596,200 KZT от 1 плательщиков (3 переводов), исходящих нет; колено 3, обходом не обрезан",3,False,1,0,596200.0,0.0,3,0,0.0,False,0,0.0,0.000603,,0.0,3,False,0.0,False
100000003166017100,peripheral,0.2,9,0.0723,"обход остановлен на 4-м колене: получил 15,000 от 1; ниже порогов конечного получателя (сумма не меньше, чем у 15% подтверждённых стоков), сток не подтверждён",4,False,1,0,15000.0,0.0,1,0,0.0,True,0,0.0,0.000292,,0.0,0,False,0.5079,False
100000003166755100,peripheral,0.2,2,0.2778,"получает от 1 (24,010), отправляет 0 (0); ниже порогов ролей",2,False,1,0,24010.0,0.0,1,0,0.0,False,0,0.0,0.000291,,0.0,0,False,0.0,False
100000003171006100,terminal,0.3,3,0.6806,"получил 485,000 KZT от 2 плательщиков (2 переводов), исходящих нет; колено 3, обходом не обрезан",3,False,2,0,485000.0,0.0,2,0,0.0,False,0,0.0,0.000336,,0.0,0,False,0.0,False
100000003171587100,peripheral,0.2,4,0.7263,"получает от 2 (700,000), отправляет 2 (431,300); ниже порогов ролей",3,False,2,2,700000.0,431300.0,2,7,0.6161,False,0,4e-05,0.000317,4.0,0.0,0,False,0.0,False
100000003173783100,peripheral,0.2,25,0.0981,"обход остановлен на 4-м колене: получил 23,500 от 1; ниже порогов конечного получателя (сумма не меньше, чем у 28% подтверждённых стоков), сток не подтверждён",4,False,1,0,23500.0,0.0,2,0,0.0,True,0,0.0,0.000348,,0.0,0,False,0.5751,False
100000003177533100,peripheral,0.2,6,0.0933,"обход остановлен на 4-м колене: получил 20,000 от 1; ниже порогов конечного получателя (сумма не меньше, чем у 25% подтверждённых стоков), сток не подтверждён",4,False,1,0,20000.0,0.0,3,0,0.0,True,0,0.0,0.00034,,0.0,0,False,0.5575,False
100000003178549100,peripheral,0.2,13,0.7104,"получает от 2 (250,000), отправляет 4 (89,080); ниже порогов ролей",3,False,2,4,250000.0,89080.0,2,4,0.3563,False,0,0.000277,0.000354,-13.0,0.0,0,True,0.0,False
100000003180305100,peripheral,0.2,0,0.1473,"обход остановлен на 4-м колене: получил 144,000 от 1; ниже порогов конечного получателя (сумма не меньше, чем у 76% подтверждённых стоков), сток не подтверждён",4,False,1,0,144000.0,0.0,1,0,0.0,True,0,0.0,0.00053,,0.0,0,False,0.8142,False
100000003180820100,peripheral,0.2,3,0.1267,"обход остановлен на 4-м колене: получил 101,000 от 1; ниже порогов конечного получателя (сумма не меньше, чем у 71% подтверждённых стоков), сток не подтверждён",4,False,1,0,101000.0,0.0,1,0,0.0,True,0,0.0,0.0003,,0.0,0,False,0.7896,False
100000003186579100,peripheral,0.2,6,0.1425,"обход остановлен на 4-м колене: получил 110,000 от 1; ниже порогов конечного получателя (сумма не меньше, чем у 72% подтверждённых стоков), сток не подтверждён",4,False,1,0,110000.0,0.0,2,0,0.0,True,0,0.0,0.000517,,0.0,0,False,0.7952,False
100000003187359100,peripheral,0.2,56,0.2835,"получает от 1 (19,072), отправляет 0 (0); ниже порогов ролей",1,False,1,0,19072.0,0.0,1,0,0.0,False,1,0.0,0.000291,,0.0,1,False,0.0,False
100000003188607100,peripheral,0.2,5,0.3568,"получает от 1 (18,000), отправляет 1 (5,000); ниже порогов ролей",2,False,1,1,18000.0,5000.0,1,1,0.2778,False,0,1e-06,0.000316,-23.0,0.0,0,False,0.0,False
100000003190207100,peripheral,0.2,17,0.2891,"получает от 1 (5,000), отправляет 1 (377,000); ниже порогов ролей",3,False,1,1,5000.0,377000.0,1,8,75.4,False,0,2.1e-05,0.0003,-5.0,0.1061,0,False,0.0,False
100000003191430100,peripheral,0.2,1,0.5056,"получает от 1 (180,000), отправляет 0 (0); ниже порогов ролей",2,False,1,0,180000.0,0.0,1,0,0.0,False,0,0.0,0.000533,,0.0,0,False,0.0,False
100000003192220100,peripheral,0.2,1,0.4303,"получает от 1 (60,000), отправляет 0 (0); ниже порогов ролей",2,False,1,0,60000.0,0.0,2,0,0.0,False,0,0.0,0.000506,,0.0,0,False,0.0,False
100000003192309100,peripheral,0.2,59,0.3068,"получает от 1 (17,200), отправляет 1 (213,000); ниже порогов ролей",3,False,1,1,17200.0,213000.0,1,1,12.3837,False,0,1e-06,0.00029,16.0,0.0,1,False,0.0,False
100000003194831100,peripheral,0.2,7,0.0596,"обход остановлен на 4-м колене: получил 6,265 от 1; ниже порогов конечного получателя (сумма не меньше, чем у 3% подтверждённых стоков), сток не подтверждён",4,False,1,0,6265.0,0.0,1,0,0.0,True,0,0.0,0.000292,,0.0,0,False,0.4472,False
100000003199390100,peripheral,0.2,4,0.1545,"обход остановлен на 4-м колене: получил 260,000 от 1; ниже порогов конечного получателя (сумма не меньше, чем у 87% подтверждённых стоков), сток не подтверждён",4,False,1,0,260000.0,0.0,1,0,0.0,True,0,0.0,0.000378,,0.0,0,False,0.8679,False
100000003200071100,peripheral,0.2,85,0.0346,"seed: отправляет 1 получателям 30,000; входящие занижены выгрузкой, пропуск не интерпретируется",0,True,0,1,0.0,30000.0,0,1,,False,0,0.0,0.000287,,0.0,14,False,0.0,False
100000003204491100,transit,0.5238,0,0.5705,"получил 140,000, отправил 100,000 (71%); 100% ушло в течение 2 дней после прихода",3,False,1,1,140000.0,100000.0,1,2,0.7143,False,0,2e-05,0.000299,0.0,1.0,0,False,0.0,False
100000003205210100,peripheral,0.2,2,0.4821,"получает от 1 (137,563), отправляет 0 (0); ниже порогов ролей",1,False,1,0,137563.0,0.0,1,0,0.0,False,1,0.0,0.000315,,0.0,0,False,0.0,False
100000003207060100,peripheral,0.2,0,0.1248,"обход остановлен на 4-м колене: получил 53,000 от 1; ниже порогов конечного получателя (сумма не меньше, чем у 56% подтверждённых стоков), сток не подтверждён",4,False,1,0,53000.0,0.0,1,0,0.0,True,0,0.0,0.000429,,0.0,0,False,0.7145,False
100000003213473100,distributor,0.3,2,0.5176,"рассылает 11 получателям 240,000 KZT, средний перевод 20,000; получает от 1",3,False,1,11,57500.0,240000.0,2,12,4.1739,False,0,0.000112,0.00029,-23.0,0.0375,0,True,0.0,False
100000003214786100,peripheral,0.2,0,0.0741,"обход остановлен на 4-м колене: получил 5,000 от 1; ниже порогов конечного получателя (сумма не меньше, чем у 1% подтверждённых стоков), сток не подтверждён",4,False,1,0,5000.0,0.0,1,0,0.0,True,0,0.0,0.000422,,0.0,0,False,0.4397,False
100000003215448100,peripheral,0.2,6,0.5058,"получает от 1 (91,309), отправляет 2 (124,000); ниже порогов ролей",3,False,1,2,91309.0,124000.0,1,4,1.358,False,0,3.9e-05,0.000306,-16.0,0.0645,0,False,0.0,False
100000003216073100,peripheral,0.2,19,0.3746,"получает от 1 (37,001), отправляет 1 (70,000); ниже порогов ролей",3,False,1,1,37001.0,70000.0,1,1,1.8918,False,0,1e-06,0.000289,3.0,0.0,0,False,0.0,False
100000003218308100,peripheral,0.2,0,0.2053,"получает от 1 (11,165), отправляет 0 (0); ниже порогов ролей",3,False,1,0,11165.0,0.0,1,0,0.0,False,0,0.0,0.000287,,0.0,0,False,0.0,False
100000003219438100,peripheral,0.2,29,0.374,"получает от 1 (32,000), отправляет 0 (0); ниже порогов ролей",2,False,1,0,32000.0,0.0,1,0,0.0,False,0,0.0,0.000449,,0.0,0,False,0.0,False
100000003220685100,peripheral,0.2,4,0.1746,"обход остановлен на 4-м колене: получил 1,306,000 от 1; профиль как у конечного получателя (сумма не меньше, чем у 99% подтверждённых стоков) — запросить 5-е колено",4,False,1,0,1306000.0,0.0,2,0,0.0,True,0,0.0,0.00054,,0.0,0,False,0.9305,True
100000003221384100,terminal,0.3,1,0.6009,"получил 511,200 KZT от 1 плательщиков (1 переводов), исходящих нет; колено 2, обходом не обрезан",2,False,1,0,511200.0,0.0,1,0,0.0,False,0,0.0,0.00045,,0.0,0,False,0.0,False
100000003221510100,peripheral,0.2,49,0.3526,"получает от 1 (24,000), отправляет 2 (120,000); ниже порогов ролей",3,False,1,2,24000.0,120000.0,1,3,5.0,False,0,3.9e-05,0.000288,-15.0,0.0,0,False,0.0,False
100000003230328100,peripheral,0.2,2,0.1393,"обход остановлен на 4-м колене: получил 26,572 от 3; профиль как у конечного получателя (сумма не меньше, чем у 35% подтверждённых стоков) — запросить 5-е колено",4,False,3,0,26572.0,0.0,3,0,0.0,True,0,0.0,0.000353,,0.0,0,False,0.6678,True
100000003230329100,peripheral,0.2,3,0.1288,"обход остановлен на 4-м колене: получил 110,000 от 1; ниже порогов конечного получателя (сумма не меньше, чем у 72% подтверждённых стоков), сток не подтверждён",4,False,1,0,110000.0,0.0,1,0,0.0,True,0,0.0,0.000301,,0.0,0,False,0.7952,False
100000003232675100,peripheral,0.2,11,0.1172,"обход остановлен на 4-м колене: получил 44,000 от 1; ниже порогов конечного получателя (сумма не меньше, чем у 48% подтверждённых стоков), сток не подтверждён",4,False,1,0,44000.0,0.0,2,0,0.0,True,0,0.0,0.000403,,0.0,0,False,0.6752,False
100000003235780100,terminal,0.3,0,0.5455,"получил 65,000 KZT от 2 плательщиков (2 переводов), исходящих нет; колено 1, обходом не обрезан",1,False,2,0,65000.0,0.0,2,0,0.0,False,1,0.0,0.000293,,0.0,0,False,0.0,False
100000003237045100,peripheral,0.2,1,0.5309,"получает от 1 (340,200), отправляет 1 (150,000); ниже порогов ролей",2,False,1,1,340200.0,150000.0,2,1,0.4409,False,0,0.0,0.000396,-14.0,0.0,0,True,0.0,False
100000003239379100,peripheral,0.2,10,0.444,"получает от 1 (92,500), отправляет 0 (0); ниже порогов ролей",1,False,1,0,92500.0,0.0,1,0,0.0,False,1,0.0,0.000302,,0.0,0,False,0.0,False
100000003239859100,peripheral,0.2,10,0.2773,"получает от 1 (18,600), отправляет 0 (0); ниже порогов ролей",1,False,1,0,18600.0,0.0,1,0,0.0,False,1,0.0,0.00029,,0.0,0,False,0.0,False
100000003241965100,peripheral,0.2,9,0.2408,"получает от 1 (15,000), отправляет 0 (0); ниже порогов ролей",3,False,1,0,15000.0,0.0,1,0,0.0,False,0,0.0,0.000292,,0.0,0,False,0.0,False
100000003242289100,distributor,1.0,13,0.8484,"рассылает 23 получателям 2,377,741 KZT, средний перевод 91,452; получает от 3",2,False,3,23,550791.0,2377741.0,8,26,4.317,False,0,0.001019,0.000442,-1.0,0.0198,0,True,0.0,False
100000003242795100,peripheral,0.2,4,0.4022,"получает от 1 (111,000), отправляет 0 (0); ниже порогов ролей",3,False,1,0,111000.0,0.0,1,0,0.0,False,0,0.0,0.00029,,0.0,0,False,0.0,False
100000003246024100,peripheral,0.2,0,0.4461,"получает от 1 (25,000), отправляет 1 (5,000); ниже порогов ролей",2,False,1,1,25000.0,5000.0,1,1,0.2,False,0,0.001639,0.000374,0.0,1.0,0,False,0.0,False
100000003247600100,peripheral,0.2,2,0.1339,"обход остановлен на 4-м колене: получил 58,000 от 1; ниже порогов конечного получателя (сумма не меньше, чем у 59% подтверждённых стоков), сток не подтверждён",4,False,1,0,58000.0,0.0,1,0,0.0,True,0,0.0,0.000845,,0.0,0,False,0.7289,False
100000003249054100,consolidator,0.6745,2,0.7807,"получает от 7 плательщиков (99,700 KZT, из них 0 seed), отдаёт дальше 15%",2,False,7,1,99700.0,15000.0,11,1,0.1505,False,0,4e-05,0.000433,16.0,0.0,0,False,0.0,False
100000003252446100,peripheral,0.2,3,0.1284,"обход остановлен на 4-м колене: получил 108,600 от 1; ниже порогов конечного получателя (сумма не меньше, чем у 72% подтверждённых стоков), сток не подтверждён",4,False,1,0,108600.0,0.0,1,0,0.0,True,0,0.0,0.000301,,0.0,0,False,0.7942,False
100000003254277100,transit,0.8576,0,0.4652,"получил 49,200, отправил 44,997 (91%); 100% ушло в течение 2 дней после прихода",3,False,1,1,49200.0,44997.0,1,1,0.9146,False,0,2e-05,0.00029,0.0,1.0,0,False,0.0,False
100000003254723100,peripheral,0.2,2,0.5311,"получает от 1 (269,850), отправляет 0 (0); ниже порогов ролей",2,False,1,0,269850.0,0.0,6,0,0.0,False,0,0.0,0.000532,,0.0,0,False,0.0,False
100000003265158100,peripheral,0.2,10,0.7544,"получает от 3 (146,100), отправляет 2 (154,200); ниже порогов ролей",1,False,3,2,146100.4,154200.0,3,4,1.0554,False,2,0.00018,0.000386,3.0,0.0,0,False,0.0,False
100000003265658100,peripheral,0.2,88,0.0,seed без переводов ≥5 000 KZT в выборке; входящие вне выборки,0,True,0,0,0.0,0.0,0,0,,False,0,0.0,0.0,,0.0,-1,False,0.0,False
100000003270419100,peripheral,0.2,11,0.5096,"получает от 1 (150,000), отправляет 0 (0); ниже порогов ролей",3,False,1,0,150000.0,0.0,1,0,0.0,False,0,0.0,0.000837,,0.0,0,False,0.0,False
100000003271151100,peripheral,0.2,6,0.4483,"получает от 1 (127,294), отправляет 0 (0); ниже порогов ролей",3,False,1,0,127294.0,0.0,1,0,0.0,False,0,0.0,0.000313,,0.0,0,False,0.0,False
100000003275398100,peripheral,0.2,63,0.5298,"получает от 1 (300,000), отправляет 1 (20,000); ниже порогов ролей",2,False,1,1,300000.0,20000.0,1,1,0.0667,False,0,0.0,0.000436,-1.0,0.0,2,False,0.0,False
100000003278020100,peripheral,0.2,0,0.4823,"получает от 1 (190,000), отправляет 0 (0); ниже порогов ролей",2,False,1,0,190000.0,0.0,1,0,0.0,False,0,0.0,0.000326,,0.0,0,False,0.0,False
100000003284932100,peripheral,0.2,2,0.421,"получает от 1 (69,925), отправляет 0 (0); ниже порогов ролей",1,False,1,0,69925.0,0.0,1,0,0.0,False,1,0.0,0.000301,,0.0,0,False,0.0,False
100000003286537100,terminal,0.3,3,0.5971,"получил 153,000 KZT от 2 плательщиков (2 переводов), исходящих нет; колено 3, обходом не обрезан",3,False,2,0,153000.0,0.0,2,0,0.0,False,0,0.0,0.000302,,0.0,0,False,0.0,False
100000003289281100,peripheral,0.2,0,0.1213,"обход остановлен на 4-м колене: получил 40,000 от 1; ниже порогов конечного получателя (сумма не меньше, чем у 46% подтверждённых стоков), сток не подтверждён",4,False,1,0,40000.0,0.0,1,0,0.0,True,0,0.0,0.0006,,0.0,0,False,0.6659,False
100000003289405100,peripheral,0.2,2,0.5221,"получает от 1 (355,000), отправляет 0 (0); ниже порогов ролей",2,False,1,0,355000.0,0.0,1,0,0.0,False,0,0.0,0.000341,,0.0,0,False,0.0,False
100000003292191100,peripheral,0.2,14,0.4297,"получает от 1 (112,000), отправляет 0 (0); ниже порогов ролей",3,False,1,0,112000.0,0.0,1,0,0.0,False,0,0.0,0.000301,,0.0,0,False,0.0,False
100000003292979100,peripheral,0.2,2,0.3868,"получает от 1 (48,950), отправляет 0 (0); ниже порогов ролей",2,False,1,0,48950.0,0.0,1,0,0.0,False,0,0.0,0.000332,,0.0,0,False,0.0,False
100000003293377100,peripheral,0.2,4,0.3323,"получает от 1 (50,000), отправляет 0 (0); ниже порогов ролей",3,False,1,0,50000.0,0.0,1,0,0.0,False,0,0.0,0.000288,,0.0,0,False,0.0,False
100000003299365100,transit,1.0,2,0.5722,"получил 200,000, отправил 200,000 (100%); 100% ушло в течение 2 дней после прихода",1,False,1,1,200000.0,200000.0,1,1,1.0,False,1,0.0,0.000327,0.0,1.0,0,True,0.0,False
100000003321423100,peripheral,0.2,8,0.4809,"получает от 1 (100,000), отправляет 0 (0); ниже порогов ролей",2,False,1,0,100000.0,0.0,2,0,0.0,False,0,0.0,0.000674,,0.0,0,False,0.0,False
100000003321895100,peripheral,0.2,43,0.4035,"получает от 1 (24,000), отправляет 2 (553,830); ниже порогов ролей",3,False,1,2,24000.0,553830.0,1,3,23.0763,False,0,4e-05,0.000313,-4.0,0.0,0,False,0.0,False
100000003336565100,peripheral,0.2,57,0.2499,"получает от 1 (16,550), отправляет 0 (0); ниже порогов ролей",2,False,1,0,16550.0,0.0,1,0,0.0,False,0,0.0,0.000292,,0.0,1,False,0.0,False
100000003338583100,peripheral,0.2,62,0.2714,"получает от 1 (21,765), отправляет 0 (0); ниже порогов ролей",3,False,1,0,21765.0,0.0,1,0,0.0,False,0,0.0,0.000291,,0.0,2,False,0.0,False
100000003345947100,peripheral,0.2,6,0.1343,"обход остановлен на 4-м колене: получил 79,500 от 1; ниже порогов конечного получателя (сумма не меньше, чем у 64% подтверждённых стоков), сток не подтверждён",4,False,1,0,79500.0,0.0,6,0,0.0,True,0,0.0,0.000497,,0.0,0,False,0.7544,False
100000003349739100,peripheral,0.2,89,0.0,seed без переводов ≥5 000 KZT в выборке; входящие вне выборки,0,True,0,0,0.0,0.0,0,0,,False,0,0.0,0.0,,0.0,-1,False,0.0,False
100000003360542100,peripheral,0.2,8,0.7259,"получает от 2 (317,000), отправляет 2 (51,800); ниже порогов ролей",2,False,2,2,317000.0,51800.0,3,5,0.1634,False,0,1e-06,0.001462,1.0,0.1062,0,True,0.0,False
100000003366154100,peripheral,0.2,2,0.5678,"получает от 1 (125,000), отправляет 3 (289,170); ниже порогов ролей",1,False,1,3,125000.0,289170.0,1,3,2.3134,False,1,6.3e-05,0.000312,0.0,1.0,0,False,0.0,False
100000003366471100,peripheral,0.2,6,0.6997,"получает от 2 (329,789), отправляет 1 (20,000); ниже порогов ролей",3,False,2,1,329789.0,20000.0,5,1,0.0606,False,0,2e-05,0.000362,25.0,0.0,0,False,0.0,False
100000003370425100,peripheral,0.2,11,0.1034,"обход остановлен на 4-м колене: получил 20,000 от 1; ниже порогов конечного получателя (сумма не меньше, чем у 25% подтверждённых стоков), сток не подтверждён",4,False,1,0,20000.0,0.0,1,0,0.0,True,0,0.0,0.000651,,0.0,0,False,0.5575,False
100000003377795100,peripheral,0.2,5,0.2096,"получает от 1 (7,000), отправляет 0 (0); ниже порогов ролей",1,False,1,0,7000.0,0.0,1,0,0.0,False,1,0.0,0.000287,,0.0,0,False,0.0,False
100000003390036100,peripheral,0.2,8,0.7367,"получает от 2 (231,300), отправляет 2 (62,000); ниже порогов ролей",2,False,2,2,231300.0,62000.0,4,2,0.2681,False,0,8e-05,0.001329,0.0,0.1613,0,True,0.0,False
100000003404627100,consolidator,0.3,35,0.8499,"получает от 4 плательщиков (877,700 KZT, из них 1 seed), отдаёт дальше 0%",1,False,4,0,877700.0,0.0,5,0,0.0,False,1,0.0,0.001384,,0.0,0,False,0.0,False
100000003406094100,peripheral,0.2,1,0.5442,"получает от 1 (70,000), отправляет 3 (47,000); ниже порогов ролей",3,False,1,3,70000.0,47000.0,4,3,0.6714,False,0,4e-05,0.000781,8.0,0.0,0,True,0.0,False
100000003447411100,peripheral,0.2,6,0.1493,"обход остановлен на 4-м колене: получил 302,000 от 1; ниже порогов конечного получателя (сумма не меньше, чем у 89% подтверждённых стоков), сток не подтверждён",4,False,1,0,302000.0,0.0,3,0,0.0,True,0,0.0,0.000307,,0.0,0,False,0.8795,False
100000003448713100,peripheral,0.2,6,0.1464,"обход остановлен на 4-м колене: получил 266,750 от 1; ниже порогов конечного получателя (сумма не меньше, чем у 87% подтверждённых стоков), сток не подтверждён",4,False,1,0,266750.0,0.0,1,0,0.0,True,0,0.0,0.000305,,0.0,0,False,0.8689,False
100000003449074100,peripheral,0.2,0,0.2292,"получает от 1 (10,000), отправляет 0 (0); ниже порогов ролей",1,False,1,0,10000.0,0.0,1,0,0.0,False,1,0.0,0.000289,,0.0,0,False,0.0,False
100000003457710100,peripheral,0.2,4,0.5616,"получает от 1 (326,555), отправляет 1 (1,306,000); ниже порогов ролей",3,False,1,1,326555.0,1306000.0,1,2,3.9993,False,0,2e-05,0.000297,0.0,1.0,0,False,0.0,False
100000003470579100,peripheral,0.2,23,0.1657,"обход остановлен на 4-м колене: получил 357,000 от 1; ниже порогов конечного получателя (сумма не меньше, чем у 91% подтверждённых стоков), сток не подтверждён",4,False,1,0,357000.0,0.0,2,0,0.0,True,0,0.0,0.000571,,0.0,0,False,0.8878,False
100000003476560100,peripheral,0.2,2,0.3899,"получает от 1 (50,000), отправляет 0 (0); ниже порогов ролей",1,False,1,0,50000.0,0.0,1,0,0.0,False,1,0.0,0.000297,,0.0,0,False,0.0,False
100000003481025100,peripheral,0.2,0,0.0831,"обход остановлен на 4-м колене: получил 9,000 от 1; ниже порогов конечного получателя (сумма не меньше, чем у 5% подтверждённых стоков), сток не подтверждён",4,False,1,0,9000.0,0.0,1,0,0.0,True,0,0.0,0.000533,,0.0,0,False,0.4583,False
100000003484058100,peripheral,0.2,12,0.5204,"получает от 1 (110,000), отправляет 1 (6,000); ниже порогов ролей",3,False,1,1,110000.0,6000.0,1,1,0.0545,False,0,2e-05,0.000318,13.0,0.0,0,False,0.0,False
100000003486846100,peripheral,0.2,1,0.1099,"обход остановлен на 4-м колене: получил 27,000 от 1; ниже порогов конечного получателя (сумма не меньше, чем у 36% подтверждённых стоков), сток не подтверждён",4,False,1,0,27000.0,0.0,2,0,0.0,True,0,0.0,0.000533,,0.0,0,False,0.6131,False
100000003486970100,peripheral,0.2,4,0.4249,"получает от 1 (150,000), отправляет 0 (0); ниже порогов ролей",3,False,1,0,150000.0,0.0,1,0,0.0,False,0,0.0,0.000292,,0.0,0,False,0.0,False
100000003497735100,peripheral,0.2,16,0.4435,"получает от 1 (125,000), отправляет 0 (0); ниже порогов ролей",3,False,1,0,125000.0,0.0,1,0,0.0,False,0,0.0,0.000308,,0.0,0,False,0.0,False
100000003500764100,peripheral,0.2,13,0.102,"обход остановлен на 4-м колене: получил 21,000 от 1; ниже порогов конечного получателя (сумма не меньше, чем у 26% подтверждённых стоков), сток не подтверждён",4,False,1,0,21000.0,0.0,1,0,0.0,True,0,0.0,0.000532,,0.0,0,False,0.5625,False
100000003509750100,peripheral,0.2,5,0.661,"получает от 3 (82,290), отправляет 3 (78,400); ниже порогов ролей",2,False,3,3,82290.0,78400.0,4,5,0.9527,False,0,2e-06,0.001693,5.0,0.0,0,True,0.0,False
100000003528285100,peripheral,0.2,2,0.6934,"получает от 4 (118,870), отправляет 4 (548,000); ниже порогов ролей",3,False,4,4,118870.0,548000.0,5,6,4.6101,False,0,0.000117,0.000406,-11.0,0.0,0,False,0.0,False
100000003557488100,peripheral,0.2,26,0.6573,"получает от 1 (664,992), отправляет 2 (138,000); ниже порогов ролей",3,False,1,2,664992.0,138000.0,3,4,0.2075,False,0,2e-05,0.000583,0.0,0.0725,0,True,0.0,False
100000003561031100,peripheral,0.2,6,0.2957,"получает от 1 (13,300), отправляет 1 (5,000); ниже порогов ролей",3,False,1,1,13300.0,5000.0,1,1,0.3759,False,0,2e-05,0.00029,-22.0,0.0,0,False,0.0,False
100000003567087100,peripheral,0.2,56,0.4131,"получает от 1 (62,115), отправляет 0 (0); ниже порогов ролей",1,False,1,0,62115.0,0.0,1,0,0.0,False,1,0.0,0.0003,,0.0,1,False,0.0,False
100000003568904100,peripheral,0.2,11,0.1239,"обход остановлен на 4-м колене: получил 49,000 от 1; ниже порогов конечного получателя (сумма не меньше, чем у 52% подтверждённых стоков), сток не подтверждён",4,False,1,0,49000.0,0.0,1,0,0.0,True,0,0.0,0.000534,,0.0,0,False,0.6937,False
100000003574895100,transit,0.5252,0,0.414,"получил 27,968, отправил 20,000 (72%); 100% ушло в течение 2 дней после прихода",3,False,1,1,27968.0,20000.0,1,1,0.7151,False,0,2e-05,0.000288,0.0,1.0,0,False,0.0,False
100000003581109100,peripheral,0.2,0,0.3181,"получает от 1 (42,750), отправляет 0 (0); ниже порогов ролей",3,False,1,0,42750.0,0.0,1,0,0.0,False,0,0.0,0.000289,,0.0,0,False,0.0,False
100000003582677100,peripheral,0.2,2,0.5104,"получает от 2 (29,757), отправляет 4 (56,000); ниже порогов ролей",3,False,2,4,29756.99,56000.0,2,5,1.8819,False,0,0.000182,0.000295,9.0,0.0,0,False,0.0,False
100000003589877100,peripheral,0.2,3,0.689,"получает от 2 (176,000), отправляет 6 (416,129); ниже порогов ролей",1,False,2,6,176000.0,416129.0,2,6,2.3644,False,1,9.7e-05,0.000308,-1.0,0.6523,0,False,0.0,False
100000003594472100,peripheral,0.2,26,0.2761,"получает от 1 (20,000), отправляет 0 (0); ниже порогов ролей",3,False,1,0,20000.0,0.0,1,0,0.0,False,0,0.0,0.000296,,0.0,0,False,0.0,False
100000003603979100,peripheral,0.2,64,0.5092,"получает от 1 (165,000), отправляет 0 (0); ниже порогов ролей",2,False,1,0,165000.0,0.0,3,0,0.0,False,0,0.0,0.000588,,0.0,2,False,0.0,False
100000003610172100,peripheral,0.2,4,0.3602,"получает от 1 (70,000), отправляет 0 (0); ниже порогов ролей",3,False,1,0,70000.0,0.0,1,0,0.0,False,0,0.0,0.000289,,0.0,0,False,0.0,False
100000003616818100,peripheral,0.2,64,0.6645,"получает от 3 (78,000), отправляет 3 (240,100); ниже порогов ролей",1,False,3,3,78000.0,240100.0,4,8,3.0782,False,1,2e-06,0.000515,-13.0,0.0,2,True,0.0,False
100000003617552100,peripheral,0.2,69,0.3613,"получает от 1 (25,000), отправляет 0 (0); ниже порогов ролей",2,False,1,0,25000.0,0.0,1,0,0.0,False,0,0.0,0.000553,,0.0,3,False,0.0,False
100000003622955100,peripheral,0.2,8,0.0981,"обход остановлен на 4-м колене: получил 15,000 от 1; ниже порогов конечного получателя (сумма не меньше, чем у 15% подтверждённых стоков), сток не подтверждён",4,False,1,0,15000.0,0.0,1,0,0.0,True,0,0.0,0.001339,,0.0,0,False,0.5079,False
100000003626268100,peripheral,0.2,6,0.0769,"обход остановлен на 4-м колене: получил 5,000 от 1; ниже порогов конечного получателя (сумма не меньше, чем у 1% подтверждённых стоков), сток не подтверждён",4,False,1,0,5000.0,0.0,1,0,0.0,True,0,0.0,0.000533,,0.0,0,False,0.4397,False
100000003631015100,peripheral,0.2,36,0.1506,"обход остановлен на 4-м колене: получил 266,000 от 1; ниже порогов конечного получателя (сумма не меньше, чем у 87% подтверждённых стоков), сток не подтверждён",4,False,1,0,266000.0,0.0,1,0,0.0,True,0,0.0,0.000324,,0.0,0,False,0.8684,False
100000003632533100,peripheral,0.2,4,0.083,"обход остановлен на 4-м колене: получил 10,000 от 1; ниже порогов конечного получателя (сумма не меньше, чем у 8% подтверждённых стоков), сток не подтверждён",4,False,1,0,10000.0,0.0,1,0,0.0,True,0,0.0,0.000431,,0.0,0,False,0.4754,False
100000003635170100,peripheral,0.2,8,0.796,"получает от 3 (268,500), отправляет 4 (253,500); ниже порогов ролей",1,False,3,4,268500.0,253500.0,13,10,0.9441,False,1,0.000191,0.001153,6.0,0.0,0,True,0.0,False
100000003635660100,peripheral,0.2,0,0.2581,"получает от 1 (18,985), отправляет 0 (0); ниже порогов ролей",3,False,1,0,18985.0,0.0,1,0,0.0,False,0,0.0,0.000292,,0.0,0,False,0.0,False
100000003636627100,peripheral,0.2,5,0.4709,"получает от 1 (77,000), отправляет 1 (10,000); ниже порогов ролей",3,False,1,1,77000.0,10000.0,8,1,0.1299,False,0,0.0,0.002008,14.0,0.0,0,True,0.0,False
100000003646145100,peripheral,0.2,28,0.0803,"обход остановлен на 4-м колене: получил 5,000 от 1; ниже порогов конечного получателя (сумма не меньше, чем у 1% подтверждённых стоков), сток не подтверждён",4,False,1,0,5000.0,0.0,1,0,0.0,True,0,0.0,0.000656,,0.0,0,False,0.4397,False
100000003647799100,peripheral,0.2,4,0.3921,"получает от 1 (100,000), отправляет 0 (0); ниже порогов ролей",3,False,1,0,100000.0,0.0,1,0,0.0,False,0,0.0,0.00029,,0.0,0,False,0.0,False
100000003650146100,peripheral,0.2,1,0.2569,"получает от 1 (14,400), отправляет 0 (0); ниже порогов ролей",3,False,1,0,14400.0,0.0,1,0,0.0,False,0,0.0,0.000301,,0.0,0,False,0.0,False
100000003664994100,peripheral,0.2,37,0.1589,"обход остановлен на 4-м колене: получил 338,271 от 1; ниже порогов конечного получателя (сумма не меньше, чем у 90% подтверждённых стоков), сток не подтверждён",4,False,1,0,338271.0,0.0,2,0,0.0,True,0,0.0,0.000393,,0.0,0,False,0.8841,False
100000003671721100,peripheral,0.2,9,0.263,"получает от 1 (5,000), отправляет 0 (0); ниже порогов ролей",3,False,1,0,5000.0,0.0,1,0,0.0,False,0,0.0,0.000561,,0.0,0,False,0.0,False
100000003677936100,peripheral,0.2,5,0.4814,"получает от 1 (71,000), отправляет 1 (13,000); ниже порогов ролей",3,False,1,1,71000.0,13000.0,1,2,0.1831,False,0,2e-05,0.00031,0.0,0.4615,0,False,0.0,False
100000003684369100,peripheral,0.2,2,0.4366,"seed: отправляет 62 получателям 8,588,655; входящие занижены выгрузкой, пропуск не интерпретируется",0,True,24,62,3848436.0,8588655.0,58,67,2.2317,False,1,0.002343,0.002029,3.0,0.0,0,True,0.0,False
100000003692843100,peripheral,0.2,43,0.1683,"обход остановлен на 4-м колене: получил 510,000 от 1; профиль как у конечного получателя (сумма не меньше, чем у 95% подтверждённых стоков) — запросить 5-е колено",4,False,1,0,510000.0,0.0,2,0,0.0,True,0,0.0,0.000532,,0.0,0,False,0.9096,True
100000003696422100,peripheral,0.2,26,0.1479,"обход остановлен на 4-м колене: получил 118,000 от 1; ниже порогов конечного получателя (сумма не меньше, чем у 73% подтверждённых стоков), сток не подтверждён",4,False,1,0,118000.0,0.0,2,0,0.0,True,0,0.0,0.000711,,0.0,0,False,0.7998,False
100000003701161100,consolidator,0.3,20,0.9572,"получает от 4 плательщиков (1,527,103 KZT, из них 1 seed), отдаёт дальше 23%",1,False,4,3,1527103.0,349000.0,13,7,0.2285,False,1,0.000217,0.001661,2.0,0.1003,0,True,0.0,False
100000003711830100,peripheral,0.2,6,0.362,"получает от 1 (50,000), отправляет 0 (0); ниже порогов ролей",3,False,1,0,50000.0,0.0,1,0,0.0,False,0,0.0,0.000297,,0.0,0,False,0.0,False
100000003713616100,peripheral,0.2,1,0.2578,"получает от 1 (15,893), отправляет 0 (0); ниже порогов ролей",1,False,1,0,15893.0,0.0,1,0,0.0,False,1,0.0,0.000289,,0.0,0,False,0.0,False
100000003718221100,peripheral,0.2,20,0.7503,"получает от 2 (350,000), отправляет 4 (423,500); ниже порогов ролей",2,False,2,4,350000.0,423500.0,6,8,1.21,False,0,4e-05,0.001051,-1.0,0.0,0,True,0.0,False
100000003718715100,peripheral,0.2,11,0.1749,"обход остановлен на 4-м колене: получил 915,000 от 1; профиль как у конечного получателя (сумма не меньше, чем у 99% подтверждённых стоков) — запросить 5-е колено",4,False,1,0,915000.0,0.0,3,0,0.0,True,0,0.0,0.000578,,0.0,0,False,0.9277,True
100000003724440100,terminal,0.3,2,0.5245,"получил 50,000 KZT от 2 плательщиков (2 переводов), исходящих нет; колено 2, обходом не обрезан",2,False,2,0,50000.0,0.0,2,0,0.0,False,0,0.0,0.000309,,0.0,0,False,0.0,False
100000003736419100,peripheral,0.2,0,0.3561,"получает от 1 (23,300), отправляет 1 (10,000); ниже порогов ролей",3,False,1,1,23300.0,10000.0,1,1,0.4292,False,0,2e-05,0.000293,0.0,1.0,0,False,0.0,False
100000003739818100,peripheral,0.2,2,0.4062,"получает от 1 (57,293), отправляет 0 (0); ниже порогов ролей",1,False,1,0,57293.0,0.0,1,0,0.0,False,1,0.0,0.000298,,0.0,0,False,0.0,False
100000003741418100,consolidator,0.7372,0,0.832,"получает от 9 плательщиков (151,900 KZT, из них 0 seed), отдаёт дальше 26%",2,False,9,3,151900.0,39920.0,13,3,0.2628,False,0,5.4e-05,0.000635,-6.0,0.0,0,True,0.0,False
100000003747133100,peripheral,0.2,39,0.735,"получает от 5 (237,068), отправляет 2 (250,000); ниже порогов ролей",2,False,5,2,237068.0,250000.0,8,2,1.0545,False,0,9.8e-05,0.00038,6.0,0.0,0,False,0.0,False
100000003760160100,peripheral,0.2,4,0.3975,"получает от 1 (104,470), отправляет 0 (0); ниже порогов ролей",3,False,1,0,104470.0,0.0,1,0,0.0,False,0,0.0,0.00029,,0.0,0,False,0.0,False
100000003770083100,peripheral,0.2,90,0.0,seed без переводов ≥5 000 KZT в выборке; входящие вне выборки,0,True,0,0,0.0,0.0,0,0,,False,0,0.0,0.0,,0.0,-1,False,0.0,False
100000003781406100,peripheral,0.2,10,0.4169,"получает от 1 (45,000), отправляет 0 (0); ниже порогов ролей",3,False,1,0,45000.0,0.0,2,0,0.0,False,0,0.0,0.000726,,0.0,0,False,0.0,False
100000003782913100,peripheral,0.2,12,0.1397,"обход остановлен на 4-м колене: получил 200,000 от 1; ниже порогов конечного получателя (сумма не меньше, чем у 83% подтверждённых стоков), сток не подтверждён",4,False,1,0,200000.0,0.0,1,0,0.0,True,0,0.0,0.000301,,0.0,0,False,0.8471,False
100000003786516100,peripheral,0.2,0,0.0585,"обход остановлен на 4-м колене: получил 5,000 от 1; ниже порогов конечного получателя (сумма не меньше, чем у 1% подтверждённых стоков), сток не подтверждён",4,False,1,0,5000.0,0.0,1,0,0.0,True,0,0.0,0.000294,,0.0,0,False,0.4397,False
100000003792647100,peripheral,0.2,4,0.0788,"обход остановлен на 4-м колене: получил 8,000 от 1; ниже порогов конечного получателя (сумма не меньше, чем у 4% подтверждённых стоков), сток не подтверждён",4,False,1,0,8000.0,0.0,1,0,0.0,True,0,0.0,0.000402,,0.0,0,False,0.4537,False
100000003795588100,peripheral,0.2,0,0.5218,"получает от 1 (400,000), отправляет 0 (0); ниже порогов ролей",3,False,1,0,400000.0,0.0,2,0,0.0,False,0,0.0,0.000322,,0.0,0,False,0.0,False
100000003796063100,distributor,0.5,0,0.571,"рассылает 15 получателям 959,150 KZT, средний перевод 41,702; получает от 1",3,False,1,15,35000.0,959150.0,1,23,27.4043,False,0,0.001199,0.000688,-11.0,0.0735,0,True,0.0,False
100000003798151100,peripheral,0.2,1,0.5516,"получает от 1 (350,000), отправляет 0 (0); ниже порогов ролей",2,False,1,0,350000.0,0.0,3,0,0.0,False,0,0.0,0.000578,,0.0,0,False,0.0,False
100000003809101100,peripheral,0.2,8,0.7112,"получает от 2 (166,050), отправляет 2 (55,200); ниже порогов ролей",1,False,2,2,166050.0,55200.0,3,4,0.3324,False,1,0.000136,0.000364,-5.0,0.1848,0,True,0.0,False
100000003814002100,peripheral,0.2,4,0.2874,"получает от 1 (30,000), отправляет 0 (0); ниже порогов ролей",3,False,1,0,30000.0,0.0,1,0,0.0,False,0,0.0,0.000288,,0.0,0,False,0.0,False
100000003819173100,peripheral,0.2,6,0.1308,"обход остановлен на 4-м колене: получил 143,777 от 1; ниже порогов конечного получателя (сумма не меньше, чем у 76% подтверждённых стоков), сток не подтверждён",4,False,1,0,143777.0,0.0,1,0,0.0,True,0,0.0,0.000297,,0.0,0,False,0.8137,False
100000003823811100,peripheral,0.2,17,0.453,"получает от 1 (30,000), отправляет 3 (66,130); ниже порогов ролей",2,False,1,3,30000.0,66130.0,1,3,2.2043,False,0,0.000127,0.000359,-18.0,0.0,0,False,0.0,False
100000003824464100,peripheral,0.2,20,0.4866,"получает от 1 (200,000), отправляет 0 (0); ниже порогов ролей",2,False,1,0,200000.0,0.0,1,0,0.0,False,0,0.0,0.000325,,0.0,0,False,0.0,False
100000003831201100,peripheral,0.2,0,0.3994,"получает от 1 (40,500), отправляет 0 (0); ниже порогов ролей",2,False,1,0,40500.0,0.0,3,0,0.0,False,0,0.0,0.000537,,0.0,0,False,0.0,False
100000003831324100,terminal,0.3,5,0.6793,"получил 300,000 KZT от 2 плательщиков (2 переводов), исходящих нет; колено 1, обходом не обрезан",1,False,2,0,300000.0,0.0,2,0,0.0,False,1,0.0,0.000317,,0.0,0,False,0.0,False
100000003832231100,peripheral,0.2,2,0.3517,"получает от 1 (35,000), отправляет 0 (0); ниже порогов ролей",1,False,1,0,35000.0,0.0,1,0,0.0,False,1,0.0,0.000294,,0.0,0,False,0.0,False
100000003834495100,peripheral,0.2,0,0.766,"получает от 3 (602,441), отправляет 1 (20,000); ниже порогов ролей",3,False,3,1,602441.0,20000.0,5,1,0.0332,False,0,3e-06,0.000624,24.0,0.0,0,False,0.0,False
100000003835149100,peripheral,0.2,21,0.62,"получает от 1 (248,500), отправляет 2 (4,600,440); ниже порогов ролей",1,False,1,2,248500.0,4600440.0,1,13,18.5128,False,1,2e-06,0.000491,-1.0,0.0,0,False,0.0,False
100000003838587100,peripheral,0.2,12,0.0815,"обход остановлен на 4-м колене: получил 6,000 от 1; ниже порогов конечного получателя (сумма не меньше, чем у 2% подтверждённых стоков), сток не подтверждён",4,False,1,0,6000.0,0.0,1,0,0.0,True,0,0.0,0.000557,,0.0,0,False,0.4448,False
100000003843844100,peripheral,0.2,11,0.3274,"получает от 1 (16,680), отправляет 1 (238,000); ниже порогов ролей",3,False,1,1,16680.0,238000.0,1,1,14.2686,False,0,2e-05,0.000293,9.0,0.0,0,False,0.0,False
100000003854444100,distributor,0.4,16,0.6843,"рассылает 14 получателям 2,322,909 KZT, средний перевод 165,922; получает от 1",2,False,1,14,210000.0,2322909.0,4,14,11.0615,False,0,0.001094,0.000469,-2.0,0.3405,0,False,0.0,False
100000003865939100,peripheral,0.2,86,0.4797,"получает от 1 (81,465), отправляет 0 (0); ниже порогов ролей",1,False,1,0,81465.0,0.0,1,0,0.0,False,1,0.0,0.000531,,0.0,15,False,0.0,False
100000003873332100,peripheral,0.2,16,0.4079,"получает от 1 (23,468), отправляет 4 (286,000); ниже порогов ролей",1,False,1,4,23468.0,286000.0,1,8,12.1868,False,1,0.000909,0.000291,-10.0,0.0,0,False,0.0,False
100000003877908100,peripheral,0.2,2,0.3638,"получает от 1 (40,000), отправляет 0 (0); ниже порогов ролей",1,False,1,0,40000.0,0.0,1,0,0.0,False,1,0.0,0.000295,,0.0,0,False,0.0,False
100000003880331100,distributor,0.6,6,0.6016,"рассылает 16 получателям 3,904,908 KZT, средний перевод 125,965; получает от 1",3,False,1,16,100000.0,3904908.0,1,31,39.0491,False,0,0.000671,0.000309,-12.0,0.4467,0,True,0.0,False
100000003886323100,peripheral,0.2,1,0.6752,"получает от 2 (78,168), отправляет 1 (7,650); ниже порогов ролей",1,False,2,1,78168.0,7650.0,6,1,0.0979,False,1,2e-05,0.00183,10.0,0.0,0,True,0.0,False
100000003888197100,peripheral,0.2,4,0.3739,"получает от 1 (83,167), отправляет 0 (0); ниже порогов ролей",3,False,1,0,83167.0,0.0,1,0,0.0,False,0,0.0,0.00029,,0.0,0,False,0.0,False
100000003888271100,peripheral,0.2,73,0.3217,"получает от 1 (12,177), отправляет 2 (25,590); ниже порогов ролей",1,False,1,2,12177.0,25590.0,2,3,2.1015,False,1,0.0,0.000293,2.0,0.27,7,True,0.0,False
100000003888527100,peripheral,0.2,37,0.3579,"получает от 1 (30,000), отправляет 0 (0); ниже порогов ролей",3,False,1,0,30000.0,0.0,1,0,0.0,False,0,0.0,0.000368,,0.0,0,False,0.0,False
100000003896956100,peripheral,0.2,1,0.2812,"получает от 1 (10,000), отправляет 1 (27,000); ниже порогов ролей",3,False,1,1,10000.0,27000.0,1,2,2.7,False,0,2e-05,0.00029,1.0,0.6667,0,False,0.0,False
100000003899325100,peripheral,0.2,6,0.3666,"получает от 1 (50,120), отправляет 0 (0); ниже порогов ролей",3,False,1,0,50120.0,0.0,1,0,0.0,False,0,0.0,0.000298,,0.0,0,False,0.0,False
100000003899899100,peripheral,0.2,1,0.7101,"получает от 2 (218,500), отправляет 1 (10,000); ниже порогов ролей",3,False,2,1,218500.0,10000.0,5,1,0.0458,False,0,2e-05,0.000657,3.0,0.0,0,False,0.0,False
100000003900547100,peripheral,0.2,1,0.2968,"получает от 1 (23,700), отправляет 0 (0); ниже порогов ролей",1,False,1,0,23700.0,0.0,1,0,0.0,False,1,0.0,0.000289,,0.0,0,False,0.0,False
100000003904497100,peripheral,0.2,3,0.0788,"обход остановлен на 4-м колене: получил 10,000 от 1; ниже порогов конечного получателя (сумма не меньше, чем у 8% подтверждённых стоков), сток не подтверждён",4,False,1,0,10000.0,0.0,1,0,0.0,True,0,0.0,0.000343,,0.0,0,False,0.4754,False
100000003917461100,peripheral,0.2,10,0.3552,"получает от 1 (10,000), отправляет 2 (140,000); ниже порогов ролей",3,False,1,2,10000.0,140000.0,1,5,14.0,False,0,2.1e-05,0.000401,-27.0,0.0714,0,True,0.0,False
100000003920950100,peripheral,0.2,5,0.5281,"получает от 1 (323,290), отправляет 0 (0); ниже порогов ролей",3,False,1,0,323290.0,0.0,1,0,0.0,False,0,0.0,0.000393,,0.0,0,False,0.0,False
100000003922499100,peripheral,0.2,10,0.4191,"получает от 1 (50,000), отправляет 0 (0); ниже порогов ролей",2,False,1,0,50000.0,0.0,1,0,0.0,False,0,0.0,0.000538,,0.0,0,False,0.0,False
100000003923946100,peripheral,0.2,5,0.6185,"получает от 1 (282,000), отправляет 4 (675,000); ниже порогов ролей",1,False,1,4,282000.0,675000.0,3,4,2.3936,False,1,2e-06,0.000391,0.0,0.8785,0,True,0.0,False
100000003927792100,peripheral,0.2,1,0.2276,"получает от 1 (13,067), отправляет 0 (0); ниже порогов ролей",2,False,1,0,13067.0,0.0,1,0,0.0,False,0,0.0,0.000291,,0.0,0,False,0.0,False
100000003934614100,peripheral,0.2,29,0.4469,"получает от 2 (17,000), отправляет 1 (11,500); ниже порогов ролей",3,False,2,1,17000.0,11500.0,2,2,0.6765,False,0,0.0,0.000315,7.0,0.0,0,True,0.0,False
100000003942602100,transit,1.0,56,0.3936,"получил 30,000, отправил 30,000 (100%); 100% ушло в течение 2 дней после прихода",1,False,1,1,30000.0,30000.0,1,1,1.0,False,1,0.0,0.000293,0.0,1.0,1,True,0.0,False
100000003943247100,peripheral,0.2,0,0.3133,"получает от 1 (40,000), отправляет 0 (0); ниже порогов ролей",3,False,1,0,40000.0,0.0,1,0,0.0,False,0,0.0,0.000289,,0.0,0,False,0.0,False
100000003943483100,peripheral,0.2,10,0.2587,"получает от 1 (10,000), отправляет 0 (0); ниже порогов ролей",2,False,1,0,10000.0,0.0,1,0,0.0,False,0,0.0,0.00033,,0.0,0,False,0.0,False
100000003946524100,peripheral,0.2,2,0.6863,"получает от 2 (133,757), отправляет 2 (144,750); ниже порогов ролей",1,False,2,2,133757.0,144750.0,2,2,1.0822,False,1,0.000122,0.000328,-8.0,0.0,0,True,0.0,False
100000003950749100,peripheral,0.2,1,0.0769,"обход остановлен на 4-м колене: получил 7,000 от 1; ниже порогов конечного получателя (сумма не меньше, чем у 3% подтверждённых стоков), сток не подтверждён",4,False,1,0,7000.0,0.0,1,0,0.0,True,0,0.0,0.000386,,0.0,0,False,0.4504,False
100000003951827100,peripheral,0.2,0,0.2553,"получает от 1 (9,000), отправляет 2 (17,000); ниже порогов ролей",3,False,1,2,9000.0,17000.0,1,2,1.8889,False,0,1e-06,0.000287,5.0,0.0,0,False,0.0,False
100000003962994100,peripheral,0.2,33,0.2803,"получает от 1 (10,000), отправляет 0 (0); ниже порогов ролей",3,False,1,0,10000.0,0.0,1,0,0.0,False,0,0.0,0.000483,,0.0,0,False,0.0,False
100000003964910100,terminal,1.0,13,0.72,"получил 1,000,000 KZT от 2 плательщиков (2 переводов), исходящих нет; колено 3, обходом не обрезан",3,False,2,0,1000000.0,0.0,2,0,0.0,False,0,0.0,0.000512,,0.0,0,False,0.0,False
100000003968044100,peripheral,0.2,6,0.4344,"получает от 1 (40,000), отправляет 3 (311,000); ниже порогов ролей",3,False,1,3,40000.0,311000.0,1,4,7.775,False,0,6.7e-05,0.000297,4.0,0.0,0,True,0.0,False
100000003970394100,peripheral,0.2,10,0.4355,"получает от 1 (85,000), отправляет 0 (0); ниже порогов ролей",1,False,1,0,85000.0,0.0,1,0,0.0,False,1,0.0,0.000301,,0.0,0,False,0.0,False
100000003971049100,peripheral,0.2,0,0.3709,"получает от 1 (55,900), отправляет 0 (0); ниже порогов ролей",2,False,1,0,55900.0,0.0,7,0,0.0,False,0,0.0,0.000296,,0.0,0,False,0.0,False
100000003975102100,peripheral,0.2,1,0.205,"seed: отправляет 2 получателям 88,500; входящие занижены выгрузкой, пропуск не интерпретируется",0,True,1,2,25650.0,88500.0,1,2,3.4503,False,0,6e-06,0.000347,-15.0,0.3616,0,False,0.0,False
100000003977183100,peripheral,0.2,5,0.3274,"seed: отправляет 4 получателям 766,000; входящие занижены выгрузкой, пропуск не интерпретируется",0,True,2,4,123800.0,766000.0,2,6,6.1874,False,1,2e-06,0.000333,-6.0,0.2115,0,True,0.0,False
100000003980083100,peripheral,0.2,85,0.4009,"получает от 1 (30,000), отправляет 0 (0); ниже порогов ролей",1,False,1,0,30000.0,0.0,1,0,0.0,False,1,0.0,0.000531,,0.0,14,False,0.0,False
100000003985389100,peripheral,0.2,6,0.1646,"обход остановлен на 4-м колене: получил 422,698 от 1; ниже порогов конечного получателя (сумма не меньше, чем у 92% подтверждённых стоков), сток не подтверждён",4,False,1,0,422698.0,0.0,16,0,0.0,True,0,0.0,0.000493,,0.0,0,False,0.8957,False
100000003986141100,peripheral,0.2,13,0.1759,"получает от 1 (5,286), отправляет 0 (0); ниже порогов ролей",3,False,1,0,5286.32,0.0,1,0,0.0,False,0,0.0,0.000288,,0.0,0,False,0.0,False
100000003988112100,peripheral,0.2,17,0.4589,"получает от 1 (92,000), отправляет 1 (64,000); ниже порогов ролей",2,False,1,1,92000.0,64000.0,2,5,0.6957,False,0,0.0,0.000507,-1.0,0.6875,0,True,0.0,False
100000003989033100,peripheral,0.2,7,0.1667,"обход остановлен на 4-м колене: получил 373,400 от 1; ниже порогов конечного получателя (сумма не меньше, чем у 91% подтверждённых стоков), сток не подтверждён",4,False,1,0,373400.0,0.0,13,0,0.0,True,0,0.0,0.000602,,0.0,0,False,0.8892,False
100000003996562100,peripheral,0.2,27,0.2459,"получает от 1 (7,700), отправляет 0 (0); ниже порогов ролей",3,False,1,0,7700.0,0.0,1,0,0.0,False,0,0.0,0.00033,,0.0,0,False,0.0,False
100000004004621100,terminal,0.5,11,0.594,"получил 75,389 KZT от 3 плательщиков (3 переводов), исходящих нет; колено 1, обходом не обрезан",1,False,3,0,75389.0,0.0,3,0,0.0,False,1,0.0,0.000302,,0.0,0,False,0.0,False
100000004005964100,peripheral,0.2,64,0.667,"получает от 3 (97,900), отправляет 3 (72,000); ниже порогов ролей",1,False,3,3,97900.0,72000.0,9,5,0.7354,False,1,1e-06,0.000406,6.0,0.0,2,True,0.0,False
100000004006327100,peripheral,0.2,3,0.163,"обход остановлен на 4-м колене: получил 300,000 от 1; ниже порогов конечного получателя (сумма не меньше, чем у 89% подтверждённых стоков), сток не подтверждён",4,False,1,0,300000.0,0.0,3,0,0.0,True,0,0.0,0.000557,,0.0,0,False,0.879,False
100000004007116100,peripheral,0.2,62,0.3824,"seed: отправляет 4 получателям 148,000; входящие занижены выгрузкой, пропуск не интерпретируется",0,True,3,4,764704.0,148000.0,24,6,0.1935,False,0,0.0,0.00063,9.0,0.0,2,True,0.0,False
100000004007197100,peripheral,0.2,62,0.2075,"получает от 1 (10,048), отправляет 0 (0); ниже порогов ролей",3,False,1,0,10048.0,0.0,1,0,0.0,False,0,0.0,0.000289,,0.0,2,False,0.0,False
100000004013952100,peripheral,0.2,0,0.0794,"обход остановлен на 4-м колене: получил 5,500 от 1; ниже порогов конечного получателя (сумма не меньше, чем у 2% подтверждённых стоков), сток не подтверждён",4,False,1,0,5500.0,0.0,1,0,0.0,True,0,0.0,0.000535,,0.0,0,False,0.4416,False
100000004015047100,consolidator,0.9247,5,1.0,"получает от 9 плательщиков (919,104 KZT, из них 3 seed), отдаёт дальше 8%",1,False,9,1,919104.0,69195.0,18,7,0.0753,False,3,2.3e-05,0.002286,-1.0,0.4918,0,True,0.0,False
100000004017410100,peripheral,0.2,29,0.7193,"получает от 2 (193,650), отправляет 5 (1,330,915); ниже порогов ролей",3,False,2,5,193650.0,1330915.0,6,11,6.8728,False,0,4.1e-05,0.001136,-18.0,0.0413,0,True,0.0,False
100000004019056100,peripheral,0.2,11,0.1262,"обход остановлен на 4-м колене: получил 50,000 от 1; ниже порогов конечного получателя (сумма не меньше, чем у 54% подтверждённых стоков), сток не подтверждён",4,False,1,0,50000.0,0.0,1,0,0.0,True,0,0.0,0.000543,,0.0,0,False,0.7043,False
100000004019124100,peripheral,0.2,1,0.3525,"seed: отправляет 0 получателям 0; входящие занижены выгрузкой, пропуск не интерпретируется",0,True,3,0,193000.0,0.0,3,0,0.0,False,2,0.0,0.001208,,0.0,0,False,0.0,False
100000004021459100,peripheral,0.2,91,0.0,seed без переводов ≥5 000 KZT в выборке; входящие вне выборки,0,True,0,0,0.0,0.0,0,0,,False,0,0.0,0.0,,0.0,-1,False,0.0,False
100000004030553100,peripheral,0.2,19,0.1327,"обход остановлен на 4-м колене: получил 70,000 от 1; ниже порогов конечного получателя (сумма не меньше, чем у 62% подтверждённых стоков), сток не подтверждён",4,False,1,0,70000.0,0.0,1,0,0.0,True,0,0.0,0.000533,,0.0,0,False,0.7442,False
100000004035925100,peripheral,0.2,51,0.1715,"обход остановлен на 4-м колене: получил 1,111,588 от 1; профиль как у конечного получателя (сумма не меньше, чем у 99% подтверждённых стоков) — запросить 5-е колено",4,False,1,0,1111588.0,0.0,2,0,0.0,True,0,0.0,0.000464,,0.0,0,False,0.9296,True
100000004041163100,peripheral,0.2,17,0.2753,"seed: отправляет 2 получателям 866,000; входящие занижены выгрузкой, пропуск не интерпретируется",0,True,1,2,50000.0,866000.0,1,6,17.32,False,1,2.4e-05,0.002093,-14.0,0.0554,0,True,0.0,False
100000004041294100,peripheral,0.2,22,0.0832,"обход остановлен на 4-м колене: получил 17,800 от 1; ниже порогов конечного получателя (сумма не меньше, чем у 20% подтверждённых стоков), сток не подтверждён",4,False,1,0,17800.0,0.0,2,0,0.0,True,0,0.0,0.000302,,0.0,0,False,0.5347,False
100000004047887100,peripheral,0.2,34,0.0876,"обход остановлен на 4-м колене: получил 30,000 от 1; ниже порогов конечного получателя (сумма не меньше, чем у 39% подтверждённых стоков), сток не подтверждён",4,False,1,0,30000.0,0.0,1,0,0.0,True,0,0.0,0.000289,,0.0,0,False,0.6307,False
100000004049912100,peripheral,0.2,16,0.0772,"обход остановлен на 4-м колене: получил 10,000 от 1; ниже порогов конечного получателя (сумма не меньше, чем у 8% подтверждённых стоков), сток не подтверждён",4,False,1,0,10000.0,0.0,1,0,0.0,True,0,0.0,0.000326,,0.0,0,False,0.4754,False
100000004058740100,peripheral,0.2,56,0.3371,"получает от 1 (30,000), отправляет 0 (0); ниже порогов ролей",1,False,1,0,30000.0,0.0,1,0,0.0,False,1,0.0,0.000293,,0.0,1,False,0.0,False
100000004064431100,peripheral,0.2,62,0.3589,"получает от 1 (26,000), отправляет 1 (10,000); ниже порогов ролей",3,False,1,1,26000.0,10000.0,1,1,0.3846,False,0,1e-06,0.000292,2.0,1.0,2,False,0.0,False
100000004066370100,peripheral,0.2,32,0.134,"обход остановлен на 4-м колене: получил 65,000 от 1; ниже порогов конечного получателя (сумма не меньше, чем у 61% подтверждённых стоков), сток не подтверждён",4,False,1,0,65000.0,0.0,2,0,0.0,True,0,0.0,0.000592,,0.0,0,False,0.7386,False
100000004066647100,peripheral,0.2,16,0.3632,"получает от 1 (51,000), отправляет 0 (0); ниже порогов ролей",3,False,1,0,51000.0,0.0,1,0,0.0,False,0,0.0,0.000296,,0.0,0,False,0.0,False
100000004070318100,distributor,0.9,0,0.8122,"рассылает 19 получателям 551,860 KZT, средний перевод 14,915; получает от 4",1,False,4,19,207246.55,551860.0,6,37,2.6628,False,1,0.002109,0.000316,-1.0,0.0897,0,True,0.0,False
100000004070530100,peripheral,0.2,34,0.0748,"обход остановлен на 4-м колене: получил 20,000 от 1; ниже порогов конечного получателя (сумма не меньше, чем у 25% подтверждённых стоков), сток не подтверждён",4,False,1,0,20000.0,0.0,1,0,0.0,True,0,0.0,0.000288,,0.0,0,False,0.5575,False
100000004071070100,peripheral,0.2,0,0.5173,"получает от 2 (41,000), отправляет 1 (6,000); ниже порогов ролей",2,False,2,1,41000.0,6000.0,5,1,0.1463,False,0,0.0,0.001195,11.0,0.0,0,True,0.0,False
100000004071080100,consolidator,0.8051,0,0.8917,"получает от 9 плательщиков (238,600 KZT, из них 1 seed), отдаёт дальше 19%",1,False,9,2,238600.0,46500.0,16,5,0.1949,False,1,2.9e-05,0.001376,1.0,0.2258,0,True,0.0,False
100000004071444100,peripheral,0.2,0,0.5628,"получает от 1 (247,350), отправляет 1 (100,000); ниже порогов ролей",3,False,1,1,247350.0,100000.0,1,1,0.4043,False,0,2e-05,0.000309,-1.0,0.0,0,False,0.0,False
100000004076740100,peripheral,0.2,29,0.7256,"получает от 3 (93,250), отправляет 6 (125,000); ниже порогов ролей",1,False,3,6,93250.0,125000.0,5,10,1.3405,False,1,0.000443,0.000745,2.0,0.08,0,True,0.0,False
100000004077081100,peripheral,0.2,2,0.5157,"получает от 1 (140,000), отправляет 4 (615,000); ниже порогов ролей",3,False,1,4,140000.0,615000.0,1,6,4.3929,False,0,0.000118,0.000291,-14.0,0.6829,0,False,0.0,False
100000004094958100,transit,0.9573,76,0.5279,"получил 39,000, отправил 40,000 (103%); 100% ушло в течение 2 дней после прихода",1,False,1,1,39000.0,40000.0,1,1,1.0256,False,1,0.0,0.000393,0.0,1.0,6,False,0.0,False
100000004096559100,peripheral,0.2,5,0.4231,"получает от 1 (46,200), отправляет 0 (0); ниже порогов ролей",3,False,1,0,46200.0,0.0,1,0,0.0,False,0,0.0,0.000981,,0.0,0,False,0.0,False
100000004097972100,peripheral,0.2,0,0.5362,"получает от 1 (118,878), отправляет 2 (10,000); ниже порогов ролей",3,False,1,2,118878.0,10000.0,1,2,0.0841,False,0,3.9e-05,0.000318,0.0,0.5,0,False,0.0,False
100000004099450100,peripheral,0.2,0,0.324,"получает от 1 (31,000), отправляет 0 (0); ниже порогов ролей",3,False,1,0,31000.0,0.0,1,0,0.0,False,0,0.0,0.000297,,0.0,0,False,0.0,False
100000004105288100,terminal,0.3,2,0.6871,"получил 215,000 KZT от 2 плательщиков (2 переводов), исходящих нет; колено 1, обходом не обрезан",1,False,2,0,215000.0,0.0,2,0,0.0,False,1,0.0,0.000465,,0.0,0,False,0.0,False
100000004107228100,peripheral,0.2,2,0.0536,"обход остановлен на 4-м колене: получил 5,000 от 1; ниже порогов конечного получателя (сумма не меньше, чем у 1% подтверждённых стоков), сток не подтверждён",4,False,1,0,5000.0,0.0,1,0,0.0,True,0,0.0,0.00029,,0.0,0,False,0.4397,False
100000004114962100,terminal,0.3,4,0.6595,"получил 165,000 KZT от 2 плательщиков (2 переводов), исходящих нет; колено 3, обходом не обрезан",3,False,2,0,165000.0,0.0,2,0,0.0,False,0,0.0,0.000714,,0.0,0,False,0.0,False
100000004130144100,peripheral,0.2,5,0.4901,"получает от 1 (200,000), отправляет 0 (0); ниже порогов ролей",1,False,1,0,200000.0,0.0,1,0,0.0,False,1,0.0,0.000298,,0.0,0,False,0.0,False
100000004134060100,peripheral,0.2,14,0.4315,"получает от 1 (88,179), отправляет 0 (0); ниже порогов ролей",2,False,1,0,88179.0,0.0,1,0,0.0,False,0,0.0,0.000329,,0.0,0,False,0.0,False
100000004135268100,peripheral,0.2,78,0.795,"получает от 2 (1,239,000), отправляет 3 (1,000,200); ниже порогов ролей",1,False,2,3,1239000.0,1000200.0,3,4,0.8073,False,1,1e-06,0.001752,-1.0,0.8498,9,True,0.0,False
100000004140487100,distributor,0.3,2,0.4489,"рассылает 10 получателям 262,600 KZT, средний перевод 13,821; получает от 1",3,False,1,10,24510.0,262600.0,1,19,10.714,False,0,0.000331,0.000291,0.0,0.2959,0,True,0.0,False
100000004140994100,peripheral,0.2,55,0.2481,"получает от 1 (18,650), отправляет 0 (0); ниже порогов ролей",3,False,1,0,18650.0,0.0,1,0,0.0,False,0,0.0,0.00029,,0.0,1,False,0.0,False
100000004144536100,consolidator,0.3,62,0.7753,"получает от 4 плательщиков (168,000 KZT, из них 1 seed), отдаёт дальше 0%",1,False,4,0,168000.0,0.0,6,0,0.0,False,1,0.0,0.000973,,0.0,2,False,0.0,False
100000004150593100,distributor,0.3,1,0.5583,"рассылает 11 получателям 871,165 KZT, средний перевод 54,448; получает от 1",2,False,1,11,57000.0,871165.0,2,16,15.2836,False,0,0.000225,0.000308,0.0,0.8159,0,True,0.0,False
100000004156082100,distributor,1.0,1,0.8936,"рассылает 26 получателям 2,319,556 KZT, средний перевод 79,985; получает от 5",1,False,5,26,377366.11,2319556.0,7,29,6.1467,False,1,0.002075,0.000871,-4.0,0.5778,0,True,0.0,False
100000004158362100,peripheral,0.2,0,0.2287,"получает от 1 (12,000), отправляет 0 (0); ниже порогов ролей",2,False,1,0,12000.0,0.0,1,0,0.0,False,0,0.0,0.000293,,0.0,0,False,0.0,False
100000004159526100,consolidator,0.3,12,0.8999,"получает от 4 плательщиков (275,037 KZT, из них 1 seed), отдаёт дальше 25%",1,False,4,4,275037.0,68000.0,4,6,0.2472,False,1,0.0001,0.000857,-7.0,0.4412,0,True,0.0,False
100000004160650100,distributor,0.3,62,0.6716,"рассылает 10 получателям 1,489,827 KZT, средний перевод 37,246; получает от 2",2,False,2,10,75100.0,1489827.0,4,40,19.8379,False,0,5e-06,0.000371,-22.0,0.1869,2,True,0.0,False
100000004167082100,peripheral,0.2,11,0.0862,"обход остановлен на 4-м колене: получил 13,300 от 1; ниже порогов конечного получателя (сумма не меньше, чем у 12% подтверждённых стоков), сток не подтверждён",4,False,1,0,13300.0,0.0,1,0,0.0,True,0,0.0,0.000387,,0.0,0,False,0.494,False
100000004174835100,peripheral,0.2,92,0.0,seed без переводов ≥5 000 KZT в выборке; входящие вне выборки,0,True,0,0,0.0,0.0,0,0,,False,0,0.0,0.0,,0.0,-1,False,0.0,False
100000004177936100,peripheral,0.2,6,0.0784,"обход остановлен на 4-м колене: получил 10,000 от 1; ниже порогов конечного получателя (сумма не меньше, чем у 8% подтверждённых стоков), сток не подтверждён",4,False,1,0,10000.0,0.0,1,0,0.0,True,0,0.0,0.000339,,0.0,0,False,0.4754,False
100000004180097100,peripheral,0.2,0,0.7378,"получает от 3 (104,854), отправляет 3 (47,800); ниже порогов ролей",1,False,3,3,104854.0,47800.0,5,7,0.4559,False,1,0.000319,0.00086,11.0,0.0,0,True,0.0,False
100000004183610100,peripheral,0.2,11,0.4004,"получает от 1 (22,000), отправляет 1 (915,000); ниже порогов ролей",3,False,1,1,22000.0,915000.0,1,3,41.5909,False,0,2e-05,0.000342,-10.0,0.0164,0,False,0.0,False
100000004184158100,peripheral,0.2,0,0.4743,"получает от 1 (203,805), отправляет 0 (0); ниже порогов ролей",3,False,1,0,203805.0,0.0,1,0,0.0,False,0,0.0,0.000305,,0.0,0,False,0.0,False
100000004185681100,peripheral,0.2,2,0.2868,"получает от 1 (10,000), отправляет 0 (0); ниже порогов ролей",3,False,1,0,10000.0,0.0,1,0,0.0,False,0,0.0,0.000538,,0.0,0,False,0.0,False
100000004186824100,peripheral,0.2,1,0.7399,"получает от 2 (451,700), отправляет 1 (7,000); ниже порогов ролей",1,False,2,1,451700.0,7000.0,7,1,0.0155,False,1,2e-06,0.000384,15.0,0.0,0,False,0.0,False
100000004188160100,peripheral,0.2,1,0.64,"получает от 2 (87,862), отправляет 5 (133,846); ниже порогов ролей",1,False,2,5,87862.0,133846.0,5,6,1.5234,False,1,0.002502,0.000298,18.0,0.0,0,True,0.0,False
100000004192107100,peripheral,0.2,2,0.3069,"получает от 1 (25,000), отправляет 0 (0); ниже порогов ролей",2,False,1,0,25000.0,0.0,1,0,0.0,False,0,0.0,0.000301,,0.0,0,False,0.0,False
100000004192865100,peripheral,0.2,67,0.4458,"получает от 1 (66,666), отправляет 0 (0); ниже порогов ролей",2,False,1,0,66666.0,0.0,1,0,0.0,False,0,0.0,0.000558,,0.0,3,False,0.0,False
100000004193835100,peripheral,0.2,1,0.2371,"seed: отправляет 1 получателям 5,000; входящие занижены выгрузкой, пропуск не интерпретируется",0,True,1,1,47000.0,5000.0,1,1,0.1064,False,0,7e-06,0.000472,0.0,1.0,0,False,0.0,False
100000004200745100,peripheral,0.2,10,0.1484,"обход остановлен на 4-м колене: получил 130,000 от 1; ниже порогов конечного получателя (сумма не меньше, чем у 75% подтверждённых стоков), сток не подтверждён",4,False,1,0,130000.0,0.0,4,0,0.0,True,0,0.0,0.000604,,0.0,0,False,0.8063,False
100000004206046100,peripheral,0.2,1,0.2352,"получает от 1 (11,075), отправляет 0 (0); ниже порогов ролей",1,False,1,0,11075.0,0.0,1,0,0.0,False,1,0.0,0.000288,,0.0,0,False,0.0,False
100000004209339100,peripheral,0.2,8,0.5857,"получает от 1 (138,500), отправляет 2 (238,500); ниже порогов ролей",2,False,1,2,138500.0,238500.0,6,11,1.722,False,0,2.1e-05,0.000823,-6.0,0.0,0,True,0.0,False
100000004213658100,peripheral,0.2,56,0.3193,"получает от 1 (25,347), отправляет 0 (0); ниже порогов ролей",1,False,1,0,25347.0,0.0,1,0,0.0,False,1,0.0,0.000292,,0.0,1,False,0.0,False
100000004217419100,peripheral,0.2,6,0.6684,"получает от 2 (118,200), отправляет 1 (7,700); ниже порогов ролей",3,False,2,1,118200.0,7700.0,3,1,0.0651,False,0,2e-05,0.000587,3.0,0.0,0,False,0.0,False
100000004218576100,peripheral,0.2,56,0.3222,"получает от 1 (26,144), отправляет 0 (0); ниже порогов ролей",1,False,1,0,26144.0,0.0,1,0,0.0,False,1,0.0,0.000292,,0.0,1,False,0.0,False
100000004221668100,peripheral,0.2,5,0.7974,"получает от 4 (1,128,300), отправляет 3 (731,440); ниже порогов ролей",2,False,4,3,1128300.0,731440.0,8,10,0.6483,False,0,5e-06,0.003109,5.0,0.0,0,True,0.0,False
100000004222274100,peripheral,0.2,0,0.0947,"обход остановлен на 4-м колене: получил 15,500 от 1; ниже порогов конечного получателя (сумма не меньше, чем у 15% подтверждённых стоков), сток не подтверждён",4,False,1,0,15500.0,0.0,1,0,0.0,True,0,0.0,0.000548,,0.0,0,False,0.5102,False
100000004225615100,peripheral,0.2,3,0.4006,"получает от 1 (90,000), отправляет 0 (0); ниже порогов ролей",2,False,1,0,90000.0,0.0,2,0,0.0,False,0,0.0,0.000295,,0.0,0,False,0.0,False
100000004226848100,peripheral,0.2,2,0.5461,"получает от 1 (301,866), отправляет 0 (0); ниже порогов ролей",1,False,1,0,301866.0,0.0,1,0,0.0,False,1,0.0,0.000348,,0.0,0,False,0.0,False
100000004232712100,peripheral,0.2,4,0.089,"обход остановлен на 4-м колене: получил 12,500 от 1; ниже порогов конечного получателя (сумма не меньше, чем у 11% подтверждённых стоков), сток не подтверждён",4,False,1,0,12500.0,0.0,1,0,0.0,True,0,0.0,0.000532,,0.0,0,False,0.4898,False
100000004235471100,peripheral,0.2,4,0.1457,"обход остановлен на 4-м колене: получил 180,000 от 1; ниже порогов конечного получателя (сумма не меньше, чем у 80% подтверждённых стоков), сток не подтверждён",4,False,1,0,180000.0,0.0,1,0,0.0,True,0,0.0,0.00035,,0.0,0,False,0.8336,False
100000004241142100,peripheral,0.2,0,0.1098,"обход остановлен на 4-м колене: получил 27,102 от 1; ниже порогов конечного получателя (сумма не меньше, чем у 36% подтверждённых стоков), сток не подтверждён",4,False,1,0,27102.0,0.0,1,0,0.0,True,0,0.0,0.000532,,0.0,0,False,0.6131,False
100000004254434100,peripheral,0.2,56,0.3736,"получает от 1 (44,445), отправляет 0 (0); ниже порогов ролей",1,False,1,0,44445.0,0.0,2,0,0.0,False,1,0.0,0.000296,,0.0,1,False,0.0,False
100000004257714100,peripheral,0.2,55,0.3637,"получает от 1 (52,220), отправляет 0 (0); ниже порогов ролей",3,False,1,0,52220.0,0.0,1,0,0.0,False,0,0.0,0.000295,,0.0,1,False,0.0,False
100000004260869100,peripheral,0.2,1,0.0899,"обход остановлен на 4-м колене: получил 10,000 от 1; ниже порогов конечного получателя (сумма не меньше, чем у 8% подтверждённых стоков), сток не подтверждён",4,False,1,0,10000.0,0.0,1,0,0.0,True,0,0.0,0.000846,,0.0,0,False,0.4754,False
100000004261340100,peripheral,0.2,0,0.1173,"обход остановлен на 4-м колене: получил 48,500 от 1; ниже порогов конечного получателя (сумма не меньше, чем у 52% подтверждённых стоков), сток не подтверждён",4,False,1,0,48500.0,0.0,4,0,0.0,True,0,0.0,0.000349,,0.0,0,False,0.6928,False
100000004263867100,peripheral,0.2,15,0.0619,"обход остановлен на 4-м колене: получил 9,000 от 1; ниже порогов конечного получателя (сумма не меньше, чем у 5% подтверждённых стоков), сток не подтверждён",4,False,1,0,9000.0,0.0,1,0,0.0,True,0,0.0,0.000292,,0.0,0,False,0.4583,False
100000004265639100,peripheral,0.2,6,0.0871,"обход остановлен на 4-м колене: получил 10,000 от 1; ниже порогов конечного получателя (сумма не меньше, чем у 8% подтверждённых стоков), сток не подтверждён",4,False,1,0,10000.0,0.0,1,0,0.0,True,0,0.0,0.000555,,0.0,0,False,0.4754,False
100000004268036100,peripheral,0.2,15,0.0553,"обход остановлен на 4-м колене: получил 5,500 от 1; ниже порогов конечного получателя (сумма не меньше, чем у 2% подтверждённых стоков), сток не подтверждён",4,False,1,0,5500.0,0.0,1,0,0.0,True,0,0.0,0.00029,,0.0,0,False,0.4416,False
100000004269433100,peripheral,0.2,48,0.0346,"seed: отправляет 1 получателям 1,372,000; входящие занижены выгрузкой, пропуск не интерпретируется",0,True,0,1,0.0,1372000.0,0,67,,False,0,0.0,0.000287,,0.0,0,False,0.0,False
100000004272302100,peripheral,0.2,39,0.0606,"обход остановлен на 4-м колене: получил 10,000 от 1; ниже порогов конечного получателя (сумма не меньше, чем у 8% подтверждённых стоков), сток не подтверждён",4,False,1,0,10000.0,0.0,1,0,0.0,True,0,0.0,0.000289,,0.0,0,False,0.4754,False
100000004278574100,peripheral,0.2,4,0.344,"получает от 1 (25,000), отправляет 1 (12,500); ниже порогов ролей",3,False,1,1,25000.0,12500.0,1,1,0.5,False,0,2e-05,0.000288,11.0,0.0,0,False,0.0,False
100000004285800100,peripheral,0.2,0,0.235,"получает от 1 (5,000), отправляет 1 (15,000); ниже порогов ролей",2,False,1,1,5000.0,15000.0,1,1,3.0,False,0,0.0,0.000346,-13.0,0.0,0,False,0.0,False
100000004286573100,peripheral,0.2,10,0.2657,"получает от 1 (16,590), отправляет 0 (0); ниже порогов ролей",1,False,1,0,16590.0,0.0,1,0,0.0,False,1,0.0,0.00029,,0.0,0,False,0.0,False
100000004291560100,peripheral,0.2,0,0.3288,"получает от 1 (47,190), отправляет 0 (0); ниже порогов ролей",3,False,1,0,47190.0,0.0,1,0,0.0,False,0,0.0,0.00029,,0.0,0,False,0.0,False
100000004291663100,peripheral,0.2,2,0.0959,"обход остановлен на 4-м колене: получил 25,000 от 1; ниже порогов конечного получателя (сумма не меньше, чем у 33% подтверждённых стоков), сток не подтверждён",4,False,1,0,25000.0,0.0,1,0,0.0,True,0,0.0,0.000313,,0.0,0,False,0.5964,False
100000004292885100,peripheral,0.2,55,0.4351,"получает от 1 (112,700), отправляет 0 (0); ниже порогов ролей",3,False,1,0,112700.0,0.0,1,0,0.0,False,0,0.0,0.000305,,0.0,1,False,0.0,False
100000004299488100,consolidator,0.4527,0,0.9435,"получает от 6 плательщиков (1,749,000 KZT, из них 1 seed), отдаёт дальше 20%",1,False,6,2,1749000.0,344999.0,22,14,0.1973,False,1,2.1e-05,0.001468,0.0,0.2029,0,True,0.0,False
100000004315838100,peripheral,0.2,2,0.5645,"получает от 2 (50,000), отправляет 1 (18,000); ниже порогов ролей",1,False,2,1,50000.0,18000.0,2,1,0.36,False,1,2.4e-05,0.000293,-2.0,0.0,0,False,0.0,False
100000004318918100,peripheral,0.2,8,0.4242,"получает от 1 (75,600), отправляет 0 (0); ниже порогов ролей",1,False,1,0,75600.0,0.0,1,0,0.0,False,1,0.0,0.000298,,0.0,0,False,0.0,False
100000004321983100,peripheral,0.2,5,0.3316,"получает от 1 (10,840), отправляет 2 (36,200); ниже порогов ролей",3,False,1,2,10840.0,36200.0,1,3,3.3395,False,0,1e-06,0.000326,-23.0,0.0,0,True,0.0,False
100000004325327100,transit,0.9808,0,0.6617,"получил 70,817, отправил 70,000 (99%); 100% ушло в течение 2 дней после прихода",1,False,2,1,70817.0,70000.0,3,1,0.9885,False,1,3.9e-05,0.000297,2.0,1.0,0,False,0.0,False
100000004326224100,peripheral,0.2,4,0.1305,"обход остановлен на 4-м колене: получил 60,000 от 1; ниже порогов конечного получателя (сумма не меньше, чем у 60% подтверждённых стоков), сток не подтверждён",4,False,1,0,60000.0,0.0,1,0,0.0,True,0,0.0,0.000537,,0.0,0,False,0.7317,False
100000004330371100,peripheral,0.2,1,0.7801,"получает от 2 (264,171), отправляет 2 (90,681); ниже порогов ролей",1,False,2,2,264171.0,90681.0,12,6,0.3433,False,1,0.00034,0.001261,0.0,0.0948,0,True,0.0,False
100000004331458100,terminal,0.3,77,0.6926,"получил 250,000 KZT от 2 плательщиков (2 переводов), исходящих нет; колено 2, обходом не обрезан",2,False,2,0,250000.0,0.0,2,0,0.0,False,0,0.0,0.001329,,0.0,6,False,0.0,False
100000004336228100,peripheral,0.2,6,0.3677,"получает от 1 (51,407), отправляет 0 (0); ниже порогов ролей",3,False,1,0,51407.0,0.0,2,0,0.0,False,0,0.0,0.000297,,0.0,0,False,0.0,False
100000004336312100,peripheral,0.2,29,0.6774,"получает от 3 (90,415), отправляет 2 (72,650); ниже порогов ролей",2,False,3,2,90415.0,72650.0,7,3,0.8035,False,0,3.4e-05,0.000699,18.0,0.0,0,True,0.0,False
100000004340038100,peripheral,0.2,11,0.2796,"получает от 1 (9,978), отправляет 1 (49,000); ниже порогов ролей",3,False,1,1,9978.0,49000.0,1,1,4.9108,False,0,2e-05,0.000291,9.0,0.0,0,False,0.0,False
100000004350094100,peripheral,0.2,16,0.105,"обход остановлен на 4-м колене: получил 20,000 от 1; ниже порогов конечного получателя (сумма не меньше, чем у 25% подтверждённых стоков), сток не подтверждён",4,False,1,0,20000.0,0.0,1,0,0.0,True,0,0.0,0.000897,,0.0,0,False,0.5575,False
100000004351795100,distributor,0.4,0,0.768,"рассылает 14 получателям 1,715,161 KZT, средний перевод 46,356; получает от 3",1,False,3,14,118333.0,1715161.0,3,37,14.4944,False,1,0.00247,0.000315,2.0,0.0525,0,True,0.0,False
100000004356593100,peripheral,0.2,2,0.4319,"получает от 1 (50,000), отправляет 1 (10,000); ниже порогов ролей",2,False,1,1,50000.0,10000.0,1,1,0.2,False,0,2e-05,0.000295,7.0,0.0,0,False,0.0,False
100000004358004100,distributor,0.3,2,0.0685,"рассылает 11 получателям 980,850 KZT, средний перевод 57,697; получает от 0; seed",0,True,0,11,0.0,980850.0,0,17,,False,0,0.0,0.000287,,0.0,0,False,0.0,False
100000004360785100,peripheral,0.2,1,0.4371,"получает от 1 (94,705), отправляет 0 (0); ниже порогов ролей",1,False,1,0,94705.0,0.0,1,0,0.0,False,1,0.0,0.000297,,0.0,0,False,0.0,False
100000004368189100,peripheral,0.2,7,0.575,"получает от 1 (384,600), отправляет 2 (28,200); ниже порогов ролей",3,False,1,2,384600.0,28200.0,1,2,0.0733,False,0,3e-06,0.000305,-3.0,0.7695,0,False,0.0,False
100000004377043100,peripheral,0.2,24,0.0742,"обход остановлен на 4-м колене: получил 5,700 от 1; ниже порогов конечного получателя (сумма не меньше, чем у 2% подтверждённых стоков), сток не подтверждён",4,False,1,0,5700.0,0.0,1,0,0.0,True,0,0.0,0.000365,,0.0,0,False,0.4421,False
100000004379306100,peripheral,0.2,6,0.0927,"обход остановлен на 4-м колене: получил 15,000 от 1; ниже порогов конечного получателя (сумма не меньше, чем у 15% подтверждённых стоков), сток не подтверждён",4,False,1,0,15000.0,0.0,1,0,0.0,True,0,0.0,0.000534,,0.0,0,False,0.5079,False
100000004386258100,peripheral,0.2,10,0.6524,"получает от 3 (61,700), отправляет 3 (40,000); ниже порогов ролей",2,False,3,3,61700.0,40000.0,3,3,0.6483,False,0,0.000123,0.000536,20.0,0.0,0,True,0.0,False
100000004386286100,peripheral,0.2,10,0.092,"обход остановлен на 4-м колене: получил 12,500 от 1; ниже порогов конечного получателя (сумма не меньше, чем у 11% подтверждённых стоков), сток не подтверждён",4,False,1,0,12500.0,0.0,1,0,0.0,True,0,0.0,0.0006,,0.0,0,False,0.4898,False
100000004386331100,peripheral,0.2,10,0.4133,"получает от 1 (20,000), отправляет 2 (17,500); ниже порогов ролей",3,False,1,2,20000.0,17500.0,1,2,0.875,False,0,2.1e-05,0.000515,-25.0,0.0,0,True,0.0,False
100000004388209100,peripheral,0.2,56,0.2406,"получает от 1 (11,800), отправляет 0 (0); ниже порогов ролей",1,False,1,0,11800.0,0.0,1,0,0.0,False,1,0.0,0.000289,,0.0,1,False,0.0,False
100000004388353100,terminal,0.3,8,0.5881,"получил 62,960 KZT от 2 плательщиков (2 переводов), исходящих нет; колено 1, обходом не обрезан",1,False,2,0,62960.0,0.0,2,0,0.0,False,1,0.0,0.000342,,0.0,0,False,0.0,False
100000004388983100,peripheral,0.2,84,0.0346,"seed: отправляет 2 получателям 450,816; входящие занижены выгрузкой, пропуск не интерпретируется",0,True,0,2,0.0,450816.0,0,23,,False,0,0.0,0.000287,,0.0,12,False,0.0,False
100000004390333100,peripheral,0.2,0,0.6095,"получает от 2 (64,558), отправляет 9 (506,500); ниже порогов ролей",1,False,2,9,64558.0,506500.0,2,14,7.8457,False,1,0.000161,0.000297,1.0,0.2172,0,True,0.0,False
100000004394765100,peripheral,0.2,1,0.7939,"получает от 3 (603,844), отправляет 2 (82,500); ниже порогов ролей",1,False,3,2,603844.0,82500.0,10,2,0.1366,False,1,6.6e-05,0.000382,-2.0,0.0,0,False,0.0,False
100000004398811100,peripheral,0.2,2,0.6005,"получает от 1 (426,000), отправляет 3 (1,040,672); ниже порогов ролей",2,False,1,3,426000.0,1040672.0,1,4,2.4429,False,0,2e-06,0.000351,-14.0,0.3949,0,False,0.0,False
100000004399686100,terminal,0.612,21,0.6261,"получил 806,000 KZT от 1 плательщиков (2 переводов), исходящих нет; колено 3, обходом не обрезан",3,False,1,0,806000.0,0.0,2,0,0.0,False,0,0.0,0.000573,,0.0,0,False,0.0,False
100000004400305100,coordinator,0.5087,0,0.8583,"связывает 11 кластера; посредничество топ-12 из 2248; получает от 7, отправляет 82; пропуск 2617%",2,False,7,82,222800.0,5830181.0,9,101,26.1678,False,0,0.002654,0.000388,-2.0,0.1336,0,True,0.0,False
100000004400361100,peripheral,0.2,1,0.2002,"получает от 1 (10,000), отправляет 0 (0); ниже порогов ролей",2,False,1,0,10000.0,0.0,1,0,0.0,False,0,0.0,0.000289,,0.0,0,False,0.0,False
100000004400480100,peripheral,0.2,7,0.1014,"обход остановлен на 4-м колене: получил 21,700 от 1; ниже порогов конечного получателя (сумма не меньше, чем у 26% подтверждённых стоков), сток не подтверждён",4,False,1,0,21700.0,0.0,1,0,0.0,True,0,0.0,0.000487,,0.0,0,False,0.5644,False
100000004403548100,peripheral,0.2,6,0.0722,"обход остановлен на 4-м колене: получил 5,000 от 1; ниже порогов конечного получателя (сумма не меньше, чем у 1% подтверждённых стоков), сток не подтверждён",4,False,1,0,5000.0,0.0,1,0,0.0,True,0,0.0,0.000369,,0.0,0,False,0.4397,False
100000004403641100,peripheral,0.2,7,0.1371,"обход остановлен на 4-м колене: получил 171,500 от 1; ниже порогов конечного получателя (сумма не меньше, чем у 80% подтверждённых стоков), сток не подтверждён",4,False,1,0,171500.0,0.0,1,0,0.0,True,0,0.0,0.000302,,0.0,0,False,0.8318,False
100000004403675100,coordinator,0.5435,17,0.9231,"связывает 5 кластера; посредничество топ-11 из 2248; получает от 4, отправляет 5; пропуск 145%",1,False,4,5,182980.0,264699.0,8,6,1.4466,False,2,0.002835,0.000743,3.0,0.0,0,True,0.0,False
100000004407753100,peripheral,0.2,24,0.5434,"получает от 1 (250,000), отправляет 1 (100,000); ниже порогов ролей",3,False,1,1,250000.0,100000.0,4,1,0.4,False,0,0.0,0.000883,2.0,1.0,0,True,0.0,False
100000004408683100,terminal,0.3,1,0.6398,"получил 112,920 KZT от 2 плательщиков (3 переводов), исходящих нет; колено 1, обходом не обрезан",1,False,2,0,112919.68,0.0,3,0,0.0,False,1,0.0,0.000387,,0.0,0,False,0.0,False
100000004410489100,peripheral,0.2,2,0.3932,"получает от 1 (54,000), отправляет 0 (0); ниже порогов ролей",2,False,1,0,54000.0,0.0,1,0,0.0,False,0,0.0,0.000316,,0.0,0,False,0.0,False
100000004417753100,terminal,0.3,2,0.6446,"получил 192,099 KZT от 2 плательщиков (2 переводов), исходящих нет; колено 3, обходом не обрезан",3,False,2,0,192099.0,0.0,2,0,0.0,False,0,0.0,0.000395,,0.0,0,False,0.0,False
100000004418967100,peripheral,0.2,3,0.1389,"обход остановлен на 4-м колене: получил 100,000 от 1; ниже порогов конечного получателя (сумма не меньше, чем у 71% подтверждённых стоков), сток не подтверждён",4,False,1,0,100000.0,0.0,1,0,0.0,True,0,0.0,0.000456,,0.0,0,False,0.7887,False
100000004420041100,peripheral,0.2,10,0.4919,"получает от 1 (69,638), отправляет 7 (651,830); ниже порогов ролей",3,False,1,7,69638.0,651830.0,1,11,9.3603,False,0,0.000157,0.000301,-30.0,0.0,0,False,0.0,False
100000004424023100,peripheral,0.2,7,0.5155,"получает от 1 (50,000), отправляет 1 (100,000); ниже порогов ролей",2,False,1,1,50000.0,100000.0,1,1,2.0,False,0,2.1e-05,0.000976,-8.0,0.0,0,False,0.0,False
100000004433250100,peripheral,0.2,0,0.07,"обход остановлен на 4-м колене: получил 8,000 от 1; ниже порогов конечного получателя (сумма не меньше, чем у 4% подтверждённых стоков), сток не подтверждён",4,False,1,0,8000.0,0.0,1,0,0.0,True,0,0.0,0.000308,,0.0,0,False,0.4537,False
100000004435304100,peripheral,0.2,57,0.3056,"получает от 1 (26,200), отправляет 0 (0); ниже порогов ролей",2,False,1,0,26200.0,0.0,1,0,0.0,False,0,0.0,0.000296,,0.0,1,False,0.0,False
100000004441291100,peripheral,0.2,2,0.3389,"получает от 1 (20,000), отправляет 0 (0); ниже порогов ролей",2,False,1,0,20000.0,0.0,1,0,0.0,False,0,0.0,0.000551,,0.0,0,False,0.0,False
100000004445291100,peripheral,0.2,22,0.2993,"получает от 1 (19,500), отправляет 0 (0); ниже порогов ролей",3,False,1,0,19500.0,0.0,2,0,0.0,False,0,0.0,0.000321,,0.0,0,False,0.0,False
100000004449824100,peripheral,0.2,15,0.0619,"обход остановлен на 4-м колене: получил 9,000 от 1; ниже порогов конечного получателя (сумма не меньше, чем у 5% подтверждённых стоков), сток не подтверждён",4,False,1,0,9000.0,0.0,1,0,0.0,True,0,0.0,0.000292,,0.0,0,False,0.4583,False
100000004450649100,peripheral,0.2,4,0.6598,"получает от 2 (192,528), отправляет 2 (46,527); ниже порогов ролей",3,False,2,2,192528.0,46527.0,2,2,0.2417,False,0,0.000141,0.0003,-10.0,0.0,0,False,0.0,False
100000004451012100,peripheral,0.2,16,0.5066,"получает от 1 (91,245), отправляет 3 (65,740); ниже порогов ролей",3,False,1,3,91245.0,65740.0,1,3,0.7205,False,0,5.9e-05,0.000303,-20.0,0.0,0,False,0.0,False
100000004456564100,peripheral,0.2,12,0.2725,"получает от 1 (10,000), отправляет 0 (0); ниже порогов ролей",2,False,1,0,10000.0,0.0,2,0,0.0,False,0,0.0,0.000394,,0.0,0,False,0.0,False
100000004463277100,peripheral,0.2,66,0.3984,"получает от 1 (35,000), отправляет 0 (0); ниже порогов ролей",2,False,1,0,35000.0,0.0,1,0,0.0,False,0,0.0,0.000695,,0.0,3,False,0.0,False
100000004467157100,peripheral,0.2,29,0.3207,"получает от 1 (20,000), отправляет 1 (7,000); ниже порогов ролей",2,False,1,1,20000.0,7000.0,3,1,0.35,False,0,0.0,0.000388,16.0,0.0,0,True,0.0,False
100000004472936100,peripheral,0.2,11,0.0771,"обход остановлен на 4-м колене: получил 5,000 от 1; ниже порогов конечного получателя (сумма не меньше, чем у 1% подтверждённых стоков), сток не подтверждён",4,False,1,0,5000.0,0.0,1,0,0.0,True,0,0.0,0.000534,,0.0,0,False,0.4397,False
100000004475818100,peripheral,0.2,4,0.3553,"получает от 1 (13,000), отправляет 3 (53,989); ниже порогов ролей",3,False,1,3,13000.0,53989.0,1,3,4.153,False,0,7.1e-05,0.000311,0.0,1.0,0,True,0.0,False
100000004479404100,peripheral,0.2,38,0.7923,"получает от 2 (1,492,000), отправляет 1 (300,000); ниже порогов ролей",2,False,2,1,1492000.0,300000.0,8,2,0.2011,False,0,9.8e-05,0.000871,25.0,0.0,0,True,0.0,False
100000004480280100,peripheral,0.2,2,0.5749,"получает от 1 (146,694), отправляет 2 (295,850); ниже порогов ролей",1,False,1,2,146694.0,295850.0,1,7,2.0168,False,1,3.6e-05,0.000316,-17.0,0.24,0,False,0.0,False
100000004486525100,peripheral,0.2,0,0.7626,"получает от 8 (360,924), отправляет 2 (271,045); ниже порогов ролей",2,False,8,2,360924.0,271045.0,21,3,0.751,False,0,5e-06,0.000809,0.0,0.0594,0,False,0.0,False
100000004488265100,peripheral,0.2,6,0.3321,"получает от 1 (38,740), отправляет 0 (0); ниже порогов ролей",3,False,1,0,38740.0,0.0,1,0,0.0,False,0,0.0,0.000295,,0.0,0,False,0.0,False
100000004491749100,peripheral,0.2,5,0.3973,"получает от 1 (50,000), отправляет 0 (0); ниже порогов ролей",3,False,1,0,50000.0,0.0,1,0,0.0,False,0,0.0,0.000352,,0.0,0,False,0.0,False
100000004491881100,peripheral,0.2,56,0.2717,"получает от 1 (17,144), отправляет 0 (0); ниже порогов ролей",1,False,1,0,17144.0,0.0,1,0,0.0,False,1,0.0,0.00029,,0.0,1,False,0.0,False
100000004493586100,peripheral,0.2,0,0.1932,"получает от 1 (7,500), отправляет 0 (0); ниже порогов ролей",3,False,1,0,7500.0,0.0,1,0,0.0,False,0,0.0,0.00029,,0.0,0,False,0.0,False
100000004494983100,peripheral,0.2,56,0.3526,"получает от 1 (35,000), отправляет 0 (0); ниже порогов ролей",1,False,1,0,35000.0,0.0,1,0,0.0,False,1,0.0,0.000294,,0.0,1,False,0.0,False
100000004497606100,peripheral,0.2,56,0.2633,"получает от 1 (15,534), отправляет 0 (0); ниже порогов ролей",1,False,1,0,15534.0,0.0,1,0,0.0,False,1,0.0,0.00029,,0.0,1,False,0.0,False
100000004500444100,peripheral,0.2,12,0.6793,"получает от 2 (180,000), отправляет 1 (74,000); ниже порогов ролей",3,False,2,1,180000.0,74000.0,7,5,0.4111,False,0,2e-05,0.000466,12.0,0.0,0,False,0.0,False
100000004500781100,peripheral,0.2,12,0.1376,"обход остановлен на 4-м колене: получил 74,000 от 1; ниже порогов конечного получателя (сумма не меньше, чем у 63% подтверждённых стоков), сток не подтверждён",4,False,1,0,74000.0,0.0,5,0,0.0,True,0,0.0,0.000684,,0.0,0,False,0.7493,False
100000004502048100,peripheral,0.2,16,0.0838,"обход остановлен на 4-м колене: получил 13,888 от 1; ниже порогов конечного получателя (сумма не меньше, чем у 12% подтверждённых стоков), сток не подтверждён",4,False,1,0,13888.0,0.0,1,0,0.0,True,0,0.0,0.000341,,0.0,0,False,0.4944,False
100000004508696100,peripheral,0.2,33,0.3491,"получает от 1 (7,000), отправляет 3 (111,000); ниже порогов ролей",3,False,1,3,7000.0,111000.0,1,4,15.8571,False,0,4e-05,0.000424,-15.0,0.955,0,True,0.0,False
100000004509286100,peripheral,0.2,2,0.3638,"получает от 1 (40,000), отправляет 0 (0); ниже порогов ролей",1,False,1,0,40000.0,0.0,1,0,0.0,False,1,0.0,0.000295,,0.0,0,False,0.0,False
100000004526651100,peripheral,0.2,3,0.093,"обход остановлен на 4-м колене: получил 33,000 от 1; ниже порогов конечного получателя (сумма не меньше, чем у 41% подтверждённых стоков), сток не подтверждён",4,False,1,0,33000.0,0.0,1,0,0.0,True,0,0.0,0.000291,,0.0,0,False,0.6404,False
100000004527381100,peripheral,0.2,1,0.5688,"получает от 1 (119,333), отправляет 1 (273,866); ниже порогов ролей",2,False,1,1,119333.17,273866.11,1,1,2.295,False,0,0.000327,0.000377,0.0,1.0,0,True,0.0,False
100000004539443100,terminal,0.3,2,0.5977,"получил 61,990 KZT от 2 плательщиков (2 переводов), исходящих нет; колено 3, обходом не обрезан",3,False,2,0,61990.0,0.0,2,0,0.0,False,0,0.0,0.00096,,0.0,0,False,0.0,False
100000004544958100,peripheral,0.2,8,0.6027,"получает от 1 (168,000), отправляет 2 (23,200); ниже порогов ролей",2,False,1,2,168000.0,23200.0,3,2,0.1381,False,0,2.1e-05,0.001221,4.0,0.0,0,True,0.0,False
100000004549591100,peripheral,0.2,33,0.1217,"обход остановлен на 4-м колене: получил 49,000 от 1; ниже порогов конечного получателя (сумма не меньше, чем у 52% подтверждённых стоков), сток не подтверждён",4,False,1,0,49000.0,0.0,1,0,0.0,True,0,0.0,0.000446,,0.0,0,False,0.6937,False
100000004552204100,peripheral,0.2,28,0.4411,"получает от 1 (22,500), отправляет 2 (10,000); ниже порогов ролей",3,False,1,2,22500.0,10000.0,2,2,0.4444,False,0,2.1e-05,0.000868,-17.0,0.0,0,True,0.0,False
100000004553349100,peripheral,0.2,4,0.2246,"получает от 1 (7,755), отправляет 0 (0); ниже порогов ролей",3,False,1,0,7755.0,0.0,1,0,0.0,False,0,0.0,0.000301,,0.0,0,False,0.0,False
100000004559194100,peripheral,0.2,1,0.5304,"получает от 1 (282,145), отправляет 0 (0); ниже порогов ролей",1,False,1,0,282145.0,0.0,6,0,0.0,False,1,0.0,0.000317,,0.0,0,False,0.0,False
100000004564736100,peripheral,0.2,20,0.2936,"получает от 1 (15,000), отправляет 0 (0); ниже порогов ролей",3,False,1,0,15000.0,0.0,2,0,0.0,False,0,0.0,0.000378,,0.0,0,False,0.0,False
100000004569484100,peripheral,0.2,9,0.6442,"получает от 2 (98,312), отправляет 4 (156,000); ниже порогов ролей",3,False,2,4,98312.0,156000.0,3,4,1.5868,False,0,0.002841,0.000321,3.0,0.0,0,True,0.0,False
100000004569637100,peripheral,0.2,6,0.0807,"обход остановлен на 4-м колене: получил 5,500 от 1; ниже порогов конечного получателя (сумма не меньше, чем у 2% подтверждённых стоков), сток не подтверждён",4,False,1,0,5500.0,0.0,1,0,0.0,True,0,0.0,0.000556,,0.0,0,False,0.4416,False
100000004571634100,peripheral,0.2,8,0.0957,"обход остановлен на 4-м колене: получил 20,000 от 1; ниже порогов конечного получателя (сумма не меньше, чем у 25% подтверждённых стоков), сток не подтверждён",4,False,1,0,20000.0,0.0,1,0,0.0,True,0,0.0,0.000376,,0.0,0,False,0.5575,False
100000004573782100,peripheral,0.2,5,0.2708,"получает от 1 (15,000), отправляет 0 (0); ниже порогов ролей",2,False,1,0,15000.0,0.0,1,0,0.0,False,0,0.0,0.000311,,0.0,0,False,0.0,False
100000004580202100,peripheral,0.2,20,0.3408,"получает от 1 (9,000), отправляет 3 (45,000); ниже порогов ролей",2,False,1,3,9000.0,45000.0,1,4,5.0,False,0,6e-05,0.000323,-12.0,0.1111,0,False,0.0,False
100000004580254100,terminal,0.3,13,0.4779,"получил 27,940 KZT от 2 плательщиков (2 переводов), исходящих нет; колено 3, обходом не обрезан",3,False,2,0,27940.0,0.0,2,0,0.0,False,0,0.0,0.000314,,0.0,0,False,0.0,False
100000004584730100,peripheral,0.2,38,0.1098,"обход остановлен на 4-м колене: получил 47,000 от 1; ниже порогов конечного получателя (сумма не меньше, чем у 51% подтверждённых стоков), сток не подтверждён",4,False,1,0,47000.0,0.0,1,0,0.0,True,0,0.0,0.000305,,0.0,0,False,0.6872,False
100000004586598100,peripheral,0.2,53,0.1725,"обход остановлен на 4-м колене: получил 761,255 от 1; профиль как у конечного получателя (сумма не меньше, чем у 98% подтверждённых стоков) — запросить 5-е колено",4,False,1,0,761255.0,0.0,4,0,0.0,True,0,0.0,0.000542,,0.0,0,False,0.9212,True
100000004587414100,terminal,0.3,4,0.6769,"получил 533,603 KZT от 2 плательщиков (2 переводов), исходящих нет; колено 3, обходом не обрезан",3,False,2,0,533603.0,0.0,2,0,0.0,False,0,0.0,0.000316,,0.0,0,False,0.0,False
100000004588479100,peripheral,0.2,1,0.4914,"получает от 1 (177,633), отправляет 0 (0); ниже порогов ролей",1,False,1,0,177633.0,0.0,2,0,0.0,False,1,0.0,0.000306,,0.0,0,False,0.0,False
100000004591973100,peripheral,0.2,10,0.3555,"получает от 1 (10,000), отправляет 1 (100,000); ниже порогов ролей",3,False,1,1,10000.0,100000.0,1,1,10.0,False,0,2.1e-05,0.000401,-6.0,0.0,0,False,0.0,False
100000004592467100,peripheral,0.2,2,0.1834,"получает от 1 (7,000), отправляет 0 (0); ниже порогов ролей",2,False,1,0,7000.0,0.0,1,0,0.0,False,0,0.0,0.000288,,0.0,0,False,0.0,False
100000004596284100,peripheral,0.2,1,0.1147,"обход остановлен на 4-м колене: получил 30,000 от 1; ниже порогов конечного получателя (сумма не меньше, чем у 39% подтверждённых стоков), сток не подтверждён",4,False,1,0,30000.0,0.0,1,0,0.0,True,0,0.0,0.000594,,0.0,0,False,0.6307,False
100000004601193100,peripheral,0.2,8,0.1392,"обход остановлен на 4-м колене: получил 84,000 от 1; ниже порогов конечного получателя (сумма не меньше, чем у 66% подтверждённых стоков), сток не подтверждён",4,False,1,0,84000.0,0.0,3,0,0.0,True,0,0.0,0.000606,,0.0,0,False,0.7613,False
100000004603109100,peripheral,0.2,21,0.7902,"получает от 3 (2,730,000), отправляет 2 (400,000); ниже порогов ролей",3,False,3,2,2730000.0,400000.0,8,2,0.1465,False,0,1e-06,0.003227,6.0,0.0,0,True,0.0,False
100000004610802100,peripheral,0.2,47,0.1562,"обход остановлен на 4-м колене: получил 241,000 от 1; ниже порогов конечного получателя (сумма не меньше, чем у 86% подтверждённых стоков), сток не подтверждён",4,False,1,0,241000.0,0.0,18,0,0.0,True,0,0.0,0.000476,,0.0,0,False,0.8624,False
100000004611571100,peripheral,0.2,0,0.2587,"получает от 1 (22,550), отправляет 0 (0); ниже порогов ролей",3,False,1,0,22550.0,0.0,1,0,0.0,False,0,0.0,0.000288,,0.0,0,False,0.0,False
100000004613582100,peripheral,0.2,5,0.3259,"получает от 1 (5,000), отправляет 1 (9,500); ниже порогов ролей",3,False,1,1,5000.0,9500.0,1,1,1.9,False,0,0.0,0.000556,15.0,0.0,0,False,0.0,False
100000004616845100,peripheral,0.2,45,0.0784,"обход остановлен на 4-м колене: получил 20,200 от 1; ниже порогов конечного получателя (сумма не меньше, чем у 25% подтверждённых стоков), сток не подтверждён",4,False,1,0,20200.0,0.0,2,0,0.0,True,0,0.0,0.00029,,0.0,0,False,0.5579,False
100000004622227100,peripheral,0.2,0,0.4017,"получает от 1 (24,931), отправляет 3 (19,000); ниже порогов ролей",1,False,1,3,24931.0,19000.0,1,3,0.7621,False,1,4.9e-05,0.000292,3.0,0.0,0,False,0.0,False
100000004629688100,peripheral,0.2,1,0.2434,"получает от 1 (5,000), отправляет 1 (15,000); ниже порогов ролей",3,False,1,1,5000.0,15000.0,1,2,3.0,False,0,0.0,0.00039,-2.0,0.0,0,True,0.0,False
100000004634420100,peripheral,0.2,55,0.2892,"получает от 1 (26,150), отправляет 0 (0); ниже порогов ролей",3,False,1,0,26150.0,0.0,1,0,0.0,False,0,0.0,0.000291,,0.0,1,False,0.0,False
100000004635886100,peripheral,0.2,1,0.2824,"получает от 1 (23,000), отправляет 0 (0); ниже порогов ролей",3,False,1,0,23000.0,0.0,1,0,0.0,False,0,0.0,0.000294,,0.0,0,False,0.0,False
100000004644615100,peripheral,0.2,7,0.4724,"получает от 1 (50,810), отправляет 2 (379,665); ниже порогов ролей",3,False,1,2,50810.0,379665.0,1,14,7.4722,False,0,1e-06,0.000376,-1.0,0.0458,0,False,0.0,False
100000004652395100,peripheral,0.2,0,0.1703,"обход остановлен на 4-м колене: получил 101,528 от 3; профиль как у конечного получателя (сумма не меньше, чем у 71% подтверждённых стоков) — запросить 5-е колено",4,False,3,0,101528.0,0.0,5,0,0.0,True,0,0.0,0.000337,,0.0,0,False,0.848,True
100000004655046100,peripheral,0.2,9,0.1072,"обход остановлен на 4-м колене: получил 24,000 от 1; ниже порогов конечного получателя (сумма не меньше, чем у 30% подтверждённых стоков), сток не подтверждён",4,False,1,0,24000.0,0.0,1,0,0.0,True,0,0.0,0.00056,,0.0,0,False,0.5843,False
100000004657034100,peripheral,0.2,4,0.4206,"получает от 1 (141,250), отправляет 0 (0); ниже порогов ролей",3,False,1,0,141250.0,0.0,1,0,0.0,False,0,0.0,0.000291,,0.0,0,False,0.0,False
100000004659919100,peripheral,0.2,41,0.5748,"получает от 1 (110,000), отправляет 1 (39,000); ниже порогов ролей",3,False,1,1,110000.0,39000.0,2,1,0.3545,False,0,2.5e-05,0.000728,14.0,0.0,0,False,0.0,False
100000004662806100,peripheral,0.2,10,0.6507,"получает от 2 (106,585), отправляет 2 (59,900); ниже порогов ролей",1,False,2,2,106585.0,59900.0,2,3,0.562,False,1,4e-05,0.000307,1.0,0.1669,0,False,0.0,False
100000004664515100,peripheral,0.2,0,0.3571,"получает от 1 (37,691), отправляет 0 (0); ниже порогов ролей",1,False,1,0,37691.0,0.0,1,0,0.0,False,1,0.0,0.000294,,0.0,0,False,0.0,False
100000004664905100,terminal,0.3,1,0.7057,"получил 329,020 KZT от 2 плательщиков (4 переводов), исходящих нет; колено 1, обходом не обрезан",1,False,2,0,329020.0,0.0,4,0,0.0,False,1,0.0,0.000414,,0.0,0,False,0.0,False
100000004666651100,peripheral,0.2,52,0.5467,"получает от 1 (429,250), отправляет 0 (0); ниже порогов ролей",2,False,1,0,429250.0,0.0,1,0,0.0,False,0,0.0,0.00046,,0.0,0,False,0.0,False
100000004670388100,peripheral,0.2,40,0.5771,"получает от 1 (160,354), отправляет 2 (720,000); ниже порогов ролей",3,False,1,2,160354.0,720000.0,1,4,4.4901,False,0,2e-05,0.000516,0.0,0.5278,0,True,0.0,False
100000004671609100,peripheral,0.2,7,0.4219,"получает от 1 (100,000), отправляет 0 (0); ниже порогов ролей",3,False,1,0,100000.0,0.0,1,0,0.0,False,0,0.0,0.000302,,0.0,0,False,0.0,False
100000004673335100,peripheral,0.2,25,0.1344,"обход остановлен на 4-м колене: получил 80,000 от 1; ниже порогов конечного получателя (сумма не меньше, чем у 64% подтверждённых стоков), сток не подтверждён",4,False,1,0,80000.0,0.0,1,0,0.0,True,0,0.0,0.000496,,0.0,0,False,0.7549,False
100000004674178100,peripheral,0.2,22,0.0871,"обход остановлен на 4-м колене: получил 20,000 от 1; ниже порогов конечного получателя (сумма не меньше, чем у 25% подтверждённых стоков), сток не подтверждён",4,False,1,0,20000.0,0.0,1,0,0.0,True,0,0.0,0.000304,,0.0,0,False,0.5575,False
100000004674389100,peripheral,0.2,8,0.0866,"обход остановлен на 4-м колене: получил 15,000 от 1; ниже порогов конечного получателя (сумма не меньше, чем у 15% подтверждённых стоков), сток не подтверждён",4,False,1,0,15000.0,0.0,1,0,0.0,True,0,0.0,0.000354,,0.0,0,False,0.5079,False
100000004674412100,peripheral,0.2,8,0.1207,"обход остановлен на 4-м колене: получил 46,000 от 1; ниже порогов конечного получателя (сумма не меньше, чем у 50% подтверждённых стоков), сток не подтверждён",4,False,1,0,46000.0,0.0,1,0,0.0,True,0,0.0,0.000491,,0.0,0,False,0.6826,False
100000004674799100,peripheral,0.2,0,0.504,"получает от 1 (140,000), отправляет 0 (0); ниже порогов ролей",2,False,1,0,140000.0,0.0,5,0,0.0,False,0,0.0,0.000794,,0.0,0,False,0.0,False
100000004676985100,peripheral,0.2,0,0.3724,"получает от 1 (32,260), отправляет 1 (27,102); ниже порогов ролей",3,False,1,1,32260.0,27102.0,1,1,0.8401,False,0,2e-05,0.000289,3.0,0.0,0,False,0.0,False
100000004677680100,peripheral,0.2,8,0.672,"получает от 2 (63,000), отправляет 1 (168,000); ниже порогов ролей",1,False,2,1,63000.0,168000.0,2,3,2.6667,False,1,4.2e-05,0.001099,5.0,0.0,0,True,0.0,False
100000004679953100,peripheral,0.2,6,0.7683,"получает от 3 (343,538), отправляет 3 (34,100); ниже порогов ролей",1,False,3,3,343538.0,34100.0,3,3,0.0993,False,1,0.00036,0.000336,3.0,0.0,0,True,0.0,False
100000004687099100,peripheral,0.2,5,0.3497,"получает от 1 (30,000), отправляет 0 (0); ниже порогов ролей",2,False,1,0,30000.0,0.0,1,0,0.0,False,0,0.0,0.000336,,0.0,0,False,0.0,False
100000004687282100,peripheral,0.2,1,0.3092,"получает от 1 (20,000), отправляет 0 (0); ниже порогов ролей",2,False,1,0,20000.0,0.0,1,0,0.0,False,0,0.0,0.000334,,0.0,0,False,0.0,False
100000004689658100,peripheral,0.2,6,0.6181,"получает от 1 (456,100), отправляет 1 (7,092); ниже порогов ролей",3,False,1,1,456100.0,7092.0,1,1,0.0155,False,0,2e-05,0.000388,-1.0,0.0,0,False,0.0,False
100000004691350100,peripheral,0.2,40,0.0949,"обход остановлен на 4-м колене: получил 13,300 от 1; ниже порогов конечного получателя (сумма не меньше, чем у 12% подтверждённых стоков), сток не подтверждён",4,False,1,0,13300.0,0.0,1,0,0.0,True,0,0.0,0.000891,,0.0,0,False,0.494,False
100000004692798100,peripheral,0.2,10,0.7379,"получает от 2 (240,305), отправляет 1 (15,000); ниже порогов ролей",1,False,2,1,240305.0,15000.0,4,2,0.0624,False,1,0.0,0.001934,9.0,0.0,0,True,0.0,False
100000004697956100,peripheral,0.2,5,0.2793,"получает от 1 (10,000), отправляет 1 (10,000); ниже порогов ролей",3,False,1,1,10000.0,10000.0,1,1,1.0,False,0,0.0,0.000471,3.0,0.0,0,True,0.0,False
100000004698193100,peripheral,0.2,5,0.7039,"получает от 2 (222,700), отправляет 3 (38,000); ниже порогов ролей",2,False,2,3,222700.0,38000.0,15,5,0.1706,False,0,2e-06,0.000829,9.0,0.0,0,True,0.0,False
100000004707703100,transit,0.8482,1,0.8176,"получил 239,300, отправил 231,650 (97%); 80% ушло в течение 2 дней после прихода",1,False,2,5,239300.0,231650.0,3,6,0.968,False,1,0.000109,0.000638,0.0,0.8029,0,False,0.0,False
100000004713684100,peripheral,0.2,0,0.3083,"получает от 1 (37,500), отправляет 0 (0); ниже порогов ролей",3,False,1,0,37500.0,0.0,1,0,0.0,False,0,0.0,0.000289,,0.0,0,False,0.0,False
100000004714705100,peripheral,0.2,17,0.0346,"seed: отправляет 1 получателям 36,550; входящие занижены выгрузкой, пропуск не интерпретируется",0,True,0,1,0.0,36550.0,0,1,,False,0,0.0,0.000287,,0.0,0,False,0.0,False
100000004715209100,peripheral,0.2,42,0.2675,"получает от 1 (5,000), отправляет 5 (350,450); ниже порогов ролей",3,False,1,5,5000.0,350450.0,1,17,70.09,False,0,7.9e-05,0.000289,-12.0,0.1278,0,True,0.0,False
100000004717647100,peripheral,0.2,38,0.6486,"получает от 1 (300,000), отправляет 5 (2,240,000); ниже порогов ролей",3,False,1,5,300000.0,2240000.0,2,10,7.4667,False,0,7.9e-05,0.001028,-25.0,0.021,0,True,0.0,False
100000004722630100,peripheral,0.2,40,0.1617,"обход остановлен на 4-м колене: получил 340,000 от 1; ниже порогов конечного получателя (сумма не меньше, чем у 90% подтверждённых стоков), сток не подтверждён",4,False,1,0,340000.0,0.0,2,0,0.0,True,0,0.0,0.000494,,0.0,0,False,0.8841,False
100000004722765100,peripheral,0.2,39,0.6219,"получает от 1 (230,000), отправляет 3 (2,284,500); ниже порогов ролей",3,False,1,3,230000.0,2284500.0,1,9,9.9326,False,0,5.9e-05,0.000584,-6.0,0.0766,0,False,0.0,False
100000004723755100,peripheral,0.2,2,0.0346,"seed: отправляет 1 получателям 95,000; входящие занижены выгрузкой, пропуск не интерпретируется",0,True,0,1,0.0,95000.0,0,5,,False,0,0.0,0.000287,,0.0,0,False,0.0,False
100000004726132100,peripheral,0.2,0,0.5867,"получает от 1 (349,000), отправляет 1 (24,000); ниже порогов ролей",3,False,1,1,349000.0,24000.0,1,2,0.0688,False,0,2e-05,0.000318,4.0,0.0,0,False,0.0,False
100000004732589100,peripheral,0.2,8,0.5092,"получает от 1 (227,520), отправляет 0 (0); ниже порогов ролей",2,False,1,0,227520.0,0.0,1,0,0.0,False,0,0.0,0.000396,,0.0,0,False,0.0,False
100000004737477100,peripheral,0.2,0,0.5543,"получает от 2 (49,598), отправляет 1 (40,500); ниже порогов ролей",1,False,2,1,49598.0,40500.0,3,3,0.8166,False,1,2e-05,0.000294,-2.0,0.0,0,False,0.0,False
100000004737764100,terminal,0.3,2,0.6241,"получил 600,000 KZT от 1 плательщиков (1 переводов), исходящих нет; колено 3, обходом не обрезан",3,False,1,0,600000.0,0.0,1,0,0.0,False,0,0.0,0.00068,,0.0,0,False,0.0,False
100000004739664100,peripheral,0.2,56,0.3092,"получает от 1 (12,000), отправляет 1 (10,000); ниже порогов ролей",1,False,1,1,12000.0,10000.0,1,1,0.8333,False,1,1e-06,0.000289,-21.0,0.0,1,False,0.0,False
100000004741837100,peripheral,0.2,1,0.3083,"получает от 1 (25,596), отправляет 0 (0); ниже порогов ролей",1,False,1,0,25596.0,0.0,1,0,0.0,False,1,0.0,0.00029,,0.0,0,False,0.0,False
100000004744306100,peripheral,0.2,17,0.5513,"получает от 1 (69,000), отправляет 2 (92,000); ниже порогов ролей",1,False,1,2,69000.0,92000.0,1,3,1.3333,False,1,4e-05,0.000463,3.0,0.0,0,False,0.0,False
100000004746397100,peripheral,0.2,4,0.5609,"получает от 1 (219,520), отправляет 1 (7,500); ниже порогов ролей",3,False,1,1,219520.0,7500.0,1,1,0.0342,False,0,0.000679,0.000294,-27.0,0.0,0,False,0.0,False
100000004747154100,peripheral,0.2,42,0.1246,"обход остановлен на 4-м колене: получил 67,000 от 1; ниже порогов конечного получателя (сумма не меньше, чем у 62% подтверждённых стоков), сток не подтверждён",4,False,1,0,67000.0,0.0,1,0,0.0,True,0,0.0,0.000334,,0.0,0,False,0.7414,False
100000004750321100,terminal,0.3,9,0.5311,"получил 50,185 KZT от 2 плательщиков (2 переводов), исходящих нет; колено 3, обходом не обрезан",3,False,2,0,50185.0,0.0,2,0,0.0,False,0,0.0,0.000314,,0.0,0,False,0.0,False
100000004750897100,peripheral,0.2,1,0.2811,"получает от 1 (10,000), отправляет 0 (0); ниже порогов ролей",3,False,1,0,10000.0,0.0,1,0,0.0,False,0,0.0,0.000493,,0.0,0,False,0.0,False
100000004756901100,peripheral,0.2,1,0.4606,"получает от 1 (153,248), отправляет 0 (0); ниже порогов ролей",2,False,1,0,153248.0,0.0,1,0,0.0,False,0,0.0,0.000312,,0.0,0,False,0.0,False
100000004759121100,peripheral,0.2,0,0.8422,"получает от 6 (710,000), отправляет 2 (312,000); ниже порогов ролей",1,False,6,2,710000.0,312000.0,10,6,0.4394,False,1,7.8e-05,0.001425,-4.0,0.359,0,True,0.0,False
100000004765639100,peripheral,0.2,0,0.2392,"получает от 1 (5,000), отправляет 2 (11,000); ниже порогов ролей",2,False,1,2,5000.0,11000.0,1,2,2.2,False,0,0.0,0.000363,-15.0,0.5455,0,True,0.0,False
100000004770073100,transit,0.9986,0,0.3118,"получил 5,462, отправил 5,467 (100%); 100% ушло в течение 2 дней после прихода",3,False,1,1,5462.4,5466.97,1,1,1.0008,False,0,2e-05,0.000289,0.0,1.0,0,False,0.0,False
100000004777215100,peripheral,0.2,18,0.1282,"обход остановлен на 4-м колене: получил 60,000 от 1; ниже порогов конечного получателя (сумма не меньше, чем у 60% подтверждённых стоков), сток не подтверждён",4,False,1,0,60000.0,0.0,1,0,0.0,True,0,0.0,0.000467,,0.0,0,False,0.7317,False
100000004779204100,peripheral,0.2,0,0.3681,"получает от 1 (30,450), отправляет 1 (20,000); ниже порогов ролей",3,False,1,1,30450.0,20000.0,1,2,0.6568,False,0,2e-05,0.000289,-2.0,0.5,0,False,0.0,False
100000004780083100,peripheral,0.2,47,0.0656,"обход остановлен на 4-м колене: получил 9,999 от 1; ниже порогов конечного получателя (сумма не меньше, чем у 5% подтверждённых стоков), сток не подтверждён",4,False,1,0,9999.0,0.0,1,0,0.0,True,0,0.0,0.000295,,0.0,0,False,0.4611,False
100000004780327100,peripheral,0.2,15,0.069,"обход остановлен на 4-м колене: получил 12,000 от 1; ниже порогов конечного получателя (сумма не меньше, чем у 10% подтверждённых стоков), сток не подтверждён",4,False,1,0,12000.0,0.0,1,0,0.0,True,0,0.0,0.000293,,0.0,0,False,0.4861,False
100000004783447100,peripheral,0.2,56,0.3241,"получает от 1 (26,200), отправляет 0 (0); ниже порогов ролей",1,False,1,0,26200.0,0.0,1,0,0.0,False,1,0.0,0.000292,,0.0,1,False,0.0,False
100000004784224100,peripheral,0.2,21,0.3965,"получает от 1 (23,500), отправляет 1 (100,000); ниже порогов ролей",1,False,1,1,23500.0,100000.0,2,1,4.2553,False,1,0.0,0.000306,6.0,0.0,0,False,0.0,False
100000004788983100,peripheral,0.2,0,0.1051,"обход остановлен на 4-м колене: получил 27,000 от 1; ниже порогов конечного получателя (сумма не меньше, чем у 36% подтверждённых стоков), сток не подтверждён",4,False,1,0,27000.0,0.0,1,0,0.0,True,0,0.0,0.000371,,0.0,0,False,0.6131,False
100000004790991100,peripheral,0.2,1,0.5173,"получает от 1 (239,413), отправляет 0 (0); ниже порогов ролей",1,False,1,0,239413.0,0.0,4,0,0.0,False,1,0.0,0.000313,,0.0,0,False,0.0,False
100000004791226100,peripheral,0.2,0,0.1013,"обход остановлен на 4-м колене: получил 20,000 от 1; ниже порогов конечного получателя (сумма не меньше, чем у 25% подтверждённых стоков), сток не подтверждён",4,False,1,0,20000.0,0.0,1,0,0.0,True,0,0.0,0.000544,,0.0,0,False,0.5575,False
100000004792397100,peripheral,0.2,56,0.4288,"получает от 1 (73,520), отправляет 0 (0); ниже порогов ролей",1,False,1,0,73520.0,0.0,1,0,0.0,False,1,0.0,0.000302,,0.0,1,False,0.0,False
100000004797167100,peripheral,0.2,19,0.1151,"обход остановлен на 4-м колене: получил 31,000 от 1; ниже порогов конечного получателя (сумма не меньше, чем у 40% подтверждённых стоков), сток не подтверждён",4,False,1,0,31000.0,0.0,1,0,0.0,True,0,0.0,0.000554,,0.0,0,False,0.633,False
100000004798515100,peripheral,0.2,10,0.1493,"обход остановлен на 4-м колене: получил 200,000 от 1; ниже порогов конечного получателя (сумма не меньше, чем у 83% подтверждённых стоков), сток не подтверждён",4,False,1,0,200000.0,0.0,2,0,0.0,True,0,0.0,0.000365,,0.0,0,False,0.8471,False
100000004800452100,peripheral,0.2,4,0.0832,"обход остановлен на 4-м колене: получил 6,545 от 1; ниже порогов конечного получателя (сумма не меньше, чем у 3% подтверждённых стоков), сток не подтверждён",4,False,1,0,6544.53,0.0,1,0,0.0,True,0,0.0,0.000611,,0.0,0,False,0.4476,False
100000004800648100,peripheral,0.2,10,0.1387,"обход остановлен на 4-м колене: получил 131,000 от 1; ниже порогов конечного получателя (сумма не меньше, чем у 75% подтверждённых стоков), сток не подтверждён",4,False,1,0,131000.0,0.0,1,0,0.0,True,0,0.0,0.000338,,0.0,0,False,0.8063,False
100000004806903100,peripheral,0.2,2,0.3265,"получает от 1 (18,000), отправляет 0 (0); ниже порогов ролей",2,False,1,0,18000.0,0.0,1,0,0.0,False,0,0.0,0.000536,,0.0,0,False,0.0,False
100000004813068100,peripheral,0.2,21,0.0346,"seed: отправляет 3 получателям 297,000; входящие занижены выгрузкой, пропуск не интерпретируется",0,True,0,3,0.0,297000.0,0,5,,False,0,0.0,0.000287,,0.0,0,False,0.0,False
100000004816564100,peripheral,0.2,1,0.5955,"получает от 1 (285,480), отправляет 1 (5,000); ниже порогов ролей",2,False,1,1,285480.0,5000.0,1,1,0.0175,False,0,2e-05,0.000378,1.0,1.0,0,False,0.0,False
100000004820260100,peripheral,0.2,1,0.6218,"получает от 1 (234,200), отправляет 3 (215,350); ниже порогов ролей",2,False,1,3,234200.0,215350.0,12,10,0.9195,False,0,2e-05,0.00141,0.0,0.0232,0,True,0.0,False
100000004825069100,peripheral,0.2,57,0.319,"получает от 1 (30,000), отправляет 0 (0); ниже порогов ролей",2,False,1,0,30000.0,0.0,4,0,0.0,False,0,0.0,0.000297,,0.0,1,False,0.0,False
100000004840086100,peripheral,0.2,0,0.1417,"обход остановлен на 4-м колене: получил 100,000 от 1; ниже порогов конечного получателя (сумма не меньше, чем у 71% подтверждённых стоков), сток не подтверждён",4,False,1,0,100000.0,0.0,2,0,0.0,True,0,0.0,0.000542,,0.0,0,False,0.7887,False
100000004841728100,peripheral,0.2,56,0.3978,"получает от 1 (52,208), отправляет 0 (0); ниже порогов ролей",1,False,1,0,52208.0,0.0,1,0,0.0,False,1,0.0,0.000298,,0.0,1,False,0.0,False
100000004847758100,distributor,0.5,2,0.7653,"рассылает 15 получателям 488,800 KZT, средний перевод 21,252; получает от 4",1,False,4,15,115171.0,488800.0,4,23,4.2441,False,1,0.001382,0.000306,4.0,0.0,0,True,0.0,False
100000004848236100,peripheral,0.2,0,0.0699,"обход остановлен на 4-м колене: получил 7,500 от 1; ниже порогов конечного получателя (сумма не меньше, чем у 4% подтверждённых стоков), сток не подтверждён",4,False,1,0,7500.0,0.0,1,0,0.0,True,0,0.0,0.00031,,0.0,0,False,0.4513,False
100000004850609100,peripheral,0.2,0,0.075,"обход остановлен на 4-м колене: получил 10,000 от 1; ниже порогов конечного получателя (сумма не меньше, чем у 8% подтверждённых стоков), сток не подтверждён",4,False,1,0,10000.0,0.0,1,0,0.0,True,0,0.0,0.000314,,0.0,0,False,0.4754,False
100000004856746100,peripheral,0.2,29,0.0859,"обход остановлен на 4-м колене: получил 20,000 от 1; ниже порогов конечного получателя (сумма не меньше, чем у 25% подтверждённых стоков), сток не подтверждён",4,False,1,0,20000.0,0.0,1,0,0.0,True,0,0.0,0.000301,,0.0,0,False,0.5575,False
100000004877085100,peripheral,0.2,11,0.3906,"получает от 1 (25,000), отправляет 3 (95,600); ниже порогов ролей",3,False,1,3,25000.0,95600.0,1,9,3.824,False,0,5.9e-05,0.000296,-5.0,0.7071,0,False,0.0,False
100000004889043100,terminal,0.3,0,0.6274,"получил 272,000 KZT от 2 плательщиков (4 переводов), исходящих нет; колено 3, обходом не обрезан",3,False,2,0,272000.0,0.0,4,0,0.0,False,0,0.0,0.0003,,0.0,0,False,0.0,False
100000004890713100,peripheral,0.2,9,0.1053,"обход остановлен на 4-м колене: получил 40,485 от 1; ниже порогов конечного получателя (сумма не меньше, чем у 47% подтверждённых стоков), сток не подтверждён",4,False,1,0,40485.0,0.0,1,0,0.0,True,0,0.0,0.000302,,0.0,0,False,0.6673,False
100000004891562100,peripheral,0.2,15,0.1354,"обход остановлен на 4-м колене: получил 103,400 от 1; ниже порогов конечного получателя (сумма не меньше, чем у 71% подтверждённых стоков), сток не подтверждён",4,False,1,0,103400.0,0.0,1,0,0.0,True,0,0.0,0.000342,,0.0,0,False,0.791,False
100000004892144100,peripheral,0.2,21,0.7078,"получает от 2 (4,500,000), отправляет 1 (180,300); ниже порогов ролей",3,False,2,1,4500000.0,180300.0,7,1,0.0401,False,0,0.0,0.002827,10.0,0.0,0,True,0.0,False
100000004904960100,terminal,0.3,0,0.5406,"получил 32,000 KZT от 2 плательщиков (2 переводов), исходящих нет; колено 2, обходом не обрезан",2,False,2,0,32000.0,0.0,2,0,0.0,False,0,0.0,0.000781,,0.0,0,False,0.0,False
100000004905207100,peripheral,0.2,12,0.5401,"получает от 1 (380,000), отправляет 0 (0); ниже порогов ролей",2,False,1,0,380000.0,0.0,1,0,0.0,False,0,0.0,0.000437,,0.0,0,False,0.0,False
100000004906181100,peripheral,0.2,31,0.49,"получает от 1 (100,000), отправляет 7 (2,473,418); ниже порогов ролей",3,False,1,7,100000.0,2473417.91,1,33,24.7342,False,0,0.000137,0.00029,-4.0,0.642,0,False,0.0,False
100000004908173100,peripheral,0.2,3,0.0935,"обход остановлен на 4-м колене: получил 21,000 от 1; ниже порогов конечного получателя (сумма не меньше, чем у 26% подтверждённых стоков), сток не подтверждён",4,False,1,0,21000.0,0.0,1,0,0.0,True,0,0.0,0.000322,,0.0,0,False,0.5625,False
100000004911971100,peripheral,0.2,31,0.0931,"обход остановлен на 4-м колене: получил 35,000 от 1; ниже порогов конечного получателя (сумма не меньше, чем у 43% подтверждённых стоков), сток не подтверждён",4,False,1,0,35000.0,0.0,3,0,0.0,True,0,0.0,0.00029,,0.0,0,False,0.6497,False
100000004917367100,terminal,0.3,4,0.5694,"получил 120,000 KZT от 2 плательщиков (2 переводов), исходящих нет; колено 3, обходом не обрезан",3,False,2,0,120000.0,0.0,2,0,0.0,False,0,0.0,0.000295,,0.0,0,False,0.0,False
100000004921657100,peripheral,0.2,2,0.257,"получает от 1 (8,300), отправляет 1 (22,190); ниже порогов ролей",3,False,1,1,8300.0,22190.0,1,1,2.6735,False,0,0.0,0.000363,0.0,1.0,0,False,0.0,False
100000004931931100,peripheral,0.2,0,0.3602,"получает от 1 (23,938), отправляет 1 (45,000); ниже порогов ролей",3,False,1,1,23938.0,45000.0,1,1,1.8799,False,0,2e-05,0.000293,3.0,0.0,0,False,0.0,False
100000004948177100,terminal,0.5,1,0.737,"получил 437,163 KZT от 3 плательщиков (8 переводов), исходящих нет; колено 1, обходом не обрезан",1,False,3,0,437163.0,0.0,8,0,0.0,False,1,0.0,0.000424,,0.0,0,False,0.0,False
100000004950490100,peripheral,0.2,5,0.2593,"получает от 1 (10,000), отправляет 0 (0); ниже порогов ролей",2,False,1,0,10000.0,0.0,1,0,0.0,False,0,0.0,0.000332,,0.0,0,False,0.0,False
100000004959752100,peripheral,0.2,6,0.3578,"получает от 1 (22,200), отправляет 0 (0); ниже порогов ролей",3,False,1,0,22200.0,0.0,1,0,0.0,False,0,0.0,0.000788,,0.0,0,False,0.0,False
100000004962193100,consolidator,1.0,0,0.8202,"получает от 8 плательщиков (900,468 KZT, из них 0 seed), отдаёт дальше 0%",2,False,8,0,900468.0,0.0,11,0,0.0,False,0,0.0,0.00066,,0.0,0,False,0.0,False
100000004970752100,peripheral,0.2,0,0.298,"получает от 1 (10,000), отправляет 0 (0); ниже порогов ролей",3,False,1,0,10000.0,0.0,1,0,0.0,False,0,0.0,0.000746,,0.0,0,False,0.0,False
100000004971871100,peripheral,0.2,82,0.1865,"seed: отправляет 1 получателям 5,650; входящие занижены выгрузкой, пропуск не интерпретируется",0,True,1,1,25400.0,5650.0,3,1,0.2224,False,0,0.0,0.000746,3.0,0.0,11,True,0.0,False
100000004975919100,peripheral,0.2,6,0.3598,"получает от 1 (22,351), отправляет 2 (15,000); ниже порогов ролей",3,False,1,2,22351.0,15000.0,1,2,0.6711,False,0,3.9e-05,0.000291,-19.0,0.0,0,False,0.0,False
100000004976946100,peripheral,0.2,36,0.1491,"обход остановлен на 4-м колене: получил 246,000 от 1; ниже порогов конечного получателя (сумма не меньше, чем у 86% подтверждённых стоков), сток не подтверждён",4,False,1,0,246000.0,0.0,1,0,0.0,True,0,0.0,0.000321,,0.0,0,False,0.8647,False
100000004979264100,peripheral,0.2,3,0.1153,"обход остановлен на 4-м колене: получил 39,800 от 1; ниже порогов конечного получателя (сумма не меньше, чем у 46% подтверждённых стоков), сток не подтверждён",4,False,1,0,39800.0,0.0,1,0,0.0,True,0,0.0,0.000413,,0.0,0,False,0.6626,False
100000004979283100,peripheral,0.2,9,0.3501,"получает от 1 (40,132), отправляет 0 (0); ниже порогов ролей",3,False,1,0,40132.0,0.0,1,0,0.0,False,0,0.0,0.000302,,0.0,0,False,0.0,False
100000004979498100,peripheral,0.2,78,0.5882,"получает от 1 (700,000), отправляет 1 (200,000); ниже порогов ролей",2,False,1,1,700000.0,200000.0,2,1,0.2857,False,0,0.0,0.001328,0.0,1.0,9,True,0.0,False
100000004981068100,peripheral,0.2,2,0.0812,"обход остановлен на 4-м колене: получил 10,000 от 1; ниже порогов конечного получателя (сумма не меньше, чем у 8% подтверждённых стоков), сток не подтверждён",4,False,1,0,10000.0,0.0,1,0,0.0,True,0,0.0,0.000381,,0.0,0,False,0.4754,False
100000004984689100,peripheral,0.2,6,0.371,"получает от 1 (53,030), отправляет 0 (0); ниже порогов ролей",3,False,1,0,53030.0,0.0,1,0,0.0,False,0,0.0,0.000298,,0.0,0,False,0.0,False
100000004988240100,peripheral,0.2,0,0.1,"обход остановлен на 4-м колене: получил 20,000 от 1; ниже порогов конечного получателя (сумма не меньше, чем у 25% подтверждённых стоков), сток не подтверждён",4,False,1,0,20000.0,0.0,1,0,0.0,True,0,0.0,0.000532,,0.0,0,False,0.5575,False
100000004991593100,peripheral,0.2,6,0.1155,"обход остановлен на 4-м колене: получил 45,000 от 1; ниже порогов конечного получателя (сумма не меньше, чем у 50% подтверждённых стоков), сток не подтверждён",4,False,1,0,45000.0,0.0,2,0,0.0,True,0,0.0,0.000356,,0.0,0,False,0.6816,False
100000004991812100,peripheral,0.2,20,0.2641,"получает от 1 (10,000), отправляет 0 (0); ниже порогов ролей",3,False,1,0,10000.0,0.0,1,0,0.0,False,0,0.0,0.000348,,0.0,0,False,0.0,False
100000004993576100,peripheral,0.2,1,0.4792,"получает от 1 (167,000), отправляет 0 (0); ниже порогов ролей",2,False,1,0,167000.0,0.0,1,0,0.0,False,0,0.0,0.00034,,0.0,0,False,0.0,False
100000004997515100,consolidator,0.3,3,0.8542,"получает от 4 плательщиков (395,000 KZT, из них 0 seed), отдаёт дальше 14%",3,False,4,4,395000.0,54500.0,4,4,0.138,False,0,9.1e-05,0.000358,-5.0,0.0,0,False,0.0,False
100000005008589100,peripheral,0.2,0,0.357,"получает от 1 (42,807), отправляет 0 (0); ниже порогов ролей",3,False,1,0,42806.68,0.0,1,0,0.0,False,0,0.0,0.000304,,0.0,0,False,0.0,False
100000005010159100,peripheral,0.2,6,0.0842,"обход остановлен на 4-м колене: получил 7,092 от 1; ниже порогов конечного получателя (сумма не меньше, чем у 3% подтверждённых стоков), сток не подтверждён",4,False,1,0,7092.0,0.0,1,0,0.0,True,0,0.0,0.000617,,0.0,0,False,0.4504,False
100000005017150100,peripheral,0.2,93,0.0,seed без переводов ≥5 000 KZT в выборке; входящие вне выборки,0,True,0,0,0.0,0.0,0,0,,False,0,0.0,0.0,,0.0,-1,False,0.0,False
100000005022552100,peripheral,0.2,1,0.5076,"получает от 1 (241,000), отправляет 1 (5,000); ниже порогов ролей",3,False,1,1,241000.0,5000.0,3,1,0.0207,False,0,0.0,0.000359,15.0,0.0,0,False,0.0,False
100000005022964100,peripheral,0.2,2,0.3076,"получает от 1 (20,000), отправляет 0 (0); ниже порогов ролей",2,False,1,0,20000.0,0.0,1,0,0.0,False,0,0.0,0.000329,,0.0,0,False,0.0,False
100000005025629100,peripheral,0.2,4,0.0684,"обход остановлен на 4-м колене: получил 5,227 от 1; ниже порогов конечного получателя (сумма не меньше, чем у 1% подтверждённых стоков), сток не подтверждён",4,False,1,0,5227.0,0.0,1,0,0.0,True,0,0.0,0.000316,,0.0,0,False,0.4402,False
100000005030592100,peripheral,0.2,1,0.2072,"получает от 1 (10,000), отправляет 0 (0); ниже порогов ролей",2,False,1,0,10000.0,0.0,1,0,0.0,False,0,0.0,0.00029,,0.0,0,False,0.0,False
100000005031696100,peripheral,0.2,41,0.3551,"получает от 1 (5,000), отправляет 2 (115,000); ниже порогов ролей",2,False,1,2,5000.0,115000.0,1,3,23.0,False,0,9.8e-05,0.000542,2.0,0.0435,0,False,0.0,False
100000005032294100,peripheral,0.2,12,0.2725,"получает от 1 (10,000), отправляет 0 (0); ниже порогов ролей",2,False,1,0,10000.0,0.0,1,0,0.0,False,0,0.0,0.000394,,0.0,0,False,0.0,False
100000005034574100,peripheral,0.2,84,0.5488,"получает от 1 (258,816), отправляет 0 (0); ниже порогов ролей",1,False,1,0,258816.0,0.0,16,0,0.0,False,1,0.0,0.000427,,0.0,12,False,0.0,False
100000005037490100,peripheral,0.2,11,0.3586,"получает от 1 (15,000), отправляет 2 (30,000); ниже порогов ролей",3,False,1,2,15000.0,30000.0,1,3,2.0,False,0,2e-05,0.000325,-8.0,0.4667,0,True,0.0,False
100000005041147100,peripheral,0.2,0,0.0859,"обход остановлен на 4-м колене: получил 10,000 от 1; ниже порогов конечного получателя (сумма не меньше, чем у 8% подтверждённых стоков), сток не подтверждён",4,False,1,0,10000.0,0.0,1,0,0.0,True,0,0.0,0.000536,,0.0,0,False,0.4754,False
100000005041905100,peripheral,0.2,55,0.169,"получает от 1 (5,000), отправляет 1 (1,080,351); ниже порогов ролей",3,False,1,1,5000.0,1080351.0,1,5,216.0702,False,0,0.0,0.000288,-23.0,0.0,1,True,0.0,False
100000005042822100,peripheral,0.2,26,0.1709,"обход остановлен на 4-м колене: получил 1,000,000 от 1; профиль как у конечного получателя (сумма не меньше, чем у 99% подтверждённых стоков) — запросить 5-е колено",4,False,1,0,1000000.0,0.0,1,0,0.0,True,0,0.0,0.000455,,0.0,0,False,0.9286,True
100000005048668100,peripheral,0.2,6,0.4429,"получает от 2 (16,668), отправляет 8 (159,400); ниже порогов ролей",3,False,2,8,16668.0,159400.0,2,11,9.5632,False,0,0.000665,0.00029,-11.0,0.0,0,True,0.0,False
100000005049404100,peripheral,0.2,4,0.1294,"обход остановлен на 4-м колене: получил 98,000 от 1; ниже порогов конечного получателя (сумма не меньше, чем у 69% подтверждённых стоков), сток не подтверждён",4,False,1,0,98000.0,0.0,2,0,0.0,True,0,0.0,0.000314,,0.0,0,False,0.7803,False
100000005052998100,peripheral,0.2,0,0.2601,"получает от 1 (9,500), отправляет 1 (28,400); ниже порогов ролей",3,False,1,1,9500.0,28400.0,1,1,2.9895,False,0,4e-06,0.000287,-4.0,0.0,0,True,0.0,False
100000005053653100,peripheral,0.2,11,0.5782,"получает от 2 (63,073), отправляет 1 (25,000); ниже порогов ролей",2,False,2,1,63073.0,25000.0,2,1,0.3964,False,0,2e-05,0.000315,-2.0,0.0,0,False,0.0,False
100000005055454100,peripheral,0.2,66,0.2652,"получает от 1 (6,500), отправляет 0 (0); ниже порогов ролей",3,False,1,0,6500.0,0.0,1,0,0.0,False,0,0.0,0.000508,,0.0,3,False,0.0,False
100000005056870100,peripheral,0.2,75,0.3191,"получает от 1 (20,000), отправляет 0 (0); ниже порогов ролей",1,False,1,0,20000.0,0.0,1,0,0.0,False,1,0.0,0.000305,,0.0,4,False,0.0,False
100000005059998100,peripheral,0.2,2,0.2704,"получает от 1 (18,000), отправляет 0 (0); ниже порогов ролей",2,False,1,0,18000.0,0.0,1,0,0.0,False,0,0.0,0.000297,,0.0,0,False,0.0,False
100000005061890100,peripheral,0.2,2,0.4613,"получает от 1 (90,000), отправляет 0 (0); ниже порогов ролей",3,False,1,0,90000.0,0.0,1,0,0.0,False,0,0.0,0.000537,,0.0,0,False,0.0,False
100000005074393100,peripheral,0.2,11,0.837,"получает от 4 (563,026), отправляет 6 (685,500); ниже порогов ролей",1,False,4,6,563026.0,685500.0,5,10,1.2175,False,1,0.000221,0.001065,-3.0,0.0,0,True,0.0,False
100000005075949100,peripheral,0.2,39,0.179,"обход остановлен на 4-м колене: получил 2,226,000 от 1; профиль как у конечного получателя (сумма не меньше, чем у 100% подтверждённых стоков) — запросить 5-е колено",4,False,1,0,2226000.0,0.0,7,0,0.0,True,0,0.0,0.000771,,0.0,0,False,0.9328,True
100000005077484100,peripheral,0.2,66,0.5617,"получает от 1 (150,000), отправляет 2 (13,550); ниже порогов ролей",2,False,1,2,150000.0,13550.0,1,2,0.0903,False,0,0.0,0.000542,0.0,0.5203,3,True,0.0,False
100000005079473100,peripheral,0.2,6,0.1099,"обход остановлен на 4-м колене: получил 39,312 от 1; ниже порогов конечного получателя (сумма не меньше, чем у 46% подтверждённых стоков), сток не подтверждён",4,False,1,0,39312.0,0.0,1,0,0.0,True,0,0.0,0.000327,,0.0,0,False,0.6613,False
100000005079754100,peripheral,0.2,2,0.5175,"получает от 1 (70,000), отправляет 2 (122,000); ниже порогов ролей",1,False,1,2,70000.0,122000.0,1,2,1.7429,False,1,9.7e-05,0.000301,-9.0,0.1639,0,False,0.0,False
100000005082652100,peripheral,0.2,5,0.3639,"получает от 1 (30,000), отправляет 0 (0); ниже порогов ролей",3,False,1,0,30000.0,0.0,1,0,0.0,False,0,0.0,0.00041,,0.0,0,False,0.0,False
100000005087431100,peripheral,0.2,94,0.0,seed без переводов ≥5 000 KZT в выборке; входящие вне выборки,0,True,0,0,0.0,0.0,0,0,,False,0,0.0,0.0,,0.0,-1,False,0.0,False
100000005087923100,peripheral,0.2,5,0.0984,"обход остановлен на 4-м колене: получил 20,000 от 1; ниже порогов конечного получателя (сумма не меньше, чем у 25% подтверждённых стоков), сток не подтверждён",4,False,1,0,20000.0,0.0,1,0,0.0,True,0,0.0,0.000463,,0.0,0,False,0.5575,False
100000005089460100,peripheral,0.2,55,0.2134,"получает от 1 (12,300), отправляет 0 (0); ниже порогов ролей",3,False,1,0,12300.0,0.0,1,0,0.0,False,0,0.0,0.000289,,0.0,1,False,0.0,False
100000005092518100,peripheral,0.2,56,0.3222,"получает от 1 (26,144), отправляет 0 (0); ниже порогов ролей",1,False,1,0,26144.0,0.0,1,0,0.0,False,1,0.0,0.000292,,0.0,1,False,0.0,False
100000005093521100,peripheral,0.2,2,0.2605,"получает от 1 (15,200), отправляет 0 (0); ниже порогов ролей",1,False,1,0,15200.0,0.0,1,0,0.0,False,1,0.0,0.00029,,0.0,0,False,0.0,False
100000005100475100,peripheral,0.2,5,0.3724,"получает от 1 (40,000), отправляет 0 (0); ниже порогов ролей",3,False,1,0,40000.0,0.0,1,0,0.0,False,0,0.0,0.000339,,0.0,0,False,0.0,False
100000005105153100,peripheral,0.2,0,0.3632,"получает от 1 (30,000), отправляет 0 (0); ниже порогов ролей",2,False,1,0,30000.0,0.0,1,0,0.0,False,0,0.0,0.000403,,0.0,0,False,0.0,False
100000005124479100,peripheral,0.2,0,0.6648,"получает от 2 (137,753), отправляет 2 (22,000); ниже порогов ролей",1,False,2,2,137753.0,22000.0,2,2,0.1597,False,1,4.8e-05,0.000305,-7.0,0.0,0,False,0.0,False
100000005127767100,peripheral,0.2,33,0.2607,"получает от 1 (7,000), отправляет 0 (0); ниже порогов ролей",3,False,1,0,7000.0,0.0,1,0,0.0,False,0,0.0,0.000424,,0.0,0,False,0.0,False
100000005133757100,terminal,0.3,6,0.5636,"получил 65,000 KZT от 2 плательщиков (2 переводов), исходящих нет; колено 1, обходом не обрезан",1,False,2,0,65000.0,0.0,2,0,0.0,False,1,0.0,0.000301,,0.0,0,False,0.0,False
100000005140601100,peripheral,0.2,6,0.644,"получает от 3 (52,685), отправляет 2 (195,300); ниже порогов ролей",2,False,3,2,52685.0,195300.0,4,5,3.7069,False,0,2e-05,0.002722,2.0,0.512,0,True,0.0,False
100000005142492100,peripheral,0.2,5,0.3053,"получает от 1 (10,000), отправляет 1 (57,000); ниже порогов ролей",3,False,1,1,10000.0,57000.0,1,1,5.7,False,0,0.0,0.001936,0.0,1.0,0,True,0.0,False
100000005142589100,peripheral,0.2,0,0.3801,"получает от 1 (50,000), отправляет 0 (0); ниже порогов ролей",2,False,1,0,50000.0,0.0,2,0,0.0,False,0,0.0,0.000312,,0.0,0,False,0.0,False
100000005146665100,peripheral,0.2,45,0.0529,"обход остановлен на 4-м колене: получил 5,500 от 1; ниже порогов конечного получателя (сумма не меньше, чем у 2% подтверждённых стоков), сток не подтверждён",4,False,1,0,5500.0,0.0,1,0,0.0,True,0,0.0,0.000288,,0.0,0,False,0.4416,False
100000005168487100,peripheral,0.2,8,0.3283,"получает от 1 (15,000), отправляет 1 (103,510); ниже порогов ролей",2,False,1,1,15000.0,103510.0,1,14,6.9007,False,0,0.0,0.001838,-19.0,0.174,0,True,0.0,False
100000005171642100,peripheral,0.2,5,0.7556,"получает от 2 (696,800), отправляет 1 (683,600); ниже порогов ролей",3,False,2,1,696800.0,683600.0,5,4,0.9811,False,0,0.0,0.002828,0.0,0.0088,0,True,0.0,False
100000005172860100,peripheral,0.2,0,0.2458,"получает от 1 (15,209), отправляет 0 (0); ниже порогов ролей",3,False,1,0,15209.2,0.0,1,0,0.0,False,0,0.0,0.000293,,0.0,0,False,0.0,False
100000005175148100,peripheral,0.2,1,0.5646,"получает от 2 (79,000), отправляет 1 (15,000); ниже порогов ролей",2,False,2,1,79000.0,15000.0,4,1,0.1899,False,0,0.0,0.000722,1.0,1.0,0,True,0.0,False
100000005182219100,terminal,0.3,4,0.555,"получил 55,000 KZT от 2 плательщиков (2 переводов), исходящих нет; колено 3, обходом не обрезан",3,False,2,0,55000.0,0.0,2,0,0.0,False,0,0.0,0.000356,,0.0,0,False,0.0,False
100000005183943100,terminal,0.3618,72,0.6521,"получил 680,900 KZT от 1 плательщиков (9 переводов), исходящих нет; колено 1, обходом не обрезан",1,False,1,0,680900.0,0.0,9,0,0.0,False,1,0.0,0.000613,,0.0,7,False,0.0,False
100000005186109100,peripheral,0.2,1,0.2657,"получает от 1 (5,000), отправляет 0 (0); ниже порогов ролей",3,False,1,0,5000.0,0.0,1,0,0.0,False,0,0.0,0.000609,,0.0,0,False,0.0,False
100000005186131100,transit,1.0,0,0.3283,"получил 10,000, отправил 10,000 (100%); 100% ушло в течение 2 дней после прихода",3,False,1,1,10000.0,10000.0,1,1,1.0,False,0,2e-05,0.000287,0.0,1.0,0,False,0.0,False
100000005187208100,peripheral,0.2,4,0.2683,"получает от 1 (14,160), отправляет 0 (0); ниже порогов ролей",3,False,1,0,14160.0,0.0,1,0,0.0,False,0,0.0,0.000313,,0.0,0,False,0.0,False
100000005189258100,peripheral,0.2,0,0.1155,"обход остановлен на 4-м колене: получил 50,000 от 1; ниже порогов конечного получателя (сумма не меньше, чем у 54% подтверждённых стоков), сток не подтверждён",4,False,1,0,50000.0,0.0,1,0,0.0,True,0,0.0,0.000317,,0.0,0,False,0.7043,False
100000005198498100,peripheral,0.2,55,0.2979,"получает от 1 (28,800), отправляет 0 (0); ниже порогов ролей",3,False,1,0,28800.0,0.0,1,0,0.0,False,0,0.0,0.000291,,0.0,1,False,0.0,False
100000005198906100,peripheral,0.2,4,0.5344,"получает от 1 (227,970), отправляет 1 (60,000); ниже порогов ролей",3,False,1,1,227970.0,60000.0,1,1,0.2632,False,0,2e-05,0.000294,-14.0,0.0,0,False,0.0,False
100000005203590100,peripheral,0.2,5,0.4155,"получает от 1 (90,000), отправляет 0 (0); ниже порогов ролей",2,False,1,0,90000.0,0.0,1,0,0.0,False,0,0.0,0.000304,,0.0,0,False,0.0,False
100000005205745100,peripheral,0.2,5,0.2303,"получает от 1 (6,000), отправляет 0 (0); ниже порогов ролей",2,False,1,0,6000.0,0.0,1,0,0.0,False,0,0.0,0.000314,,0.0,0,False,0.0,False
100000005209352100,peripheral,0.2,0,0.0741,"обход остановлен на 4-м колене: получил 5,000 от 1; ниже порогов конечного получателя (сумма не меньше, чем у 1% подтверждённых стоков), сток не подтверждён",4,False,1,0,5000.0,0.0,1,0,0.0,True,0,0.0,0.000422,,0.0,0,False,0.4397,False
100000005222360100,peripheral,0.2,12,0.3711,"получает от 1 (5,000), отправляет 1 (27,000); ниже порогов ролей",3,False,1,1,5000.0,27000.0,1,1,5.4,False,0,0.001941,0.000604,4.0,0.0,0,False,0.0,False
100000005226217100,peripheral,0.2,3,0.0922,"обход остановлен на 4-м колене: получил 17,500 от 1; ниже порогов конечного получателя (сумма не меньше, чем у 19% подтверждённых стоков), сток не подтверждён",4,False,1,0,17500.0,0.0,1,0,0.0,True,0,0.0,0.000385,,0.0,0,False,0.5306,False
100000005228059100,peripheral,0.2,56,0.3212,"получает от 1 (26,000), отправляет 0 (0); ниже порогов ролей",1,False,1,0,26000.0,0.0,1,0,0.0,False,1,0.0,0.000292,,0.0,1,False,0.0,False
100000005233755100,peripheral,0.2,13,0.3657,"получает от 1 (25,000), отправляет 1 (5,000); ниже порогов ролей",3,False,1,1,25000.0,5000.0,1,1,0.2,False,0,2e-05,0.000293,0.0,1.0,0,False,0.0,False
100000005235389100,peripheral,0.2,95,0.0,seed без переводов ≥5 000 KZT в выборке; входящие вне выборки,0,True,0,0,0.0,0.0,0,0,,False,0,0.0,0.0,,0.0,-1,False,0.0,False
100000005237935150,peripheral,0.2,7,0.3333,"получает от 1 (34,508), отправляет 0 (0); ниже порогов ролей",2,False,1,0,34508.0,0.0,1,0,0.0,False,0,0.0,0.000299,,0.0,0,False,0.0,False
100000005241556100,peripheral,0.2,14,0.4743,"получает от 1 (100,000), отправляет 0 (0); ниже порогов ролей",3,False,1,0,100000.0,0.0,1,0,0.0,False,0,0.0,0.000551,,0.0,0,False,0.0,False
100000005242320100,distributor,1.0,7,0.7973,"рассылает 21 получателям 8,936,295 KZT, средний перевод 308,148; получает от 2",2,False,2,21,365700.0,8936295.0,2,29,24.4361,False,0,3e-05,0.000502,-13.0,0.092,0,False,0.0,False
100000005264874100,peripheral,0.2,32,0.4308,"получает от 1 (30,000), отправляет 2 (78,000); ниже порогов ролей",3,False,1,2,30000.0,78000.0,1,3,2.6,False,0,1e-06,0.00043,-19.0,0.0,0,True,0.0,False
100000005264990100,peripheral,0.2,17,0.198,"seed: отправляет 2 получателям 122,000; входящие занижены выгрузкой, пропуск не интерпретируется",0,True,1,2,17070.0,122000.0,1,2,7.147,False,0,7.9e-05,0.000366,-7.0,0.0,0,False,0.0,False
100000005265073100,peripheral,0.2,17,0.2891,"получает от 1 (5,000), отправляет 1 (9,000); ниже порогов ролей",3,False,1,1,5000.0,9000.0,1,1,1.8,False,0,2.1e-05,0.0003,-14.0,0.0,0,False,0.0,False
100000005268319100,peripheral,0.2,0,0.359,"получает от 1 (19,713), отправляет 5 (91,000); ниже порогов ролей",3,False,1,5,19712.8,91000.0,2,10,4.6163,False,0,4.1e-05,0.000295,0.0,0.2637,0,True,0.0,False
100000005272139100,peripheral,0.2,1,0.1543,"обход остановлен на 4-м колене: получил 165,000 от 1; ниже порогов конечного получателя (сумма не меньше, чем у 79% подтверждённых стоков), сток не подтверждён",4,False,1,0,165000.0,0.0,1,0,0.0,True,0,0.0,0.000759,,0.0,0,False,0.8267,False
100000005287097100,peripheral,0.2,1,0.6735,"получает от 2 (127,173), отправляет 9 (697,300); ниже порогов ролей",1,False,2,9,127173.0,697300.0,5,42,5.4831,False,1,0.000797,0.000304,-8.0,0.1018,0,True,0.0,False
100000005293969100,peripheral,0.2,0,0.0787,"обход остановлен на 4-м колене: получил 5,467 от 1; ниже порогов конечного получателя (сумма не меньше, чем у 1% подтверждённых стоков), сток не подтверждён",4,False,1,0,5466.97,0.0,1,0,0.0,True,0,0.0,0.000533,,0.0,0,False,0.4411,False
100000005308954100,peripheral,0.2,1,0.5037,"получает от 1 (69,020), отправляет 1 (30,000); ниже порогов ролей",3,False,1,1,69020.0,30000.0,1,1,0.4347,False,0,2e-05,0.000361,5.0,0.0,0,False,0.0,False
100000005314565100,peripheral,0.2,0,0.5046,"получает от 1 (218,500), отправляет 0 (0); ниже порогов ролей",3,False,1,0,218500.0,0.0,3,0,0.0,False,0,0.0,0.000377,,0.0,0,False,0.0,False
100000005316708100,peripheral,0.2,7,0.5027,"получает от 1 (90,000), отправляет 2 (257,500); ниже порогов ролей",1,False,1,2,90000.0,257500.0,1,4,2.8611,False,1,1e-06,0.000299,-15.0,0.0,0,False,0.0,False
100000005317181100,peripheral,0.2,0,0.5385,"получает от 1 (141,250), отправляет 1 (14,500); ниже порогов ролей",3,False,1,1,141250.0,14500.0,1,1,0.1027,False,0,2e-05,0.000324,-11.0,0.0,0,False,0.0,False
100000005326681100,peripheral,0.2,1,0.3234,"получает от 1 (31,228), отправляет 0 (0); ниже порогов ролей",2,False,1,0,31228.0,0.0,1,0,0.0,False,0,0.0,0.000297,,0.0,0,False,0.0,False
100000005328215100,peripheral,0.2,8,0.315,"получает от 1 (27,000), отправляет 0 (0); ниже порогов ролей",2,False,1,0,27000.0,0.0,1,0,0.0,False,0,0.0,0.0003,,0.0,0,False,0.0,False
100000005339662100,peripheral,0.2,1,0.7893,"получает от 4 (202,939), отправляет 4 (295,160); ниже порогов ролей",1,False,4,4,202939.0,295160.0,9,15,1.4544,False,1,0.000142,0.001667,0.0,0.2336,0,True,0.0,False
100000005342513100,peripheral,0.2,57,0.5411,"получает от 1 (235,000), отправляет 1 (30,000); ниже порогов ролей",3,False,1,1,235000.0,30000.0,2,1,0.1277,False,0,0.0,0.001103,0.0,1.0,1,True,0.0,False
100000005357034100,peripheral,0.2,0,0.1906,"получает от 1 (9,754), отправляет 0 (0); ниже порогов ролей",3,False,1,0,9754.0,0.0,1,0,0.0,False,0,0.0,0.000287,,0.0,0,False,0.0,False
100000005357705100,peripheral,0.2,6,0.4636,"получает от 1 (52,595), отправляет 4 (387,080); ниже порогов ролей",3,False,1,4,52595.0,387080.0,1,5,7.3596,False,0,7.8e-05,0.000298,-4.0,0.2725,0,False,0.0,False
100000005360814100,peripheral,0.2,6,0.1454,"обход остановлен на 4-м колене: получил 144,000 от 1; ниже порогов конечного получателя (сумма не меньше, чем у 76% подтверждённых стоков), сток не подтверждён",4,False,1,0,144000.0,0.0,3,0,0.0,True,0,0.0,0.000436,,0.0,0,False,0.8142,False
100000005362848100,peripheral,0.2,9,0.316,"получает от 1 (29,000), отправляет 0 (0); ниже порогов ролей",3,False,1,0,29000.0,0.0,1,0,0.0,False,0,0.0,0.000298,,0.0,0,False,0.0,False
100000005363908100,transit,1.0,76,0.3912,"получил 19,500, отправил 19,500 (100%); 100% ушло в течение 2 дней после прихода",1,False,1,1,19500.0,19500.0,1,1,1.0,False,1,0.0,0.00034,0.0,1.0,6,False,0.0,False
100000005367180100,peripheral,0.2,6,0.0858,"обход остановлен на 4-м колене: получил 7,700 от 1; ниже порогов конечного получателя (сумма не меньше, чем у 4% подтверждённых стоков), сток не подтверждён",4,False,1,0,7700.0,0.0,1,0,0.0,True,0,0.0,0.000786,,0.0,0,False,0.4518,False
100000005367284100,peripheral,0.2,0,0.3128,"получает от 1 (13,700), отправляет 2 (48,300); ниже порогов ролей",3,False,1,2,13700.0,48300.0,1,5,3.5255,False,0,3.9e-05,0.00029,-5.0,0.2836,0,False,0.0,False
100000005367445100,transit,1.0,3,0.3333,"получил 5,000, отправил 5,000 (100%); 100% ушло в течение 2 дней после прихода",3,False,1,1,5000.0,5000.0,1,1,1.0,False,0,0.0,0.00187,1.0,1.0,0,True,0.0,False
100000005370558100,peripheral,0.2,0,0.0621,"обход остановлен на 4-м колене: получил 5,000 от 1; ниже порогов конечного получателя (сумма не меньше, чем у 1% подтверждённых стоков), сток не подтверждён",4,False,1,0,5000.0,0.0,1,0,0.0,True,0,0.0,0.000301,,0.0,0,False,0.4397,False
100000005370580100,peripheral,0.2,11,0.1659,"seed: отправляет 0 получателям 0; входящие занижены выгрузкой, пропуск не интерпретируется",0,True,1,0,24075.0,0.0,1,0,0.0,False,0,0.0,0.000347,,0.0,0,False,0.0,False
100000005375968100,peripheral,0.2,0,0.5341,"получает от 1 (170,082), отправляет 2 (86,000); ниже порогов ролей",3,False,1,2,170082.0,86000.0,1,4,0.5056,False,0,3.9e-05,0.000296,-22.0,0.3488,0,False,0.0,False
100000005382566100,peripheral,0.2,17,0.4807,"seed: отправляет 1 получателям 50,000; входящие занижены выгрузкой, пропуск не интерпретируется",0,True,7,1,393066.0,50000.0,11,1,0.1272,False,6,4.7e-05,0.002122,10.0,0.0,0,True,0.0,False
100000005386383100,peripheral,0.2,17,0.2879,"seed: отправляет 1 получателям 29,000; входящие занижены выгрузкой, пропуск не интерпретируется",0,True,2,1,37500.0,29000.0,2,1,0.7733,False,0,2.9e-05,0.000527,-6.0,0.0,0,False,0.0,False
100000005392290100,peripheral,0.2,86,0.0346,"seed: отправляет 1 получателям 81,465; входящие занижены выгрузкой, пропуск не интерпретируется",0,True,0,1,0.0,81465.0,0,1,,False,0,0.0,0.000287,,0.0,15,False,0.0,False
100000005394708100,peripheral,0.2,17,0.4307,"получает от 1 (26,000), отправляет 1 (65,000); ниже порогов ролей",1,False,1,1,26000.0,65000.0,1,1,2.5,False,1,0.0,0.000347,1.0,1.0,0,False,0.0,False
100000005395727100,peripheral,0.2,1,0.1512,"seed: отправляет 0 получателям 0; входящие занижены выгрузкой, пропуск не интерпретируется",0,True,1,0,17000.0,0.0,1,0,0.0,False,0,0.0,0.000373,,0.0,0,False,0.0,False
100000005402643100,peripheral,0.2,3,0.4964,"получает от 1 (127,800), отправляет 1 (90,000); ниже порогов ролей",2,False,1,1,127800.0,90000.0,1,1,0.7042,False,0,0.0,0.000299,-7.0,0.0,0,False,0.0,False
100000005409156100,terminal,0.3,4,0.6668,"получил 260,080 KZT от 2 плательщиков (2 переводов), исходящих нет; колено 3, обходом не обрезан",3,False,2,0,260080.0,0.0,2,0,0.0,False,0,0.0,0.000426,,0.0,0,False,0.0,False
100000005409680100,peripheral,0.2,4,0.2701,"seed: отправляет 0 получателям 0; входящие занижены выгрузкой, пропуск не интерпретируется",0,True,2,0,55060.0,0.0,2,0,0.0,False,0,0.0,0.000636,,0.0,0,False,0.0,False
100000005413948100,peripheral,0.2,3,0.5726,"получает от 2 (28,215), отправляет 1 (5,000); ниже порогов ролей",2,False,2,1,28215.0,5000.0,2,1,0.1772,False,0,2.2e-05,0.001877,10.0,0.0,0,True,0.0,False
100000005417257100,peripheral,0.2,17,0.0346,"seed: отправляет 2 получателям 106,000; входящие занижены выгрузкой, пропуск не интерпретируется",0,True,0,2,0.0,106000.0,0,2,,False,0,0.0,0.000287,,0.0,0,False,0.0,False
100000005432267100,terminal,0.3,2,0.697,"получил 350,001 KZT от 2 плательщиков (2 переводов), исходящих нет; колено 1, обходом не обрезан",1,False,2,0,350001.0,0.0,2,0,0.0,False,1,0.0,0.000344,,0.0,0,False,0.0,False
100000005454368100,peripheral,0.2,11,0.2505,"seed: отправляет 0 получателям 0; входящие занижены выгрузкой, пропуск не интерпретируется",0,True,2,0,48600.0,0.0,2,0,0.0,False,0,0.0,0.000396,,0.0,0,False,0.0,False
100000005456919100,peripheral,0.2,70,0.7059,"получает от 2 (479,950), отправляет 1 (5,000); ниже порогов ролей",1,False,2,1,479950.0,5000.0,10,1,0.0104,False,1,0.0,0.001388,15.0,0.0,5,True,0.0,False
100000005473151100,peripheral,0.2,9,0.8211,"получает от 3 (1,220,000), отправляет 4 (225,000); ниже порогов ролей",1,False,3,4,1220000.0,225000.0,4,6,0.1844,False,1,0.000246,0.00047,-4.0,0.9111,0,True,0.0,False
100000005474472100,peripheral,0.2,21,0.4733,"получает от 1 (100,000), отправляет 0 (0); ниже порогов ролей",2,False,1,0,100000.0,0.0,1,0,0.0,False,0,0.0,0.000547,,0.0,0,False,0.0,False
100000005475379100,peripheral,0.2,8,0.5596,"получает от 1 (108,370), отправляет 3 (81,000); ниже порогов ролей",3,False,1,3,108370.0,81000.0,1,3,0.7474,False,0,6.7e-05,0.000423,-6.0,0.0,0,False,0.0,False
100000005480435100,peripheral,0.2,96,0.0,seed без переводов ≥5 000 KZT в выборке; входящие вне выборки,0,True,0,0,0.0,0.0,0,0,,False,0,0.0,0.0,,0.0,-1,False,0.0,False
100000005481280100,peripheral,0.2,1,0.417,"получает от 1 (32,700), отправляет 3 (50,000); ниже порогов ролей",2,False,1,3,32700.0,50000.0,1,3,1.5291,False,0,4.4e-05,0.000297,-11.0,0.34,0,False,0.0,False
100000005485830100,peripheral,0.2,75,0.0346,"seed: отправляет 5 получателям 275,885; входящие занижены выгрузкой, пропуск не интерпретируется",0,True,0,5,0.0,275885.0,0,9,,False,0,0.0,0.000287,,0.0,4,False,0.0,False
100000005493505100,peripheral,0.2,2,0.2961,"seed: отправляет 0 получателям 0; входящие занижены выгрузкой, пропуск не интерпретируется",0,True,3,0,62020.0,0.0,3,0,0.0,False,1,0.0,0.00062,,0.0,0,False,0.0,False
100000005495211100,peripheral,0.2,0,0.0934,"обход остановлен на 4-м колене: получил 14,500 от 1; ниже порогов конечного получателя (сумма не меньше, чем у 13% подтверждённых стоков), сток не подтверждён",4,False,1,0,14500.0,0.0,1,0,0.0,True,0,0.0,0.000562,,0.0,0,False,0.4991,False
100000005495722100,peripheral,0.2,97,0.0,seed без переводов ≥5 000 KZT в выборке; входящие вне выборки,0,True,0,0,0.0,0.0,0,0,,False,0,0.0,0.0,,0.0,-1,False,0.0,False
100000005496254100,peripheral,0.2,0,0.2444,"получает от 1 (12,700), отправляет 0 (0); ниже порогов ролей",1,False,1,0,12700.0,0.0,1,0,0.0,False,1,0.0,0.000289,,0.0,0,False,0.0,False
100000005497148100,peripheral,0.2,4,0.1042,"обход остановлен на 4-м колене: получил 24,000 от 1; ниже порогов конечного получателя (сумма не меньше, чем у 30% подтверждённых стоков), сток не подтверждён",4,False,1,0,24000.0,0.0,2,0,0.0,True,0,0.0,0.000492,,0.0,0,False,0.5843,False
100000005498992100,distributor,0.6,3,0.0685,"рассылает 16 получателям 2,262,868 KZT, средний перевод 119,098; получает от 0; seed",0,True,0,16,0.0,2262868.0,0,19,,False,0,0.0,0.000287,,0.0,0,False,0.0,False
100000005505655100,peripheral,0.2,22,0.5838,"получает от 2 (33,070), отправляет 1 (20,000); ниже порогов ролей",1,False,2,1,33070.0,20000.0,2,1,0.6048,False,1,0.000274,0.000323,3.0,0.0,0,True,0.0,False
100000005507142100,peripheral,0.2,32,0.6176,"получает от 3 (51,000), отправляет 3 (100,000); ниже порогов ролей",2,False,3,3,51000.0,100000.0,3,4,1.9608,False,0,5e-06,0.000561,19.0,0.0,0,True,0.0,False
100000005514161100,consolidator,0.3,7,0.9106,"получает от 4 плательщиков (401,500 KZT, из них 1 seed), отдаёт дальше 12%",1,False,4,1,401500.0,50000.0,7,1,0.1245,False,1,4.1e-05,0.00081,-15.0,0.0,0,False,0.0,False
100000005519347100,peripheral,0.2,1,0.3245,"seed: отправляет 1 получателям 99,000; входящие занижены выгрузкой, пропуск не интерпретируется",0,True,2,1,73100.0,99000.0,2,1,1.3543,False,1,2e-06,0.000559,10.0,0.0,0,False,0.0,False
100000005519998100,peripheral,0.2,29,0.7294,"получает от 3 (182,000), отправляет 3 (188,000); ниже порогов ролей",2,False,3,3,182000.0,188000.0,5,8,1.033,False,0,6.1e-05,0.000655,-3.0,0.0372,0,True,0.0,False
100000005523088100,peripheral,0.2,17,0.3089,"seed: отправляет 0 получателям 0; входящие занижены выгрузкой, пропуск не интерпретируется",0,True,1,0,700000.0,0.0,2,0,0.0,False,1,0.0,0.001727,,0.0,0,False,0.0,False
100000005527892100,peripheral,0.2,14,0.7351,"получает от 3 (220,001), отправляет 8 (552,419); ниже порогов ролей",1,False,3,8,220001.0,552419.0,3,8,2.511,False,1,0.000504,0.000314,4.0,0.0,0,False,0.0,False
100000005530114100,peripheral,0.2,13,0.656,"получает от 2 (136,970), отправляет 1 (25,000); ниже порогов ролей",3,False,2,1,136970.0,25000.0,2,1,0.1825,False,0,5e-06,0.000497,2.0,1.0,0,False,0.0,False
100000005532138100,peripheral,0.2,5,0.2994,"получает от 1 (25,046), отправляет 0 (0); ниже порогов ролей",3,False,1,0,25046.0,0.0,1,0,0.0,False,0,0.0,0.000295,,0.0,0,False,0.0,False
100000005539201100,peripheral,0.2,1,0.4537,"получает от 1 (45,504), отправляет 1 (25,000); ниже порогов ролей",1,False,1,1,45504.0,25000.0,1,1,0.5494,False,1,4.3e-05,0.000292,-4.0,0.0,0,False,0.0,False
100000005539910100,peripheral,0.2,2,0.5601,"получает от 1 (102,000), отправляет 2 (22,000); ниже порогов ролей",2,False,1,2,102000.0,22000.0,1,2,0.2157,False,0,4.9e-05,0.000501,4.0,0.0,0,False,0.0,False
100000005543136100,peripheral,0.2,2,0.0346,"seed: отправляет 1 получателям 10,000; входящие занижены выгрузкой, пропуск не интерпретируется",0,True,0,1,0.0,10000.0,0,1,,False,0,0.0,0.000287,,0.0,0,False,0.0,False
100000005546031100,peripheral,0.2,76,0.6641,"получает от 3 (66,800), отправляет 1 (8,000); ниже порогов ролей",1,False,3,1,66800.0,8000.0,6,1,0.1198,False,1,1e-06,0.000716,2.0,1.0,6,True,0.0,False
100000005547096100,peripheral,0.2,77,0.3529,"получает от 1 (8,000), отправляет 2 (226,300); ниже порогов ролей",2,False,1,2,8000.0,226300.0,1,3,28.2875,False,0,0.0,0.000896,-4.0,0.0,6,True,0.0,False
100000005550592100,peripheral,0.2,98,0.0,seed без переводов ≥5 000 KZT в выборке; входящие вне выборки,0,True,0,0,0.0,0.0,0,0,,False,0,0.0,0.0,,0.0,-1,False,0.0,False
100000005553088100,peripheral,0.2,6,0.0789,"обход остановлен на 4-м колене: получил 17,500 от 1; ниже порогов конечного получателя (сумма не меньше, чем у 19% подтверждённых стоков), сток не подтверждён",4,False,1,0,17500.0,0.0,1,0,0.0,True,0,0.0,0.000296,,0.0,0,False,0.5306,False
100000005560900100,peripheral,0.2,99,0.0,seed без переводов ≥5 000 KZT в выборке; входящие вне выборки,0,True,0,0,0.0,0.0,0,0,,False,0,0.0,0.0,,0.0,-1,False,0.0,False
100000005561741100,peripheral,0.2,9,0.3305,"получает от 1 (25,000), отправляет 0 (0); ниже порогов ролей",2,False,1,0,25000.0,0.0,1,0,0.0,False,0,0.0,0.000331,,0.0,0,False,0.0,False
100000005567828100,peripheral,0.2,9,0.1302,"обход остановлен на 4-м колене: получил 94,000 от 1; ниже порогов конечного получателя (сумма не меньше, чем у 68% подтверждённых стоков), сток не подтверждён",4,False,1,0,94000.0,0.0,1,0,0.0,True,0,0.0,0.000322,,0.0,0,False,0.7748,False
100000005568407100,peripheral,0.2,100,0.0,seed без переводов ≥5 000 KZT в выборке; входящие вне выборки,0,True,0,0,0.0,0.0,0,0,,False,0,0.0,0.0,,0.0,-1,False,0.0,False
100000005572303100,peripheral,0.2,1,0.4997,"получает от 1 (75,000), отправляет 1 (20,000); ниже порогов ролей",2,False,1,1,75000.0,20000.0,1,1,0.2667,False,0,3.9e-05,0.000315,-5.0,0.0,0,False,0.0,False
100000005578559100,distributor,1.0,9,0.7465,"рассылает 21 получателям 893,164 KZT, средний перевод 38,833; получает от 2",2,False,2,21,131000.0,893163.67,2,23,6.818,False,0,0.000983,0.000393,-5.0,0.3598,0,True,0.0,False
100000005584222100,peripheral,0.2,0,0.743,"получает от 2 (192,717), отправляет 2 (108,587); ниже порогов ролей",1,False,2,2,192717.0,108587.0,6,3,0.5635,False,1,3.9e-05,0.000879,-4.0,0.0,0,True,0.0,False
100000005588444100,peripheral,0.2,5,0.2376,"получает от 1 (12,300), отправляет 0 (0); ниже порогов ролей",1,False,1,0,12300.0,0.0,1,0,0.0,False,1,0.0,0.000288,,0.0,0,False,0.0,False
100000005589319100,peripheral,0.2,2,0.0971,"обход остановлен на 4-м колене: получил 26,000 от 1; ниже порогов конечного получателя (сумма не меньше, чем у 33% подтверждённых стоков), сток не подтверждён",4,False,1,0,26000.0,0.0,1,0,0.0,True,0,0.0,0.000311,,0.0,0,False,0.601,False
100000005602999100,peripheral,0.2,8,0.3043,"получает от 1 (5,000), отправляет 2 (16,000); ниже порогов ролей",2,False,1,2,5000.0,16000.0,1,3,3.2,False,0,4.3e-05,0.000306,-2.0,0.6875,0,True,0.0,False
100000005608515100,peripheral,0.2,5,0.3753,"получает от 1 (64,000), отправляет 0 (0); ниже порогов ролей",2,False,1,0,64000.0,0.0,4,0,0.0,False,0,0.0,0.000294,,0.0,0,False,0.0,False
100000005610717100,peripheral,0.2,0,0.7386,"получает от 4 (484,500), отправляет 1 (265,200); ниже порогов ролей",3,False,4,1,484500.0,265200.0,6,7,0.5474,False,0,2e-05,0.000346,-6.0,0.0,0,False,0.0,False
100000005612411100,peripheral,0.2,2,0.6992,"получает от 3 (115,500), отправляет 8 (506,997); ниже порогов ролей",1,False,3,8,115500.0,506997.0,4,8,4.3896,False,1,0.000158,0.000329,-21.0,0.4075,0,False,0.0,False
100000005614315100,peripheral,0.2,1,0.5634,"получает от 1 (455,000), отправляет 0 (0); ниже порогов ролей",2,False,1,0,455000.0,0.0,1,0,0.0,False,0,0.0,0.000578,,0.0,0,False,0.0,False
100000005616568100,peripheral,0.2,4,0.1666,"обход остановлен на 4-м колене: получил 530,000 от 1; профиль как у конечного получателя (сумма не меньше, чем у 95% подтверждённых стоков) — запросить 5-е колено",4,False,1,0,530000.0,0.0,1,0,0.0,True,0,0.0,0.000434,,0.0,0,False,0.9106,True
100000005619339100,peripheral,0.2,1,0.2275,"получает от 1 (5,000), отправляет 1 (5,443); ниже порогов ролей",2,False,1,1,5000.0,5442.6,1,1,1.0885,False,0,0.0,0.000322,-18.0,0.0,0,False,0.0,False
100000005620225100,terminal,0.3,0,0.5344,"получил 49,846 KZT от 2 плательщиков (2 переводов), исходящих нет; колено 1, обходом не обрезан",1,False,2,0,49845.66,0.0,2,0,0.0,False,1,0.0,0.000298,,0.0,0,False,0.0,False
100000005621418100,peripheral,0.2,23,0.1005,"обход остановлен на 4-м колене: получил 30,000 от 1; ниже порогов конечного получателя (сумма не меньше, чем у 39% подтверждённых стоков), сток не подтверждён",4,False,1,0,30000.0,0.0,1,0,0.0,True,0,0.0,0.000309,,0.0,0,False,0.6307,False
100000005628518100,peripheral,0.2,16,0.4513,"получает от 1 (77,000), отправляет 0 (0); ниже порогов ролей",3,False,1,0,77000.0,0.0,3,0,0.0,False,0,0.0,0.000535,,0.0,0,False,0.0,False
100000005634552100,peripheral,0.2,0,0.3944,"получает от 1 (25,850), отправляет 3 (1,196,000); ниже порогов ролей",1,False,1,3,25850.0,1196000.0,1,4,46.2669,False,1,3e-05,0.00029,-12.0,0.0,0,False,0.0,False
100000005636951100,peripheral,0.2,5,0.1219,"обход остановлен на 4-м колене: получил 40,000 от 1; ниже порогов конечного получателя (сумма не меньше, чем у 46% подтверждённых стоков), сток не подтверждён",4,False,1,0,40000.0,0.0,1,0,0.0,True,0,0.0,0.000638,,0.0,0,False,0.6659,False
100000005660203100,peripheral,0.2,1,0.6607,"получает от 1 (572,899), отправляет 2 (41,000); ниже порогов ролей",2,False,1,2,572899.0,41000.0,12,5,0.0716,False,0,2e-05,0.000953,12.0,0.0,0,True,0.0,False
100000005661528100,peripheral,0.2,6,0.2887,"получает от 1 (25,000), отправляет 0 (0); ниже порогов ролей",3,False,1,0,25000.0,0.0,1,0,0.0,False,0,0.0,0.000292,,0.0,0,False,0.0,False
100000005661829100,peripheral,0.2,16,0.3964,"получает от 1 (37,790), отправляет 2 (40,362); ниже порогов ролей",3,False,1,2,37790.0,40362.0,1,4,1.0681,False,0,2e-06,0.000293,-1.0,0.8372,0,False,0.0,False
100000005664632100,peripheral,0.2,52,0.4961,"получает от 1 (198,620), отправляет 0 (0); ниже порогов ролей",2,False,1,0,198620.0,0.0,18,0,0.0,False,0,0.0,0.000367,,0.0,0,False,0.0,False
100000005664922100,peripheral,0.2,21,0.5282,"получает от 2 (22,000), отправляет 3 (537,000); ниже порогов ролей",2,False,2,3,22000.0,537000.0,2,4,24.4091,False,0,4e-06,0.000809,-20.0,0.0,0,True,0.0,False
100000005665181100,peripheral,0.2,4,0.6214,"получает от 4 (45,498), отправляет 11 (181,915); ниже порогов ролей",2,False,4,11,45498.0,181915.0,5,11,3.9983,False,0,0.000273,0.0004,-3.0,0.077,0,True,0.0,False
100000005667841100,terminal,0.3,3,0.619,"получил 186,000 KZT от 2 плательщиков (2 переводов), исходящих нет; колено 3, обходом не обрезан",3,False,2,0,186000.0,0.0,2,0,0.0,False,0,0.0,0.000314,,0.0,0,False,0.0,False
100000005668605100,peripheral,0.2,17,0.3127,"seed: отправляет 0 получателям 0; входящие занижены выгрузкой, пропуск не интерпретируется",0,True,3,0,94500.0,0.0,3,0,0.0,False,1,0.0,0.000842,,0.0,0,False,0.0,False
100000005669845100,peripheral,0.2,66,0.3309,"получает от 1 (20,000), отправляет 0 (0); ниже порогов ролей",1,False,1,0,20000.0,0.0,1,0,0.0,False,1,0.0,0.000319,,0.0,3,False,0.0,False
100000005674387100,peripheral,0.2,55,0.2907,"получает от 1 (26,200), отправляет 0 (0); ниже порогов ролей",3,False,1,0,26200.0,0.0,1,0,0.0,False,0,0.0,0.000291,,0.0,1,False,0.0,False
100000005685783100,peripheral,0.2,61,0.1089,"обход остановлен на 4-м колене: получил 26,150 от 1; ниже порогов конечного получателя (сумма не меньше, чем у 34% подтверждённых стоков), сток не подтверждён",4,False,1,0,26150.0,0.0,1,0,0.0,True,0,0.0,0.000534,,0.0,1,False,0.6043,False
100000005704413100,distributor,1.0,9,0.768,"рассылает 32 получателям 1,363,593 KZT, средний перевод 38,960; получает от 3",3,False,3,32,97834.67,1363593.0,4,35,13.9377,False,0,0.002607,0.000602,0.0,0.3676,0,True,0.0,False
100000005709551100,peripheral,0.2,11,0.2957,"получает от 1 (24,560), отправляет 0 (0); ниже порогов ролей",3,False,1,0,24560.0,0.0,1,0,0.0,False,0,0.0,0.000296,,0.0,0,False,0.0,False
100000005711521100,peripheral,0.2,11,0.1579,"обход остановлен на 4-м колене: получил 238,000 от 1; ниже порогов конечного получателя (сумма не меньше, чем у 86% подтверждённых стоков), сток не подтверждён",4,False,1,0,238000.0,0.0,1,0,0.0,True,0,0.0,0.000536,,0.0,0,False,0.8619,False
100000005723580100,peripheral,0.2,3,0.1095,"обход остановлен на 4-м колене: получил 35,000 от 1; ниже порогов конечного получателя (сумма не меньше, чем у 43% подтверждённых стоков), сток не подтверждён",4,False,1,0,35000.0,0.0,1,0,0.0,True,0,0.0,0.000346,,0.0,0,False,0.6497,False
100000005730108100,peripheral,0.2,0,0.2555,"получает от 1 (8,000), отправляет 0 (0); ниже порогов ролей",2,False,1,0,8000.0,0.0,1,0,0.0,False,0,0.0,0.00036,,0.0,0,False,0.0,False
100000005744674100,peripheral,0.2,17,0.0346,"seed: отправляет 1 получателям 50,066; входящие занижены выгрузкой, пропуск не интерпретируется",0,True,0,1,0.0,50066.0,0,2,,False,0,0.0,0.000287,,0.0,0,False,0.0,False
100000005745873100,peripheral,0.2,36,0.1466,"обход остановлен на 4-м колене: получил 223,000 от 1; ниже порогов конечного получателя (сумма не меньше, чем у 84% подтверждённых стоков), сток не подтверждён",4,False,1,0,223000.0,0.0,1,0,0.0,True,0,0.0,0.000318,,0.0,0,False,0.8545,False
100000005754335100,peripheral,0.2,37,0.3911,"получает от 1 (44,037), отправляет 0 (0); ниже порогов ролей",3,False,1,0,44037.0,0.0,1,0,0.0,False,0,0.0,0.000406,,0.0,0,False,0.0,False
100000005756189100,transit,0.591,4,0.487,"получил 65,000, отправил 49,050 (75%); 100% ушло в течение 2 дней после прихода",3,False,1,1,65000.0,49050.0,1,1,0.7546,False,0,2e-05,0.000289,0.0,1.0,0,False,0.0,False
100000005756535100,peripheral,0.2,57,0.3378,"получает от 1 (20,000), отправляет 0 (0); ниже порогов ролей",3,False,1,0,20000.0,0.0,1,0,0.0,False,0,0.0,0.000544,,0.0,1,False,0.0,False
100000005767403100,peripheral,0.2,29,0.1784,"обход остановлен на 4-м колене: получил 1,100,000 от 1; профиль как у конечного получателя (сумма не меньше, чем у 99% подтверждённых стоков) — запросить 5-е колено",4,False,1,0,1100000.0,0.0,2,0,0.0,True,0,0.0,0.001086,,0.0,0,False,0.9296,True
100000005778283100,consolidator,0.3,5,0.838,"получает от 3 плательщиков (615,760 KZT, из них 2 seed), отдаёт дальше 0%",1,False,3,0,615760.0,0.0,3,0,0.0,False,2,0.0,0.000439,,0.0,0,False,0.0,False
100000005782781100,peripheral,0.2,5,0.7339,"получает от 6 (171,888), отправляет 10 (1,263,597); ниже порогов ролей",2,False,6,10,171888.0,1263597.0,10,10,7.3513,False,0,0.000578,0.00049,1.0,0.0716,0,True,0.0,False
100000005782886100,peripheral,0.2,3,0.0858,"обход остановлен на 4-м колене: получил 14,000 от 1; ниже порогов конечного получателя (сумма не меньше, чем у 13% подтверждённых стоков), сток не подтверждён",4,False,1,0,14000.0,0.0,1,0,0.0,True,0,0.0,0.000365,,0.0,0,False,0.4972,False
100000005783452100,peripheral,0.2,7,0.1809,"обход остановлен на 4-м колене: получил 286,500 от 2; профиль как у конечного получателя (сумма не меньше, чем у 88% подтверждённых стоков) — запросить 5-е колено",4,False,2,0,286500.0,0.0,2,0,0.0,True,0,0.0,0.000316,,0.0,0,False,0.9198,True
100000005799271100,peripheral,0.2,8,0.4063,"получает от 1 (45,000), отправляет 0 (0); ниже порогов ролей",2,False,1,0,45000.0,0.0,2,0,0.0,False,0,0.0,0.000539,,0.0,0,False,0.0,False
100000005807278100,peripheral,0.2,75,0.2408,"получает от 1 (8,385), отправляет 0 (0); ниже порогов ролей",1,False,1,0,8385.0,0.0,1,0,0.0,False,1,0.0,0.000294,,0.0,4,False,0.0,False
100000005809252100,peripheral,0.2,4,0.3633,"получает от 1 (25,000), отправляет 0 (0); ниже порогов ролей",2,False,1,0,25000.0,0.0,1,0,0.0,False,0,0.0,0.00057,,0.0,0,False,0.0,False
100000005815602100,peripheral,0.2,1,0.4181,"получает от 1 (20,000), отправляет 1 (165,000); ниже порогов ролей",3,False,1,1,20000.0,165000.0,1,1,8.25,False,0,2e-05,0.000555,19.0,0.0,0,False,0.0,False
100000005820746100,peripheral,0.2,21,0.5992,"получает от 1 (1,989,000), отправляет 1 (60,000); ниже порогов ролей",3,False,1,1,1989000.0,60000.0,2,1,0.0302,False,0,0.0,0.000994,4.0,0.0,0,True,0.0,False
100000005830339100,peripheral,0.2,2,0.7396,"получает от 5 (476,341), отправляет 1 (339,251); ниже порогов ролей",3,False,5,1,476341.0,339251.0,12,1,0.7122,False,0,4e-06,0.000365,20.0,0.0,0,False,0.0,False
100000005834479100,peripheral,0.2,6,0.254,"получает от 1 (7,500), отправляет 2 (14,470); ниже порогов ролей",2,False,1,2,7500.0,14470.0,1,2,1.9293,False,0,2e-06,0.000288,-4.0,0.0,0,False,0.0,False
100000005844459100,terminal,0.3,0,0.6775,"получил 243,400 KZT от 2 плательщиков (2 переводов), исходящих нет; колено 1, обходом не обрезан",1,False,2,0,243400.0,0.0,2,0,0.0,False,1,0.0,0.00034,,0.0,0,False,0.0,False
100000005847078100,peripheral,0.2,55,0.2346,"получает от 1 (16,300), отправляет 0 (0); ниже порогов ролей",3,False,1,0,16300.0,0.0,1,0,0.0,False,0,0.0,0.000289,,0.0,1,False,0.0,False
100000005849100100,peripheral,0.2,2,0.3788,"получает от 1 (33,300), отправляет 0 (0); ниже порогов ролей",2,False,1,0,33300.0,0.0,1,0,0.0,False,0,0.0,0.000493,,0.0,0,False,0.0,False
100000005849862100,peripheral,0.2,5,0.0912,"обход остановлен на 4-м колене: получил 13,000 от 1; ниже порогов конечного получателя (сумма не меньше, чем у 12% подтверждённых стоков), сток не подтверждён",4,False,1,0,13000.0,0.0,2,0,0.0,True,0,0.0,0.000551,,0.0,0,False,0.493,False
100000005852946100,peripheral,0.2,2,0.3078,"получает от 1 (23,746), отправляет 0 (0); ниже порогов ролей",1,False,1,0,23746.0,0.0,1,0,0.0,False,1,0.0,0.000292,,0.0,0,False,0.0,False
100000005857058100,terminal,0.5,0,0.6033,"получил 80,222 KZT от 3 плательщиков (3 переводов), исходящих нет; колено 3, обходом не обрезан",3,False,3,0,80222.0,0.0,3,0,0.0,False,0,0.0,0.000392,,0.0,0,False,0.0,False
100000005873152100,peripheral,0.2,8,0.3426,"получает от 1 (10,000), отправляет 1 (10,000); ниже порогов ролей",3,False,1,1,10000.0,10000.0,1,1,1.0,False,0,0.0,0.000469,-2.0,0.0,0,True,0.0,False
100000005877725100,peripheral,0.2,56,0.4235,"получает от 1 (70,000), отправляет 0 (0); ниже порогов ролей",1,False,1,0,70000.0,0.0,1,0,0.0,False,1,0.0,0.000302,,0.0,1,False,0.0,False
100000005878334100,peripheral,0.2,19,0.1315,"обход остановлен на 4-м колене: получил 76,400 от 1; ниже порогов конечного получателя (сумма не меньше, чем у 64% подтверждённых стоков), сток не подтверждён",4,False,1,0,76400.0,0.0,2,0,0.0,True,0,0.0,0.000401,,0.0,0,False,0.753,False
100000005882013100,peripheral,0.2,11,0.5867,"получает от 2 (135,000), отправляет 1 (10,000); ниже порогов ролей",2,False,2,1,135000.0,10000.0,3,1,0.0741,False,0,0.0,0.000529,1.0,1.0,0,True,0.0,False
100000005888829100,peripheral,0.2,3,0.1427,"обход остановлен на 4-м колене: получил 197,000 от 1; ниже порогов конечного получателя (сумма не меньше, чем у 81% подтверждённых стоков), сток не подтверждён",4,False,1,0,197000.0,0.0,1,0,0.0,True,0,0.0,0.000313,,0.0,0,False,0.8401,False
100000005893892100,peripheral,0.2,4,0.3967,"получает от 1 (102,780), отправляет 0 (0); ниже порогов ролей",3,False,1,0,102780.0,0.0,1,0,0.0,False,0,0.0,0.00029,,0.0,0,False,0.0,False
100000005895525100,peripheral,0.2,75,0.498,"получает от 1 (120,000), отправляет 0 (0); ниже порогов ролей",1,False,1,0,120000.0,0.0,3,0,0.0,False,1,0.0,0.000393,,0.0,4,False,0.0,False
100000005897462100,peripheral,0.2,8,0.4479,"получает от 1 (98,400), отправляет 0 (0); ниже порогов ролей",1,False,1,0,98400.0,0.0,1,0,0.0,False,1,0.0,0.000302,,0.0,0,False,0.0,False
100000005901606100,peripheral,0.2,56,0.3547,"получает от 1 (35,660), отправляет 0 (0); ниже порогов ролей",1,False,1,0,35660.0,0.0,1,0,0.0,False,1,0.0,0.000294,,0.0,1,False,0.0,False
100000005904580100,terminal,0.3,10,0.5898,"получил 72,000 KZT от 2 плательщиков (2 переводов), исходящих нет; колено 2, обходом не обрезан",2,False,2,0,72000.0,0.0,2,0,0.0,False,0,0.0,0.000525,,0.0,0,False,0.0,False
100000005910114100,coordinator,1.0,0,0.8624,"связывает 7 кластера; посредничество топ-4 из 2248; получает от 3, отправляет 19; пропуск 451%",3,False,3,19,326144.0,1469993.0,3,56,4.5072,False,0,0.005942,0.000363,-6.0,0.0551,0,True,0.0,False
100000005910895100,peripheral,0.2,8,0.0809,"обход остановлен на 4-м колене: получил 5,100 от 1; ниже порогов конечного получателя (сумма не меньше, чем у 1% подтверждённых стоков), сток не подтверждён",4,False,1,0,5100.0,0.0,1,0,0.0,True,0,0.0,0.0006,,0.0,0,False,0.4397,False
100000005911352100,peripheral,0.2,33,0.5102,"получает от 2 (15,000), отправляет 3 (24,000); ниже порогов ролей",2,False,2,3,15000.0,24000.0,2,3,1.6,False,0,9.9e-05,0.000554,-16.0,0.0,0,True,0.0,False
100000005931985100,peripheral,0.2,7,0.4143,"получает от 1 (76,000), отправляет 0 (0); ниже порогов ролей",2,False,1,0,76000.0,0.0,1,0,0.0,False,0,0.0,0.000314,,0.0,0,False,0.0,False
100000005932987100,peripheral,0.2,29,0.3464,"получает от 1 (25,000), отправляет 0 (0); ниже порогов ролей",2,False,1,0,25000.0,0.0,3,0,0.0,False,0,0.0,0.000414,,0.0,0,False,0.0,False
100000005933757100,coordinator,0.7589,12,0.9425,"связывает 10 кластера; посредничество топ-8 из 2248; получает от 4, отправляет 34; пропуск 241%",2,False,4,34,1246000.0,3002628.0,6,46,2.4098,False,0,0.003959,0.001003,-5.0,0.1521,0,True,0.0,False
100000005939154100,peripheral,0.2,1,0.2833,"получает от 1 (22,000), отправляет 0 (0); ниже порогов ролей",2,False,1,0,22000.0,0.0,2,0,0.0,False,0,0.0,0.000295,,0.0,0,False,0.0,False
100000005940652100,peripheral,0.2,35,0.2216,"получает от 1 (8,395), отправляет 0 (0); ниже порогов ролей",1,False,1,0,8395.0,0.0,1,0,0.0,False,1,0.0,0.000289,,0.0,0,False,0.0,False
100000005941908100,peripheral,0.2,12,0.2969,"получает от 1 (10,000), отправляет 0 (0); ниже порогов ролей",3,False,1,0,10000.0,0.0,1,0,0.0,False,0,0.0,0.000695,,0.0,0,False,0.0,False
100000005942793100,consolidator,0.3,0,0.6314,"получает от 4 плательщиков (55,000 KZT, из них 0 seed), отдаёт дальше 0%",2,False,4,0,55000.0,0.0,4,0,0.0,False,0,0.0,0.000334,,0.0,0,False,0.0,False
100000005958064100,peripheral,0.2,12,0.2896,"получает от 1 (5,746), отправляет 2 (163,987); ниже порогов ролей",1,False,1,2,5746.0,163986.84,1,3,28.5393,False,1,2.6e-05,0.000287,26.0,0.0,0,False,0.0,False
100000005961971100,peripheral,0.2,56,0.3826,"получает от 1 (47,353), отправляет 0 (0); ниже порогов ролей",1,False,1,0,47353.0,0.0,1,0,0.0,False,1,0.0,0.000297,,0.0,1,False,0.0,False
100000005974542100,peripheral,0.2,20,0.4591,"получает от 1 (94,500), отправляет 0 (0); ниже порогов ролей",3,False,1,0,94500.0,0.0,3,0,0.0,False,0,0.0,0.000486,,0.0,0,False,0.0,False
100000005979037100,peripheral,0.2,6,0.122,"обход остановлен на 4-м колене: получил 60,300 от 1; ниже порогов конечного получателя (сумма не меньше, чем у 60% подтверждённых стоков), сток не подтверждён",4,False,1,0,60300.0,0.0,1,0,0.0,True,0,0.0,0.000326,,0.0,0,False,0.7317,False
100000005995391100,peripheral,0.2,55,0.2394,"получает от 1 (17,200), отправляет 0 (0); ниже порогов ролей",3,False,1,0,17200.0,0.0,1,0,0.0,False,0,0.0,0.00029,,0.0,1,False,0.0,False
100000005996909100,peripheral,0.2,1,0.2313,"получает от 1 (5,500), отправляет 0 (0); ниже порогов ролей",3,False,1,0,5500.0,0.0,1,0,0.0,False,0,0.0,0.000317,,0.0,0,False,0.0,False
100000006008169100,peripheral,0.2,10,0.4184,"получает от 1 (70,000), отправляет 0 (0); ниже порогов ролей",1,False,1,0,70000.0,0.0,1,0,0.0,False,1,0.0,0.000299,,0.0,0,False,0.0,False
100000006020215100,peripheral,0.2,11,0.4134,"получает от 1 (30,000), отправляет 2 (33,800); ниже порогов ролей",3,False,1,2,30000.0,33800.0,1,2,1.1267,False,0,6.2e-05,0.000298,-10.0,0.0,0,False,0.0,False
100000006030946100,peripheral,0.2,56,0.4283,"получает от 1 (73,289), отправляет 0 (0); ниже порогов ролей",1,False,1,0,73289.0,0.0,1,0,0.0,False,1,0.0,0.000302,,0.0,1,False,0.0,False
100000006048193100,peripheral,0.2,0,0.3454,"получает от 1 (41,559), отправляет 0 (0); ниже порогов ролей",3,False,1,0,41559.0,0.0,1,0,0.0,False,0,0.0,0.000298,,0.0,0,False,0.0,False
100000006069103100,peripheral,0.2,1,0.7781,"получает от 3 (228,818), отправляет 3 (270,000); ниже порогов ролей",1,False,3,3,228818.0,270000.0,3,4,1.18,False,1,5.9e-05,0.001156,-1.0,0.0926,0,True,0.0,False
100000006100920100,peripheral,0.2,0,0.4424,"получает от 1 (100,000), отправляет 0 (0); ниже порогов ролей",3,False,1,0,100000.0,0.0,1,0,0.0,False,0,0.0,0.000328,,0.0,0,False,0.0,False
100000006111439100,peripheral,0.2,0,0.5135,"получает от 3 (20,570), отправляет 4 (24,000); ниже порогов ролей",3,False,3,4,20570.0,24000.0,3,4,1.1667,False,0,1.8e-05,0.000367,9.0,0.0,0,True,0.0,False
100000006111442100,peripheral,0.2,3,0.3811,"получает от 1 (64,000), отправляет 0 (0); ниже порогов ролей",3,False,1,0,64000.0,0.0,1,0,0.0,False,0,0.0,0.000297,,0.0,0,False,0.0,False
100000006122699100,terminal,0.3,1,0.5416,"получил 45,865 KZT от 2 плательщиков (2 переводов), исходящих нет; колено 2, обходом не обрезан",2,False,2,0,45865.0,0.0,2,0,0.0,False,0,0.0,0.000406,,0.0,0,False,0.0,False
100000006126743100,peripheral,0.2,4,0.3441,"получает от 1 (55,000), отправляет 0 (0); ниже порогов ролей",3,False,1,0,55000.0,0.0,1,0,0.0,False,0,0.0,0.000289,,0.0,0,False,0.0,False
100000006161893100,peripheral,0.2,1,0.3033,"получает от 1 (14,000), отправляет 0 (0); ниже порогов ролей",2,False,1,0,14000.0,0.0,1,0,0.0,False,0,0.0,0.000534,,0.0,0,False,0.0,False
100000006165886100,peripheral,0.2,0,0.623,"получает от 2 (184,481), отправляет 1 (75,000); ниже порогов ролей",3,False,2,1,184481.0,75000.0,2,1,0.4065,False,0,1e-06,0.0003,11.0,0.0,0,False,0.0,False
100000006169033100,peripheral,0.2,37,0.4915,"получает от 1 (49,000), отправляет 3 (1,140,271); ниже порогов ролей",3,False,1,3,49000.0,1140271.0,1,10,23.2708,False,0,4e-05,0.00042,-10.0,0.0,0,True,0.0,False
100000006171671100,peripheral,0.2,0,0.0851,"обход остановлен на 4-м колене: получил 10,000 от 1; ниже порогов конечного получателя (сумма не меньше, чем у 8% подтверждённых стоков), сток не подтверждён",4,False,1,0,10000.0,0.0,1,0,0.0,True,0,0.0,0.000531,,0.0,0,False,0.4754,False
100000006177176100,peripheral,0.2,1,0.2176,"получает от 1 (8,911), отправляет 0 (0); ниже порогов ролей",1,False,1,0,8911.0,0.0,1,0,0.0,False,1,0.0,0.000288,,0.0,0,False,0.0,False
100000006209210100,peripheral,0.2,5,0.5042,"получает от 1 (229,111), отправляет 0 (0); ниже порогов ролей",3,False,1,0,229111.0,0.0,1,0,0.0,False,0,0.0,0.000362,,0.0,0,False,0.0,False
100000006225798100,peripheral,0.2,13,0.7588,"получает от 3 (722,000), отправляет 2 (26,300); ниже порогов ролей",3,False,3,2,722000.0,26300.0,4,2,0.0364,False,0,3.9e-05,0.000362,-3.0,0.0,0,False,0.0,False
100000006232642100,peripheral,0.2,37,0.1643,"обход остановлен на 4-м колене: получил 456,000 от 1; ниже порогов конечного получателя (сумма не меньше, чем у 93% подтверждённых стоков), сток не подтверждён",4,False,1,0,456000.0,0.0,4,0,0.0,True,0,0.0,0.00043,,0.0,0,False,0.9004,False
100000006232815100,peripheral,0.2,66,0.2873,"seed: отправляет 5 получателям 296,500; входящие занижены выгрузкой, пропуск не интерпретируется",0,True,1,5,160000.0,296500.0,2,5,1.8531,False,0,3e-06,0.000559,-10.0,0.0,3,True,0.0,False
100000006240939100,peripheral,0.2,5,0.5388,"получает от 1 (160,000), отправляет 5 (778,015); ниже порогов ролей",2,False,1,5,160000.0,778015.0,1,5,4.8626,False,0,4e-06,0.00032,-4.0,0.212,0,False,0.0,False
100000006248077100,peripheral,0.2,1,0.3579,"получает от 1 (50,000), отправляет 0 (0); ниже порогов ролей",2,False,1,0,50000.0,0.0,1,0,0.0,False,0,0.0,0.000295,,0.0,0,False,0.0,False
100000006249740100,peripheral,0.2,80,0.0346,"seed: отправляет 3 получателям 93,007; входящие занижены выгрузкой, пропуск не интерпретируется",0,True,0,3,0.0,93007.0,0,5,,False,0,0.0,0.000287,,0.0,8,False,0.0,False
100000006257675100,peripheral,0.2,18,0.1286,"обход остановлен на 4-м колене: получил 70,000 от 1; ниже порогов конечного получателя (сумма не меньше, чем у 62% подтверждённых стоков), сток не подтверждён",4,False,1,0,70000.0,0.0,2,0,0.0,True,0,0.0,0.000384,,0.0,0,False,0.7442,False
100000006274203100,peripheral,0.2,4,0.782,"получает от 2 (3,417,512), отправляет 3 (72,000); ниже порогов ролей",3,False,2,3,3417512.0,72000.0,41,3,0.0211,False,0,3.8e-05,0.000635,-3.0,0.0,0,True,0.0,False
100000006288612100,peripheral,0.2,10,0.0978,"обход остановлен на 4-м колене: получил 30,805 от 1; ниже порогов конечного получателя (сумма не меньше, чем у 40% подтверждённых стоков), сток не подтверждён",4,False,1,0,30805.0,0.0,3,0,0.0,True,0,0.0,0.000299,,0.0,0,False,0.6325,False
100000006308406100,peripheral,0.2,18,0.1532,"обход остановлен на 4-м колене: получил 183,000 от 1; ниже порогов конечного получателя (сумма не меньше, чем у 80% подтверждённых стоков), сток не подтверждён",4,False,1,0,183000.0,0.0,2,0,0.0,True,0,0.0,0.000542,,0.0,0,False,0.8346,False
100000006326645100,peripheral,0.2,56,0.3188,"получает от 1 (25,264), отправляет 0 (0); ниже порогов ролей",1,False,1,0,25264.0,0.0,1,0,0.0,False,1,0.0,0.000292,,0.0,1,False,0.0,False
100000006351075100,peripheral,0.2,36,0.0984,"обход остановлен на 4-м колене: получил 40,000 от 1; ниже порогов конечного получателя (сумма не меньше, чем у 46% подтверждённых стоков), сток не подтверждён",4,False,1,0,40000.0,0.0,2,0,0.0,True,0,0.0,0.000292,,0.0,0,False,0.6659,False
100000006369769100,peripheral,0.2,56,0.365,"получает от 1 (40,000), отправляет 0 (0); ниже порогов ролей",1,False,1,0,40000.0,0.0,1,0,0.0,False,1,0.0,0.000295,,0.0,1,False,0.0,False
100000006381453100,peripheral,0.2,3,0.1236,"обход остановлен на 4-м колене: получил 45,000 от 1; ниже порогов конечного получателя (сумма не меньше, чем у 50% подтверждённых стоков), сток не подтверждён",4,False,1,0,45000.0,0.0,1,0,0.0,True,0,0.0,0.000579,,0.0,0,False,0.6816,False
100000006385877100,peripheral,0.2,3,0.4473,"получает от 1 (53,707), отправляет 1 (36,603); ниже порогов ролей",2,False,1,1,53706.62,36602.93,5,5,0.6815,False,0,0.0,0.002137,-8.0,0.1366,0,True,0.0,False
100000006412162100,peripheral,0.2,15,0.0745,"обход остановлен на 4-м колене: получил 15,000 от 1; ниже порогов конечного получателя (сумма не меньше, чем у 15% подтверждённых стоков), сток не подтверждён",4,False,1,0,15000.0,0.0,2,0,0.0,True,0,0.0,0.000295,,0.0,0,False,0.5079,False
100000006416061100,peripheral,0.2,6,0.1099,"обход остановлен на 4-м колене: получил 30,000 от 1; ниже порогов конечного получателя (сумма не меньше, чем у 39% подтверждённых стоков), сток не подтверждён",4,False,1,0,30000.0,0.0,1,0,0.0,True,0,0.0,0.000437,,0.0,0,False,0.6307,False
100000006424479100,peripheral,0.2,11,0.6706,"получает от 1 (500,000), отправляет 2 (220,000); ниже порогов ролей",2,False,1,2,500000.0,220000.0,2,3,0.44,False,0,7.4e-05,0.000948,14.0,0.0,0,False,0.0,False
100000006443391100,peripheral,0.2,3,0.6922,"получает от 3 (86,776), отправляет 2 (60,042); ниже порогов ролей",1,False,3,2,86775.93,60041.71,7,6,0.6919,False,1,1e-06,0.002435,8.0,0.0,0,True,0.0,False
100000006444163100,peripheral,0.2,27,0.2365,"получает от 1 (6,026), отправляет 0 (0); ниже порогов ролей",3,False,1,0,6026.0,0.0,1,0,0.0,False,0,0.0,0.000321,,0.0,0,False,0.0,False
100000006445501100,peripheral,0.2,8,0.4399,"получает от 1 (91,000), отправляет 0 (0); ниже порогов ролей",1,False,1,0,91000.0,0.0,1,0,0.0,False,1,0.0,0.000301,,0.0,0,False,0.0,False
100000006446271100,terminal,0.3,2,0.5921,"получил 80,000 KZT от 2 плательщиков (2 переводов), исходящих нет; колено 1, обходом не обрезан",1,False,2,0,80000.0,0.0,2,0,0.0,False,1,0.0,0.000315,,0.0,0,False,0.0,False
100000006471232100,peripheral,0.2,55,0.3352,"получает от 1 (41,800), отправляет 0 (0); ниже порогов ролей",3,False,1,0,41800.0,0.0,1,0,0.0,False,0,0.0,0.000293,,0.0,1,False,0.0,False
100000006476758100,peripheral,0.2,8,0.2595,"получает от 1 (5,200), отправляет 0 (0); ниже порогов ролей",3,False,1,0,5200.0,0.0,1,0,0.0,False,0,0.0,0.00052,,0.0,0,False,0.0,False
100000006490557100,peripheral,0.2,5,0.1684,"получает от 1 (5,000), отправляет 0 (0); ниже порогов ролей",2,False,1,0,5000.0,0.0,1,0,0.0,False,0,0.0,0.000287,,0.0,0,False,0.0,False
100000006490615100,peripheral,0.2,11,0.1163,"обход остановлен на 4-м колене: получил 41,600 от 1; ниже порогов конечного получателя (сумма не меньше, чем у 47% подтверждённых стоков), сток не подтверждён",4,False,1,0,41600.0,0.0,6,0,0.0,True,0,0.0,0.000396,,0.0,0,False,0.6705,False
100000006491272100,peripheral,0.2,55,0.2907,"получает от 1 (26,200), отправляет 0 (0); ниже порогов ролей",3,False,1,0,26200.0,0.0,1,0,0.0,False,0,0.0,0.000291,,0.0,1,False,0.0,False
100000006491963100,peripheral,0.2,15,0.0769,"обход остановлен на 4-м колене: получил 16,000 от 1; ниже порогов конечного получателя (сумма не меньше, чем у 17% подтверждённых стоков), сток не подтверждён",4,False,1,0,16000.0,0.0,3,0,0.0,True,0,0.0,0.000295,,0.0,0,False,0.5199,False
100000006492770100,peripheral,0.2,0,0.5603,"получает от 1 (269,000), отправляет 1 (20,000); ниже порогов ролей",3,False,1,1,269000.0,20000.0,1,1,0.0743,False,0,2e-05,0.000302,1.0,1.0,0,False,0.0,False
100000006512787100,peripheral,0.2,0,0.1,"обход остановлен на 4-м колене: получил 20,000 от 1; ниже порогов конечного получателя (сумма не меньше, чем у 25% подтверждённых стоков), сток не подтверждён",4,False,1,0,20000.0,0.0,2,0,0.0,True,0,0.0,0.000532,,0.0,0,False,0.5575,False
100000006518161100,peripheral,0.2,1,0.8199,"получает от 3 (594,200), отправляет 2 (595,899); ниже порогов ролей",1,False,3,2,594200.0,595899.0,13,13,1.0029,False,1,5.9e-05,0.000814,-5.0,0.0168,0,True,0.0,False
100000006522972100,peripheral,0.2,4,0.2356,"получает от 1 (9,515), отправляет 0 (0); ниже порогов ролей",3,False,1,0,9515.0,0.0,1,0,0.0,False,0,0.0,0.000305,,0.0,0,False,0.0,False
100000006523053100,peripheral,0.2,2,0.2593,"получает от 1 (5,000), отправляет 0 (0); ниже порогов ролей",2,False,1,0,5000.0,0.0,1,0,0.0,False,0,0.0,0.000541,,0.0,0,False,0.0,False
100000006527156100,peripheral,0.2,39,0.1071,"обход остановлен на 4-м колене: получил 48,500 от 1; ниже порогов конечного получателя (сумма не меньше, чем у 52% подтверждённых стоков), сток не подтверждён",4,False,1,0,48500.0,0.0,1,0,0.0,True,0,0.0,0.000297,,0.0,0,False,0.6928,False
100000006530134100,terminal,0.3,4,0.5893,"получил 144,663 KZT от 2 плательщиков (2 переводов), исходящих нет; колено 3, обходом не обрезан",3,False,2,0,144663.0,0.0,2,0,0.0,False,0,0.0,0.0003,,0.0,0,False,0.0,False
100000006532229100,peripheral,0.2,3,0.4275,"получает от 1 (105,000), отправляет 0 (0); ниже порогов ролей",3,False,1,0,105000.0,0.0,1,0,0.0,False,0,0.0,0.000302,,0.0,0,False,0.0,False
100000006534886100,peripheral,0.2,1,0.4627,"получает от 1 (71,700), отправляет 1 (167,500); ниже порогов ролей",2,False,1,1,71700.0,167500.0,5,8,2.3361,False,0,0.0,0.001134,6.0,0.0,0,True,0.0,False
100000006557763100,peripheral,0.2,2,0.2643,"получает от 1 (10,000), отправляет 0 (0); ниже порогов ролей",2,False,1,0,10000.0,0.0,1,0,0.0,False,0,0.0,0.000349,,0.0,0,False,0.0,False
100000006562026100,consolidator,0.3,80,0.7185,"получает от 2 плательщиков (75,000 KZT, из них 2 seed), отдаёт дальше 0%",1,False,2,0,75000.0,0.0,6,0,0.0,False,2,0.0,0.000688,,0.0,8,False,0.0,False
100000006564102100,peripheral,0.2,2,0.5145,"получает от 1 (233,235), отправляет 0 (0); ниже порогов ролей",2,False,1,0,233235.0,0.0,1,0,0.0,False,0,0.0,0.00043,,0.0,0,False,0.0,False
100000006567935100,peripheral,0.2,25,0.4777,"получает от 1 (200,000), отправляет 0 (0); ниже порогов ролей",2,False,1,0,200000.0,0.0,1,0,0.0,False,0,0.0,0.000312,,0.0,0,False,0.0,False
100000006573438100,peripheral,0.2,37,0.2067,"получает от 1 (5,000), отправляет 0 (0); ниже порогов ролей",3,False,1,0,5000.0,0.0,1,0,0.0,False,0,0.0,0.0003,,0.0,0,False,0.0,False
100000006579678100,peripheral,0.2,1,0.7532,"получает от 2 (192,930), отправляет 6 (1,668,800); ниже порогов ролей",1,False,2,6,192930.0,1668800.0,2,15,8.6498,False,1,0.000457,0.000628,-1.0,0.1208,0,True,0.0,False
100000006595426100,peripheral,0.2,2,0.4309,"получает от 1 (84,800), отправляет 0 (0); ниже порогов ролей",2,False,1,0,84800.0,0.0,3,0,0.0,False,0,0.0,0.000336,,0.0,0,False,0.0,False
100000006612238100,peripheral,0.2,57,0.4767,"получает от 1 (160,000), отправляет 1 (25,000); ниже порогов ролей",2,False,1,1,160000.0,25000.0,1,1,0.1562,False,0,0.0,0.000341,0.0,1.0,1,True,0.0,False
100000006638021100,peripheral,0.2,7,0.1961,"обход остановлен на 4-м колене: получил 388,500 от 2; профиль как у конечного получателя (сумма не меньше, чем у 91% подтверждённых стоков) — запросить 5-е колено",4,False,2,0,388500.0,0.0,2,0,0.0,True,0,0.0,0.000547,,0.0,0,False,0.9365,True
100000006641671100,peripheral,0.2,6,0.5078,"получает от 2 (22,000), отправляет 1 (25,000); ниже порогов ролей",3,False,2,1,22000.0,25000.0,2,3,1.1364,False,0,6e-06,0.000442,-7.0,0.36,0,False,0.0,False
100000006656003100,peripheral,0.2,56,0.29,"получает от 1 (20,000), отправляет 1 (9,000); ниже порогов ролей",1,False,1,1,20000.0,9000.0,1,1,0.45,False,1,0.0,0.000291,0.0,1.0,1,True,0.0,False
100000006658598100,peripheral,0.2,1,0.2184,"получает от 1 (9,000), отправляет 0 (0); ниже порогов ролей",1,False,1,0,9000.0,0.0,1,0,0.0,False,1,0.0,0.000288,,0.0,0,False,0.0,False
100000006664478100,peripheral,0.2,5,0.5045,"получает от 1 (55,000), отправляет 2 (60,000); ниже порогов ролей",3,False,1,2,55000.0,60000.0,3,2,1.0909,False,0,1e-06,0.00062,3.0,0.0,0,False,0.0,False
100000006679055100,peripheral,0.2,2,0.3099,"получает от 1 (25,000), отправляет 0 (0); ниже порогов ролей",2,False,1,0,25000.0,0.0,1,0,0.0,False,0,0.0,0.000302,,0.0,0,False,0.0,False
100000006684930100,peripheral,0.2,11,0.2344,"получает от 1 (10,000), отправляет 0 (0); ниже порогов ролей",2,False,1,0,10000.0,0.0,1,0,0.0,False,0,0.0,0.0003,,0.0,0,False,0.0,False
100000006687202100,peripheral,0.2,0,0.3887,"получает от 1 (50,000), отправляет 0 (0); ниже порогов ролей",1,False,1,0,50000.0,0.0,1,0,0.0,False,1,0.0,0.000296,,0.0,0,False,0.0,False
100000006689603100,peripheral,0.2,6,0.1546,"обход остановлен на 4-м колене: получил 400,000 от 1; ниже порогов конечного получателя (сумма не меньше, чем у 92% подтверждённых стоков), сток не подтверждён",4,False,1,0,400000.0,0.0,2,0,0.0,True,0,0.0,0.000314,,0.0,0,False,0.8943,False
100000006693788100,peripheral,0.2,0,0.0877,"обход остановлен на 4-м колене: получил 10,764 от 1; ниже порогов конечного получателя (сумма не меньше, чем у 9% подтверждённых стоков), сток не подтверждён",4,False,1,0,10764.0,0.0,1,0,0.0,True,0,0.0,0.000534,,0.0,0,False,0.4777,False
100000006701983100,peripheral,0.2,55,0.2938,"получает от 1 (27,000), отправляет 0 (0); ниже порогов ролей",3,False,1,0,27000.0,0.0,1,0,0.0,False,0,0.0,0.000291,,0.0,1,False,0.0,False
100000006704530100,peripheral,0.2,23,0.6362,"получает от 1 (450,500), отправляет 3 (428,000); ниже порогов ролей",3,False,1,3,450500.0,428000.0,1,5,0.9501,False,0,6e-05,0.0004,-11.0,0.0,0,False,0.0,False
100000006706519100,peripheral,0.2,0,0.1128,"обход остановлен на 4-м колене: получил 36,000 от 1; ниже порогов конечного получателя (сумма не меньше, чем у 44% подтверждённых стоков), сток не подтверждён",4,False,1,0,36000.0,0.0,3,0,0.0,True,0,0.0,0.000392,,0.0,0,False,0.6529,False
100000006707582100,distributor,0.4,8,0.6962,"рассылает 14 получателям 961,138 KZT, средний перевод 64,076; получает от 2",1,False,2,14,39520.0,961138.0,2,15,24.3203,False,1,0.00037,0.00054,-1.0,0.948,0,True,0.0,False
100000006710485100,peripheral,0.2,55,0.2562,"получает от 1 (20,000), отправляет 0 (0); ниже порогов ролей",3,False,1,0,20000.0,0.0,1,0,0.0,False,0,0.0,0.00029,,0.0,1,False,0.0,False
100000006714366100,peripheral,0.2,11,0.2923,"получает от 1 (10,500), отправляет 1 (5,000); ниже порогов ролей",3,False,1,1,10500.0,5000.0,1,1,0.4762,False,0,2e-05,0.000291,0.0,1.0,0,False,0.0,False
100000006734214100,consolidator,0.416,4,0.9005,"получает от 5 плательщиков (610,000 KZT, из них 0 seed), отдаёт дальше 6%",3,False,5,3,610000.0,36000.0,10,4,0.059,False,0,6e-05,0.000609,8.0,0.0,0,False,0.0,False
100000006734554100,peripheral,0.2,69,0.3738,"получает от 1 (16,500), отправляет 1 (25,000); ниже порогов ролей",1,False,1,1,16500.0,25000.0,1,1,1.5152,False,1,1e-06,0.000313,19.0,0.0,3,False,0.0,False
100000006735545100,peripheral,0.2,6,0.0586,"обход остановлен на 4-м колене: получил 5,000 от 1; ниже порогов конечного получателя (сумма не меньше, чем у 1% подтверждённых стоков), сток не подтверждён",4,False,1,0,5000.0,0.0,1,0,0.0,True,0,0.0,0.000295,,0.0,0,False,0.4397,False
100000006745291100,peripheral,0.2,8,0.4309,"получает от 1 (82,534), отправляет 0 (0); ниже порогов ролей",1,False,1,0,82534.0,0.0,1,0,0.0,False,1,0.0,0.000299,,0.0,0,False,0.0,False
100000006746688100,peripheral,0.2,55,0.3335,"получает от 1 (41,000), отправляет 0 (0); ниже порогов ролей",3,False,1,0,41000.0,0.0,1,0,0.0,False,0,0.0,0.000293,,0.0,1,False,0.0,False
100000006755850100,peripheral,0.2,4,0.5651,"получает от 1 (443,476), отправляет 0 (0); ниже порогов ролей",2,False,1,0,443475.8,0.0,3,0,0.0,False,0,0.0,0.000652,,0.0,0,False,0.0,False
100000006756956100,peripheral,0.2,0,0.1338,"обход остановлен на 4-м колене: получил 121,200 от 1; ниже порогов конечного получателя (сумма не меньше, чем у 74% подтверждённых стоков), сток не подтверждён",4,False,1,0,121200.0,0.0,9,0,0.0,True,0,0.0,0.000312,,0.0,0,False,0.8021,False
100000006787636100,peripheral,0.2,1,0.3159,"получает от 1 (20,000), отправляет 0 (0); ниже порогов ролей",2,False,1,0,20000.0,0.0,1,0,0.0,False,0,0.0,0.00036,,0.0,0,False,0.0,False
100000006788200100,consolidator,0.3,5,0.8607,"получает от 4 плательщиков (272,156 KZT, из них 1 seed), отдаёт дальше 24%",1,False,4,3,272155.8,64500.0,4,4,0.237,False,1,9.9e-05,0.000339,-1.0,0.0,0,False,0.0,False
100000006789108100,peripheral,0.2,8,0.3527,"получает от 1 (37,500), отправляет 0 (0); ниже порогов ролей",1,False,1,0,37500.0,0.0,1,0,0.0,False,1,0.0,0.000293,,0.0,0,False,0.0,False
100000006831291100,peripheral,0.2,80,0.0346,"seed: отправляет 1 получателям 15,000; входящие занижены выгрузкой, пропуск не интерпретируется",0,True,0,1,0.0,15000.0,0,3,,False,0,0.0,0.000287,,0.0,8,False,0.0,False
100000006844004100,peripheral,0.2,2,0.3435,"получает от 1 (20,600), отправляет 0 (0); ниже порогов ролей",3,False,1,0,20600.0,0.0,1,0,0.0,False,0,0.0,0.000548,,0.0,0,False,0.0,False
100000006844768100,peripheral,0.2,0,0.6409,"получает от 1 (282,000), отправляет 2 (188,000); ниже порогов ролей",2,False,1,2,282000.0,188000.0,5,5,0.6667,False,0,4e-05,0.00138,3.0,0.0,0,True,0.0,False
100000006852430100,peripheral,0.2,8,0.3922,"получает от 1 (37,000), отправляет 0 (0); ниже порогов ролей",2,False,1,0,37000.0,0.0,1,0,0.0,False,0,0.0,0.000539,,0.0,0,False,0.0,False
100000006866783100,distributor,1.0,0,0.4488,"рассылает 67 получателям 3,948,037 KZT, средний перевод 43,867; получает от 13; seed",0,True,13,67,838812.0,3948037.0,31,90,4.7067,False,0,0.006149,0.000874,0.0,0.2016,0,True,0.0,False
100000006866831100,peripheral,0.2,6,0.0902,"обход остановлен на 4-м колене: получил 16,500 от 1; ниже порогов конечного получателя (сумма не меньше, чем у 18% подтверждённых стоков), сток не подтверждён",4,False,1,0,16500.0,0.0,1,0,0.0,True,0,0.0,0.000369,,0.0,0,False,0.5227,False
100000006882208100,peripheral,0.2,1,0.3357,"получает от 1 (18,000), отправляет 0 (0); ниже порогов ролей",3,False,1,0,18000.0,0.0,1,0,0.0,False,0,0.0,0.000643,,0.0,0,False,0.0,False
100000006888238100,peripheral,0.2,82,0.3981,"получает от 1 (18,000), отправляет 1 (30,000); ниже порогов ролей",2,False,1,1,18000.0,30000.0,1,1,1.6667,False,0,0.0,0.000612,-5.0,0.0,11,False,0.0,False
100000006889963100,consolidator,0.3,4,0.9415,"получает от 4 плательщиков (1,431,000 KZT, из них 2 seed), отдаёт дальше 31%",1,False,4,1,1431000.0,443475.8,6,3,0.3099,False,2,2.6e-05,0.000429,1.0,1.0,0,False,0.0,False
100000006894637100,peripheral,0.2,0,0.3535,"получает от 1 (52,831), отправляет 0 (0); ниже порогов ролей",3,False,1,0,52831.0,0.0,1,0,0.0,False,0,0.0,0.000292,,0.0,0,False,0.0,False
100000006901046100,peripheral,0.2,1,0.4707,"получает от 1 (75,800), отправляет 1 (5,500); ниже порогов ролей",2,False,1,1,75800.0,5500.0,3,1,0.0726,False,0,0.0,0.003045,4.0,0.0,0,True,0.0,False
100000006903193100,peripheral,0.2,6,0.0695,"обход остановлен на 4-м колене: получил 9,000 от 1; ниже порогов конечного получателя (сумма не меньше, чем у 5% подтверждённых стоков), сток не подтверждён",4,False,1,0,9000.0,0.0,1,0,0.0,True,0,0.0,0.000303,,0.0,0,False,0.4583,False
100000006912294100,peripheral,0.2,3,0.3291,"получает от 1 (6,335), отправляет 2 (30,000); ниже порогов ролей",2,False,1,2,6335.09,30000.0,1,2,4.7355,False,0,1e-06,0.000505,-23.0,0.0,0,True,0.0,False
100000006918814100,peripheral,0.2,2,0.0876,"обход остановлен на 4-м колене: получил 20,000 от 1; ниже порогов конечного получателя (сумма не меньше, чем у 25% подтверждённых стоков), сток не подтверждён",4,False,1,0,20000.0,0.0,2,0,0.0,True,0,0.0,0.000306,,0.0,0,False,0.5575,False
100000006919124100,peripheral,0.2,0,0.271,"получает от 1 (25,000), отправляет 0 (0); ниже порогов ролей",3,False,1,0,25000.0,0.0,1,0,0.0,False,0,0.0,0.000288,,0.0,0,False,0.0,False
100000006952718100,peripheral,0.2,1,0.4121,"получает от 1 (71,489), отправляет 0 (0); ниже порогов ролей",1,False,1,0,71489.0,0.0,1,0,0.0,False,1,0.0,0.000295,,0.0,0,False,0.0,False
100000006965162100,peripheral,0.2,24,0.2468,"получает от 1 (10,000), отправляет 0 (0); ниже порогов ролей",3,False,1,0,10000.0,0.0,1,0,0.0,False,0,0.0,0.000311,,0.0,0,False,0.0,False
100000006967370100,peripheral,0.2,13,0.3974,"получает от 1 (33,225), отправляет 1 (13,526); ниже порогов ролей",3,False,1,1,33225.0,13526.27,1,1,0.4071,False,0,2e-05,0.000295,0.0,1.0,0,False,0.0,False
100000006972210100,consolidator,0.45,3,0.8436,"получает от 3 плательщиков (488,775 KZT, из них 3 seed), отдаёт дальше 0%",1,False,3,0,488775.0,0.0,4,0,0.0,False,3,0.0,0.000348,,0.0,0,False,0.0,False
100000006977207100,distributor,0.5,19,0.6849,"рассылает 15 получателям 4,157,018 KZT, средний перевод 277,135; получает от 1",2,False,1,15,414000.0,4157018.0,1,15,10.0411,False,0,3.3e-05,0.000349,-22.0,0.0,0,False,0.0,False
100000006989106100,peripheral,0.2,5,0.4334,"получает от 1 (64,000), отправляет 0 (0); ниже порогов ролей",2,False,1,0,64000.0,0.0,2,0,0.0,False,0,0.0,0.000498,,0.0,0,False,0.0,False
100000006989232100,peripheral,0.2,0,0.2602,"получает от 1 (22,194), отправляет 0 (0); ниже порогов ролей",3,False,1,0,22194.0,0.0,1,0,0.0,False,0,0.0,0.000289,,0.0,0,False,0.0,False
100000006994985100,peripheral,0.2,5,0.4879,"получает от 1 (48,500), отправляет 1 (10,200); ниже порогов ролей",2,False,1,1,48500.0,10200.0,2,2,0.2103,False,0,2e-05,0.000504,1.0,0.5098,0,False,0.0,False
100000007005380100,peripheral,0.2,4,0.2345,"получает от 1 (9,400), отправляет 0 (0); ниже порогов ролей",3,False,1,0,9400.0,0.0,1,0,0.0,False,0,0.0,0.000304,,0.0,0,False,0.0,False
100000007018630100,peripheral,0.2,83,0.0346,"seed: отправляет 1 получателям 200,000; входящие занижены выгрузкой, пропуск не интерпретируется",0,True,0,1,0.0,200000.0,0,5,,False,0,0.0,0.000287,,0.0,13,False,0.0,False
100000007020162100,peripheral,0.2,12,0.4195,"получает от 1 (86,395), отправляет 0 (0); ниже порогов ролей",3,False,1,0,86395.0,0.0,1,0,0.0,False,0,0.0,0.000311,,0.0,0,False,0.0,False
100000007022818100,peripheral,0.2,55,0.2394,"получает от 1 (17,200), отправляет 0 (0); ниже порогов ролей",3,False,1,0,17200.0,0.0,1,0,0.0,False,0,0.0,0.00029,,0.0,1,False,0.0,False
100000007034089100,peripheral,0.2,3,0.1754,"обход остановлен на 4-м колене: получил 198,000 от 2; профиль как у конечного получателя (сумма не меньше, чем у 81% подтверждённых стоков) — запросить 5-е колено",4,False,2,0,198000.0,0.0,2,0,0.0,True,0,0.0,0.000323,,0.0,0,False,0.886,True
100000007042175100,peripheral,0.2,0,0.1304,"обход остановлен на 4-м колене: получил 60,000 от 1; ниже порогов конечного получателя (сумма не меньше, чем у 60% подтверждённых стоков), сток не подтверждён",4,False,1,0,60000.0,0.0,1,0,0.0,True,0,0.0,0.000536,,0.0,0,False,0.7317,False
100000007055802100,consolidator,0.3512,0,0.9316,"получает от 6 плательщиков (2,024,999 KZT, из них 1 seed), отдаёт дальше 30%",1,False,6,1,2024999.0,605000.0,34,7,0.2988,False,1,4e-06,0.001187,0.0,0.6066,0,True,0.0,False
100000007071852100,peripheral,0.2,6,0.1514,"обход остановлен на 4-м колене: получил 195,000 от 1; ниже порогов конечного получателя (сумма не меньше, чем у 81% подтверждённых стоков), сток не подтверждён",4,False,1,0,195000.0,0.0,1,0,0.0,True,0,0.0,0.000445,,0.0,0,False,0.8401,False
100000007129492100,transit,0.5427,8,0.6624,"получил 50,990, отправил 37,000 (73%); 100% ушло в течение 2 дней после прихода",1,False,2,1,50990.0,37000.0,2,1,0.7256,False,2,2.6e-05,0.000296,0.0,1.0,0,False,0.0,False
100000007131370100,peripheral,0.2,1,0.3901,"получает от 1 (30,000), отправляет 1 (30,000); ниже порогов ролей",3,False,1,1,30000.0,30000.0,1,1,1.0,False,0,0.0,0.000904,-5.0,0.0,0,True,0.0,False
100000007138613100,peripheral,0.2,0,0.764,"получает от 3 (1,002,000), отправляет 2 (179,000); ниже порогов ролей",3,False,3,2,1002000.0,179000.0,3,2,0.1786,False,0,4e-05,0.000356,-26.0,0.0,0,False,0.0,False
100000007140834100,peripheral,0.2,5,0.3029,"получает от 1 (10,200), отправляет 0 (0); ниже порогов ролей",3,False,1,0,10200.0,0.0,2,0,0.0,False,0,0.0,0.000715,,0.0,0,False,0.0,False
100000007153161100,peripheral,0.2,0,0.1209,"обход остановлен на 4-м колене: получил 44,997 от 1; ниже порогов конечного получателя (сумма не меньше, чем у 49% подтверждённых стоков), сток не подтверждён",4,False,1,0,44997.0,0.0,1,0,0.0,True,0,0.0,0.000533,,0.0,0,False,0.6789,False
100000007170072100,transit,0.9917,6,0.5736,"получил 100,000, отправил 99,500 (100%); 100% ушло в течение 2 дней после прихода",3,False,1,2,100000.0,99500.0,1,9,0.995,False,0,3.9e-05,0.000309,2.0,1.0,0,False,0.0,False
100000007173936100,peripheral,0.2,25,0.1989,"получает от 1 (10,000), отправляет 0 (0); ниже порогов ролей",2,False,1,0,10000.0,0.0,1,0,0.0,False,0,0.0,0.000288,,0.0,0,False,0.0,False
100000007175718100,peripheral,0.2,75,0.3191,"получает от 1 (20,000), отправляет 0 (0); ниже порогов ролей",1,False,1,0,20000.0,0.0,1,0,0.0,False,1,0.0,0.000305,,0.0,4,False,0.0,False
100000007181706100,terminal,0.3,2,0.6488,"получил 176,272 KZT от 2 плательщиков (2 переводов), исходящих нет; колено 1, обходом не обрезан",1,False,2,0,176272.0,0.0,2,0,0.0,False,1,0.0,0.00032,,0.0,0,False,0.0,False
100000007197866100,transit,0.5833,6,0.3925,"получил 20,000, отправил 15,000 (75%); 100% ушло в течение 2 дней после прихода",3,False,1,1,20000.0,15000.0,1,1,0.75,False,0,2e-05,0.000291,0.0,1.0,0,False,0.0,False
100000007229557100,terminal,0.756,14,0.727,"получил 878,000 KZT от 3 плательщиков (3 переводов), исходящих нет; колено 3, обходом не обрезан",3,False,3,0,878000.0,0.0,3,0,0.0,False,0,0.0,0.000396,,0.0,0,False,0.0,False
100000007242833100,peripheral,0.2,10,0.5537,"получает от 1 (107,500), отправляет 1 (45,000); ниже порогов ролей",2,False,1,1,107500.0,45000.0,3,2,0.4186,False,0,2e-05,0.000516,1.0,1.0,0,False,0.0,False
100000007267915100,peripheral,0.2,13,0.4436,"получает от 2 (21,000), отправляет 1 (10,000); ниже порогов ролей",3,False,2,1,21000.0,10000.0,3,1,0.4762,False,0,2e-06,0.000293,2.0,1.0,0,False,0.0,False
100000007274584100,peripheral,0.2,2,0.359,"получает от 1 (38,000), отправляет 0 (0); ниже порогов ролей",1,False,1,0,38000.0,0.0,1,0,0.0,False,1,0.0,0.000294,,0.0,0,False,0.0,False
100000007281639100,terminal,0.3,1,0.6658,"получил 216,770 KZT от 2 плательщиков (4 переводов), исходящих нет; колено 1, обходом не обрезан",1,False,2,0,216770.0,0.0,4,0,0.0,False,1,0.0,0.000325,,0.0,0,False,0.0,False
100000007283257100,peripheral,0.2,84,0.5256,"получает от 1 (192,000), отправляет 0 (0); ниже порогов ролей",1,False,1,0,192000.0,0.0,7,0,0.0,False,1,0.0,0.000391,,0.0,12,False,0.0,False
100000007289427100,peripheral,0.2,2,0.2818,"получает от 1 (12,300), отправляет 0 (0); ниже порогов ролей",2,False,1,0,12300.0,0.0,1,0,0.0,False,0,0.0,0.000375,,0.0,0,False,0.0,False
100000007303047100,peripheral,0.2,55,0.364,"получает от 1 (52,250), отправляет 0 (0); ниже порогов ролей",3,False,1,0,52250.0,0.0,1,0,0.0,False,0,0.0,0.000295,,0.0,1,False,0.0,False
100000007311010100,peripheral,0.2,2,0.6131,"получает от 2 (64,480), отправляет 1 (20,000); ниже порогов ролей",1,False,2,1,64480.0,20000.0,2,1,0.3102,False,1,2.4e-05,0.000311,-15.0,0.0,0,False,0.0,False
100000007322059100,transit,0.4709,28,0.628,"получил 29,000, отправил 22,500 (78%); 69% ушло в течение 2 дней после прихода",2,False,2,1,29000.0,22500.0,2,2,0.7759,False,0,4.1e-05,0.000683,0.0,0.6889,0,True,0.0,False
100000007330432100,peripheral,0.2,43,0.1707,"обход остановлен на 4-м колене: получил 584,900 от 1; профиль как у конечного получателя (сумма не меньше, чем у 96% подтверждённых стоков) — запросить 5-е колено",4,False,1,0,584900.0,0.0,1,0,0.0,True,0,0.0,0.000541,,0.0,0,False,0.9147,True
100000007333038100,peripheral,0.2,7,0.3409,"получает от 1 (17,500), отправляет 2 (34,994); ниже порогов ролей",3,False,1,2,17500.0,34994.0,1,2,1.9997,False,0,2e-06,0.000301,-24.0,0.0,0,False,0.0,False
100000007334196100,peripheral,0.2,8,0.4856,"получает от 1 (150,002), отправляет 0 (0); ниже порогов ролей",1,False,1,0,150002.0,0.0,1,0,0.0,False,1,0.0,0.00031,,0.0,0,False,0.0,False
100000007337374100,peripheral,0.2,57,0.2706,"получает от 1 (20,000), отправляет 0 (0); ниже порогов ролей",2,False,1,0,20000.0,0.0,2,0,0.0,False,0,0.0,0.000294,,0.0,1,False,0.0,False
100000007347733100,peripheral,0.2,80,0.3533,"получает от 1 (23,007), отправляет 0 (0); ниже порогов ролей",1,False,1,0,23007.0,0.0,1,0,0.0,False,1,0.0,0.000347,,0.0,8,False,0.0,False
100000007357489100,peripheral,0.2,3,0.1699,"обход остановлен на 4-м колене: получил 164,500 от 2; профиль как у конечного получателя (сумма не меньше, чем у 78% подтверждённых стоков) — запросить 5-е колено",4,False,2,0,164500.0,0.0,2,0,0.0,True,0,0.0,0.000314,,0.0,0,False,0.8702,True
100000007381662100,peripheral,0.2,2,0.0718,"обход остановлен на 4-м колене: получил 11,000 от 1; ниже порогов конечного получателя (сумма не меньше, чем у 9% подтверждённых стоков), сток не подтверждён",4,False,1,0,11000.0,0.0,1,0,0.0,True,0,0.0,0.000298,,0.0,0,False,0.4801,False
100000007382152100,peripheral,0.2,0,0.1778,"получает от 1 (5,860), отправляет 0 (0); ниже порогов ролей",2,False,1,0,5860.0,0.0,1,0,0.0,False,0,0.0,0.000288,,0.0,0,False,0.0,False
100000007382543100,peripheral,0.2,24,0.7568,"получает от 3 (218,000), отправляет 5 (427,000); ниже порогов ролей",2,False,3,5,218000.0,427000.0,3,8,1.9587,False,0,0.000249,0.001195,-7.0,0.2342,0,True,0.0,False
100000007390016100,peripheral,0.2,4,0.5824,"получает от 1 (511,000), отправляет 1 (346,500); ниже порогов ролей",3,False,1,1,511000.0,346500.0,13,14,0.6781,False,0,0.0,0.00187,0.0,0.3608,0,True,0.0,False
100000007392365100,peripheral,0.2,36,0.287,"получает от 1 (9,613), отправляет 6 (1,765,600); ниже порогов ролей",3,False,1,6,9613.0,1765600.0,1,9,183.6679,False,0,0.000117,0.000287,-26.0,0.0,0,False,0.0,False
100000007442518100,peripheral,0.2,25,0.8308,"получает от 5 (510,000), отправляет 9 (4,419,999); ниже порогов ролей",1,False,5,9,510000.0,4419999.0,8,12,8.6667,False,1,0.000257,0.000652,11.0,0.0,0,True,0.0,False
100000007472293100,peripheral,0.2,7,0.2595,"получает от 1 (5,000), отправляет 3 (345,900); ниже порогов ролей",3,False,1,3,5000.0,345900.0,1,3,69.18,False,0,4.9e-05,0.000288,4.0,0.0,0,False,0.0,False
100000007484343100,terminal,0.3,0,0.4356,"получил 26,757 KZT от 2 плательщиков (2 переводов), исходящих нет; колено 3, обходом не обрезан",3,False,2,0,26757.0,0.0,2,0,0.0,False,0,0.0,0.00029,,0.0,0,False,0.0,False
100000007487729100,peripheral,0.2,0,0.2975,"получает от 1 (25,000), отправляет 0 (0); ниже порогов ролей",3,False,1,0,25000.0,0.0,1,0,0.0,False,0,0.0,0.000295,,0.0,0,False,0.0,False
100000007507343100,peripheral,0.2,79,0.5856,"получает от 1 (370,000), отправляет 0 (0); ниже порогов ролей",1,False,1,0,370000.0,0.0,1,0,0.0,False,1,0.0,0.000646,,0.0,9,False,0.0,False
100000007510567100,peripheral,0.2,9,0.1143,"обход остановлен на 4-м колене: получил 52,000 от 1; ниже порогов конечного получателя (сумма не меньше, чем у 55% подтверждённых стоков), сток не подтверждён",4,False,1,0,52000.0,0.0,1,0,0.0,True,0,0.0,0.000306,,0.0,0,False,0.7108,False
100000007510875100,peripheral,0.2,3,0.2378,"получает от 1 (5,000), отправляет 0 (0); ниже порогов ролей",3,False,1,0,5000.0,0.0,1,0,0.0,False,0,0.0,0.000358,,0.0,0,False,0.0,False
100000007511163100,peripheral,0.2,1,0.641,"получает от 2 (63,666), отправляет 3 (82,052); ниже порогов ролей",1,False,2,3,63666.0,82052.0,2,3,1.2888,False,1,0.000139,0.000341,-1.0,0.5972,0,True,0.0,False
100000007511780100,peripheral,0.2,27,0.1513,"обход остановлен на 4-м колене: получил 155,000 от 1; ниже порогов конечного получателя (сумма не меньше, чем у 78% подтверждённых стоков), сток не подтверждён",4,False,1,0,155000.0,0.0,2,0,0.0,True,0,0.0,0.000561,,0.0,0,False,0.8225,False
100000007534354100,peripheral,0.2,7,0.4436,"получает от 1 (50,000), отправляет 3 (147,810); ниже порогов ролей",2,False,1,3,50000.0,147810.0,1,3,2.9562,False,0,2e-06,0.000305,-8.0,0.0,0,False,0.0,False
100000007536804100,peripheral,0.2,5,0.4964,"получает от 1 (100,000), отправляет 2 (55,000); ниже порогов ролей",1,False,1,2,100000.0,55000.0,1,2,0.55,False,1,1e-06,0.000293,2.0,0.8182,0,False,0.0,False
100000007539296100,peripheral,0.2,4,0.1237,"обход остановлен на 4-м колене: получил 46,000 от 1; ниже порогов конечного получателя (сумма не меньше, чем у 50% подтверждённых стоков), сток не подтверждён",4,False,1,0,46000.0,0.0,2,0,0.0,True,0,0.0,0.00056,,0.0,0,False,0.6826,False
100000007544358100,peripheral,0.2,1,0.7267,"получает от 2 (322,500), отправляет 1 (350,000); ниже порогов ролей",1,False,2,1,322500.0,350000.0,2,3,1.0853,False,1,2e-05,0.000342,0.0,0.2857,0,False,0.0,False
100000007591246100,peripheral,0.2,11,0.3109,"получает от 1 (12,190), отправляет 1 (120,000); ниже порогов ролей",3,False,1,1,12190.0,120000.0,1,1,9.8441,False,0,1e-06,0.000299,-6.0,0.0,0,False,0.0,False
100000007593823100,distributor,0.3,0,0.5775,"рассылает 13 получателям 162,900 KZT, средний перевод 7,757; получает от 3",3,False,3,13,25000.0,162900.0,3,21,6.516,False,0,0.000693,0.000292,-2.0,0.0,0,True,0.0,False
100000007594394100,peripheral,0.2,0,0.756,"получает от 6 (395,385), отправляет 1 (3,376,312); ниже порогов ролей",2,False,6,1,395385.0,3376312.0,6,40,8.5393,False,0,3.7e-05,0.000407,0.0,0.0669,0,True,0.0,False
100000007597382100,peripheral,0.2,4,0.2251,"получает от 1 (15,700), отправляет 0 (0); ниже порогов ролей",3,False,1,0,15700.0,0.0,1,0,0.0,False,0,0.0,0.000287,,0.0,0,False,0.0,False
100000007617808100,peripheral,0.2,1,0.5375,"получает от 1 (450,000), отправляет 0 (0); ниже порогов ролей",2,False,1,0,450000.0,0.0,1,0,0.0,False,0,0.0,0.000362,,0.0,0,False,0.0,False
100000007618425100,peripheral,0.2,13,0.3371,"получает от 1 (39,348), отправляет 0 (0); ниже порогов ролей",3,False,1,0,39348.0,0.0,1,0,0.0,False,0,0.0,0.000296,,0.0,0,False,0.0,False
100000007629096100,peripheral,0.2,27,0.7969,"получает от 4 (1,075,170), отправляет 1 (765,205); ниже порогов ролей",2,False,4,1,1075170.0,765205.0,5,5,0.7117,False,0,1.6e-05,0.002502,1.0,0.0638,0,True,0.0,False
100000007629121100,peripheral,0.2,2,0.3584,"получает от 1 (29,000), отправляет 0 (0); ниже порогов ролей",2,False,1,0,29000.0,0.0,1,0,0.0,False,0,0.0,0.000398,,0.0,0,False,0.0,False
100000007631637100,peripheral,0.2,56,0.2622,"получает от 1 (15,341), отправляет 0 (0); ниже порогов ролей",1,False,1,0,15341.0,0.0,1,0,0.0,False,1,0.0,0.00029,,0.0,1,False,0.0,False
100000007639767100,peripheral,0.2,27,0.6761,"получает от 4 (90,913), отправляет 10 (822,244); ниже порогов ролей",1,False,4,10,90913.0,822244.0,4,13,9.0443,False,1,0.002554,0.000303,-7.0,0.0,0,True,0.0,False
100000007641183100,peripheral,0.2,1,0.3172,"получает от 1 (28,000), отправляет 0 (0); ниже порогов ролей",1,False,1,0,28000.0,0.0,1,0,0.0,False,1,0.0,0.00029,,0.0,0,False,0.0,False
100000007641801100,peripheral,0.2,5,0.4901,"получает от 1 (200,000), отправляет 0 (0); ниже порогов ролей",1,False,1,0,200000.0,0.0,1,0,0.0,False,1,0.0,0.000298,,0.0,0,False,0.0,False
100000007647294100,peripheral,0.2,30,0.556,"получает от 1 (385,000), отправляет 0 (0); ниже порогов ролей",3,False,1,0,385000.0,0.0,1,0,0.0,False,0,0.0,0.000582,,0.0,0,False,0.0,False
100000007648946100,peripheral,0.2,11,0.3523,"получает от 1 (19,550), отправляет 1 (25,000); ниже порогов ролей",1,False,1,1,19550.0,25000.0,1,1,1.2788,False,1,3e-06,0.000291,3.0,0.0,0,False,0.0,False
100000007653003100,peripheral,0.2,13,0.4238,"получает от 1 (100,000), отправляет 0 (0); ниже порогов ролей",3,False,1,0,100000.0,0.0,1,0,0.0,False,0,0.0,0.000303,,0.0,0,False,0.0,False
100000007653094100,peripheral,0.2,11,0.0968,"обход остановлен на 4-м колене: получил 16,000 от 1; ниже порогов конечного получателя (сумма не меньше, чем у 17% подтверждённых стоков), сток не подтверждён",4,False,1,0,16000.0,0.0,1,0,0.0,True,0,0.0,0.000578,,0.0,0,False,0.5199,False
100000007689942100,peripheral,0.2,16,0.3531,"получает от 1 (5,000), отправляет 2 (25,000); ниже порогов ролей",3,False,1,2,5000.0,25000.0,1,2,5.0,False,0,2e-05,0.000897,-22.0,0.0,0,True,0.0,False
100000007731977100,peripheral,0.2,2,0.1181,"обход остановлен на 4-м колене: получил 50,000 от 1; ниже порогов конечного получателя (сумма не меньше, чем у 54% подтверждённых стоков), сток не подтверждён",4,False,1,0,50000.0,0.0,1,0,0.0,True,0,0.0,0.000338,,0.0,0,False,0.7043,False
100000007737775100,peripheral,0.2,8,0.2222,"получает от 1 (6,000), отправляет 0 (0); ниже порогов ролей",3,False,1,0,6000.0,0.0,1,0,0.0,False,0,0.0,0.000304,,0.0,0,False,0.0,False
100000007745062100,peripheral,0.2,10,0.1438,"обход остановлен на 4-м колене: получил 100,000 от 1; ниже порогов конечного получателя (сумма не меньше, чем у 71% подтверждённых стоков), сток не подтверждён",4,False,1,0,100000.0,0.0,1,0,0.0,True,0,0.0,0.000628,,0.0,0,False,0.7887,False
100000007747786100,distributor,1.0,5,0.0685,"рассылает 31 получателям 4,238,009 KZT, средний перевод 121,086; получает от 0; seed",0,True,0,31,0.0,4238009.4,0,35,,False,0,0.0,0.000287,,0.0,0,False,0.0,False
100000007749092100,peripheral,0.2,1,0.2918,"получает от 1 (7,650), отправляет 1 (70,375); ниже порогов ролей",2,False,1,1,7650.0,70375.0,1,5,9.1993,False,0,0.0,0.001829,-10.0,0.0,0,True,0.0,False
100000007749747100,peripheral,0.2,3,0.1231,"обход остановлен на 4-м колене: получил 50,000 от 1; ниже порогов конечного получателя (сумма не меньше, чем у 54% подтверждённых стоков), сток не подтверждён",4,False,1,0,50000.0,0.0,1,0,0.0,True,0,0.0,0.000446,,0.0,0,False,0.7043,False
100000007754369100,peripheral,0.2,0,0.3915,"получает от 1 (82,424), отправляет 0 (0); ниже порогов ролей",3,False,1,0,82424.0,0.0,1,0,0.0,False,0,0.0,0.000294,,0.0,0,False,0.0,False
100000007777377100,peripheral,0.2,1,0.637,"получает от 1 (456,290), отправляет 2 (10,000); ниже порогов ролей",2,False,1,2,456290.0,10000.0,7,2,0.0219,False,0,0.000138,0.000363,4.0,0.0,0,False,0.0,False
100000007793871100,peripheral,0.2,8,0.3729,"получает от 1 (26,000), отправляет 0 (0); ниже порогов ролей",3,False,1,0,26000.0,0.0,3,0,0.0,False,0,0.0,0.00069,,0.0,0,False,0.0,False
100000007797290100,peripheral,0.2,0,0.4986,"получает от 1 (100,000), отправляет 1 (20,000); ниже порогов ролей",2,False,1,1,100000.0,20000.0,1,1,0.2,False,0,2e-05,0.000302,9.0,0.0,0,False,0.0,False
100000007811950100,peripheral,0.2,22,0.1264,"обход остановлен на 4-м колене: получил 50,000 от 1; ниже порогов конечного получателя (сумма не меньше, чем у 54% подтверждённых стоков), сток не подтверждён",4,False,1,0,50000.0,0.0,1,0,0.0,True,0,0.0,0.000549,,0.0,0,False,0.7043,False
100000007841978100,peripheral,0.2,4,0.1657,"обход остановлен на 4-м колене: получил 449,000 от 1; ниже порогов конечного получателя (сумма не меньше, чем у 93% подтверждённых стоков), сток не подтверждён",4,False,1,0,449000.0,0.0,1,0,0.0,True,0,0.0,0.000509,,0.0,0,False,0.8985,False
100000007861311100,peripheral,0.2,5,0.3861,"получает от 1 (45,000), отправляет 0 (0); ниже порогов ролей",2,False,1,0,45000.0,0.0,1,0,0.0,False,0,0.0,0.00036,,0.0,0,False,0.0,False
100000007863304100,peripheral,0.2,4,0.2688,"получает от 1 (25,000), отправляет 0 (0); ниже порогов ролей",3,False,1,0,25000.0,0.0,1,0,0.0,False,0,0.0,0.000288,,0.0,0,False,0.0,False
100000007864477100,peripheral,0.2,0,0.6018,"получает от 2 (76,000), отправляет 6 (203,500); ниже порогов ролей",3,False,2,6,76000.0,203500.0,2,10,2.6776,False,0,7.7e-05,0.000306,-2.0,0.371,0,False,0.0,False
100000007865484100,peripheral,0.2,36,0.165,"обход остановлен на 4-м колене: получил 584,600 от 1; профиль как у конечного получателя (сумма не меньше, чем у 96% подтверждённых стоков) — запросить 5-е колено",4,False,1,0,584600.0,0.0,2,0,0.0,True,0,0.0,0.000368,,0.0,0,False,0.9147,True
100000007867364100,peripheral,0.2,16,0.1179,"обход остановлен на 4-м колене: получил 41,852 от 1; ниже порогов конечного получателя (сумма не меньше, чем у 47% подтверждённых стоков), сток не подтверждён",4,False,1,0,41852.0,0.0,1,0,0.0,True,0,0.0,0.000451,,0.0,0,False,0.671,False
100000007898453100,peripheral,0.2,54,0.4133,"получает от 1 (24,750), отправляет 2 (320,000); ниже порогов ролей",2,False,1,2,24750.0,320000.0,1,2,12.9293,False,0,2.4e-05,0.000334,1.0,0.9375,0,True,0.0,False
100000007908818100,consolidator,0.3,6,0.9502,"получает от 4 плательщиков (727,475 KZT, из них 2 seed), отдаёт дальше 42%",1,False,4,6,727475.0,302000.0,4,13,0.4151,False,2,0.000181,0.000477,-14.0,0.0497,0,False,0.0,False
100000007930878100,peripheral,0.2,74,0.2521,"получает от 1 (5,000), отправляет 0 (0); ниже порогов ролей",2,False,1,0,5000.0,0.0,1,0,0.0,False,0,0.0,0.000486,,0.0,7,False,0.0,False
100000007938486100,peripheral,0.2,56,0.3629,"получает от 1 (39,500), отправляет 0 (0); ниже порогов ролей",1,False,1,0,39500.0,0.0,1,0,0.0,False,1,0.0,0.000295,,0.0,1,False,0.0,False
100000007939160100,peripheral,0.2,74,0.6761,"получает от 1 (795,000), отправляет 2 (14,300); ниже порогов ролей",1,False,1,2,795000.0,14300.0,2,2,0.018,False,1,0.0,0.000668,-11.0,0.0,7,True,0.0,False
100000007953156100,peripheral,0.2,12,0.401,"получает от 1 (18,000), отправляет 1 (10,000); ниже порогов ролей",2,False,1,1,18000.0,10000.0,1,1,0.5556,False,0,2e-05,0.00048,11.0,0.0,0,False,0.0,False
100000007960337100,peripheral,0.2,6,0.1032,"обход остановлен на 4-м колене: получил 35,500 от 1; ниже порогов конечного получателя (сумма не меньше, чем у 43% подтверждённых стоков), сток не подтверждён",4,False,1,0,35500.0,0.0,1,0,0.0,True,0,0.0,0.000304,,0.0,0,False,0.6506,False
100000007982728100,peripheral,0.2,5,0.0346,"seed: отправляет 8 получателям 1,804,384; входящие занижены выгрузкой, пропуск не интерпретируется",0,True,0,8,0.0,1804384.0,0,12,,False,0,0.0,0.000287,,0.0,0,False,0.0,False
100000007982908100,peripheral,0.2,57,0.3242,"получает от 1 (31,080), отправляет 0 (0); ниже порогов ролей",2,False,1,0,31080.0,0.0,1,0,0.0,False,0,0.0,0.000297,,0.0,1,False,0.0,False
100000007988344100,peripheral,0.2,0,0.0963,"обход остановлен на 4-м колене: получил 20,000 от 1; ниже порогов конечного получателя (сумма не меньше, чем у 25% подтверждённых стоков), сток не подтверждён",4,False,1,0,20000.0,0.0,3,0,0.0,True,0,0.0,0.000389,,0.0,0,False,0.5575,False
100000007997939100,peripheral,0.2,3,0.0844,"обход остановлен на 4-м колене: получил 13,000 от 1; ниже порогов конечного получателя (сумма не меньше, чем у 12% подтверждённых стоков), сток не подтверждён",4,False,1,0,13000.0,0.0,1,0,0.0,True,0,0.0,0.00036,,0.0,0,False,0.493,False
100000007998965100,consolidator,0.3815,8,0.8392,"получает от 5 плательщиков (278,000 KZT, из них 0 seed), отдаёт дальше 9%",2,False,5,1,278000.0,26000.0,7,3,0.0935,False,0,2e-05,0.000474,10.0,0.0,0,False,0.0,False
100000007999728100,peripheral,0.2,12,0.2824,"получает от 1 (23,250), отправляет 0 (0); ниже порогов ролей",3,False,1,0,23250.0,0.0,1,0,0.0,False,0,0.0,0.000293,,0.0,0,False,0.0,False
100000008002020100,peripheral,0.2,10,0.4915,"получает от 1 (73,860), отправляет 1 (17,000); ниже порогов ролей",1,False,1,1,73860.0,17000.0,1,1,0.2302,False,1,2e-06,0.000299,7.0,0.0,0,False,0.0,False
100000008003034100,peripheral,0.2,11,0.3445,"получает от 1 (12,201), отправляет 4 (135,000); ниже порогов ролей",1,False,1,4,12201.0,135000.0,1,4,11.0647,False,1,0.002027,0.000288,-2.0,0.3593,0,False,0.0,False
100000008008463100,peripheral,0.2,5,0.3719,"получает от 1 (54,180), отправляет 0 (0); ниже порогов ролей",2,False,1,0,54180.0,0.0,1,0,0.0,False,0,0.0,0.000297,,0.0,0,False,0.0,False
100000008011159100,peripheral,0.2,37,0.758,"получает от 3 (363,000), отправляет 5 (153,037); ниже порогов ролей",2,False,3,5,363000.0,153037.0,6,5,0.4216,False,0,0.000124,0.000488,10.0,0.0,0,True,0.0,False
100000008011573100,peripheral,0.2,13,0.2329,"получает от 1 (15,000), отправляет 0 (0); ниже порогов ролей",3,False,1,0,15000.0,0.0,1,0,0.0,False,0,0.0,0.00029,,0.0,0,False,0.0,False
100000008027922100,peripheral,0.2,20,0.1319,"обход остановлен на 4-м колене: получил 70,000 от 1; ниже порогов конечного получателя (сумма не меньше, чем у 62% подтверждённых стоков), сток не подтверждён",4,False,1,0,70000.0,0.0,1,0,0.0,True,0,0.0,0.000505,,0.0,0,False,0.7442,False
100000008028628100,peripheral,0.2,56,0.4068,"получает от 1 (57,224), отправляет 0 (0); ниже порогов ролей",1,False,1,0,57224.0,0.0,1,0,0.0,False,1,0.0,0.000299,,0.0,1,False,0.0,False
100000008029279100,peripheral,0.2,6,0.242,"получает от 1 (17,000), отправляет 0 (0); ниже порогов ролей",3,False,1,0,17000.0,0.0,1,0,0.0,False,0,0.0,0.00029,,0.0,0,False,0.0,False
100000008038077100,peripheral,0.2,4,0.5149,"получает от 1 (499,850), отправляет 0 (0); ниже порогов ролей",3,False,1,0,499850.0,0.0,2,0,0.0,False,0,0.0,0.000303,,0.0,0,False,0.0,False
100000008042075100,peripheral,0.2,21,0.1915,"получает от 1 (5,000), отправляет 0 (0); ниже порогов ролей",3,False,1,0,5000.0,0.0,1,0,0.0,False,0,0.0,0.000293,,0.0,0,False,0.0,False
100000008043184100,peripheral,0.2,13,0.3603,"получает от 1 (50,564), отправляет 0 (0); ниже порогов ролей",3,False,1,0,50564.0,0.0,1,0,0.0,False,0,0.0,0.000295,,0.0,0,False,0.0,False
100000008050986100,peripheral,0.2,4,0.1286,"обход остановлен на 4-м колене: получил 95,000 от 1; ниже порогов конечного получателя (сумма не меньше, чем у 69% подтверждённых стоков), сток не подтверждён",4,False,1,0,95000.0,0.0,2,0,0.0,True,0,0.0,0.000313,,0.0,0,False,0.7776,False
100000008055972100,peripheral,0.2,55,0.2968,"получает от 1 (28,300), отправляет 0 (0); ниже порогов ролей",3,False,1,0,28300.0,0.0,1,0,0.0,False,0,0.0,0.000291,,0.0,1,False,0.0,False
100000008060273100,peripheral,0.2,6,0.2348,"получает от 1 (10,000), отправляет 0 (0); ниже порогов ролей",2,False,1,0,10000.0,0.0,2,0,0.0,False,0,0.0,0.0003,,0.0,0,False,0.0,False
100000008066326100,peripheral,0.2,0,0.282,"получает от 1 (19,320), отправляет 0 (0); ниже порогов ролей",1,False,1,0,19320.0,0.0,1,0,0.0,False,1,0.0,0.00029,,0.0,0,False,0.0,False
100000008070101100,peripheral,0.2,3,0.4065,"получает от 1 (100,000), отправляет 0 (0); ниже порогов ролей",3,False,1,0,100000.0,0.0,1,0,0.0,False,0,0.0,0.000294,,0.0,0,False,0.0,False
100000008071620100,peripheral,0.2,0,0.3781,"получает от 1 (46,968), отправляет 0 (0); ниже порогов ролей",1,False,1,0,46968.0,0.0,1,0,0.0,False,1,0.0,0.000296,,0.0,0,False,0.0,False
100000008071749100,peripheral,0.2,9,0.0891,"обход остановлен на 4-м колене: получил 24,943 от 1; ниже порогов конечного получателя (сумма не меньше, чем у 31% подтверждённых стоков), сток не подтверждён",4,False,1,0,24943.0,0.0,1,0,0.0,True,0,0.0,0.000296,,0.0,0,False,0.5876,False
100000008074304100,peripheral,0.2,4,0.0716,"обход остановлен на 4-м колене: получил 5,500 от 1; ниже порогов конечного получателя (сумма не меньше, чем у 2% подтверждённых стоков), сток не подтверждён",4,False,1,0,5500.0,0.0,1,0,0.0,True,0,0.0,0.000334,,0.0,0,False,0.4416,False
100000008077552100,peripheral,0.2,6,0.4923,"получает от 1 (214,000), отправляет 0 (0); ниже порогов ролей",3,False,1,0,214000.0,0.0,1,0,0.0,False,0,0.0,0.000331,,0.0,0,False,0.0,False
100000008086440100,peripheral,0.2,6,0.586,"получает от 1 (199,733), отправляет 5 (161,300); ниже порогов ролей",3,False,1,5,199733.0,161300.0,1,6,0.8076,False,0,0.000107,0.000339,-9.0,0.2356,0,True,0.0,False
100000008088082100,peripheral,0.2,11,0.4207,"получает от 1 (39,138), отправляет 1 (50,000); ниже порогов ролей",3,False,1,1,39138.0,50000.0,1,1,1.2775,False,0,2e-05,0.000301,20.0,0.0,0,False,0.0,False
100000008094734100,consolidator,0.3,0,0.7874,"получает от 4 плательщиков (236,249 KZT, из них 2 seed), отдаёт дальше 0%",1,False,4,0,236249.0,0.0,4,0,0.0,False,2,0.0,0.000346,,0.0,0,False,0.0,False
100000008097580100,terminal,0.3,6,0.5385,"получил 32,000 KZT от 2 плательщиков (4 переводов), исходящих нет; колено 3, обходом не обрезан",3,False,2,0,32000.0,0.0,4,0,0.0,False,0,0.0,0.000678,,0.0,0,False,0.0,False
100000008104567100,peripheral,0.2,9,0.6528,"получает от 3 (53,550), отправляет 3 (40,000); ниже порогов ролей",2,False,3,3,53550.0,40000.0,3,4,0.747,False,0,0.002061,0.00054,6.0,0.0,0,True,0.0,False
100000008106997100,peripheral,0.2,2,0.5226,"получает от 2 (35,600), отправляет 1 (20,600); ниже порогов ролей",2,False,2,1,35600.0,20600.0,2,1,0.5787,False,0,2e-05,0.000307,0.0,1.0,0,False,0.0,False
100000008111003100,consolidator,0.4928,2,0.8517,"получает от 6 плательщиков (222,716 KZT, из них 0 seed), отдаёт дальше 16%",2,False,6,1,222716.0,35000.0,9,1,0.1572,False,0,0.000897,0.000472,8.0,0.0,0,True,0.0,False
100000008116374100,peripheral,0.2,1,0.3313,"получает от 1 (31,284), отправляет 0 (0); ниже порогов ролей",1,False,1,0,31284.0,0.0,1,0,0.0,False,1,0.0,0.00029,,0.0,0,False,0.0,False
100000008117324100,peripheral,0.2,101,0.0,seed без переводов ≥5 000 KZT в выборке; входящие вне выборки,0,True,0,0,0.0,0.0,0,0,,False,0,0.0,0.0,,0.0,-1,False,0.0,False
100000008121806100,peripheral,0.2,6,0.4969,"получает от 1 (67,000), отправляет 4 (248,509); ниже порогов ролей",3,False,1,4,67000.0,248509.0,1,6,3.7091,False,0,0.000794,0.000302,0.0,0.342,0,True,0.0,False
100000008129393100,peripheral,0.2,80,0.2772,"получает от 1 (10,000), отправляет 0 (0); ниже порогов ролей",1,False,1,0,10000.0,0.0,1,0,0.0,False,1,0.0,0.000313,,0.0,8,False,0.0,False
100000008130868100,peripheral,0.2,7,0.1015,"обход остановлен на 4-м колене: получил 22,782 от 1; ниже порогов конечного получателя (сумма не меньше, чем у 27% подтверждённых стоков), сток не подтверждён",4,False,1,0,22782.0,0.0,1,0,0.0,True,0,0.0,0.000454,,0.0,0,False,0.569,False
100000008136608100,peripheral,0.2,9,0.1531,"обход остановлен на 4-м колене: получил 170,000 от 1; ниже порогов конечного получателя (сумма не меньше, чем у 80% подтверждённых стоков), сток не подтверждён",4,False,1,0,170000.0,0.0,1,0,0.0,True,0,0.0,0.000567,,0.0,0,False,0.8318,False
100000008137435100,peripheral,0.2,20,0.6598,"получает от 2 (93,906), отправляет 6 (1,419,700); ниже порогов ролей",1,False,2,6,93906.0,1419700.0,2,7,15.1183,False,1,0.000304,0.000316,-3.0,0.2944,0,True,0.0,False
100000008141170100,peripheral,0.2,1,0.3024,"получает от 1 (11,000), отправляет 0 (0); ниже порогов ролей",2,False,1,0,11000.0,0.0,1,0,0.0,False,0,0.0,0.000625,,0.0,0,False,0.0,False
100000008144528100,consolidator,0.475,1,0.8248,"получает от 5 плательщиков (1,068,203 KZT, из них 0 seed), отдаёт дальше 0%",2,False,5,0,1068202.6,0.0,13,0,0.0,False,0,0.0,0.00106,,0.0,0,False,0.0,False
100000008151098100,peripheral,0.2,23,0.1008,"обход остановлен на 4-м колене: получил 30,000 от 1; ниже порогов конечного получателя (сумма не меньше, чем у 39% подтверждённых стоков), сток не подтверждён",4,False,1,0,30000.0,0.0,1,0,0.0,True,0,0.0,0.000311,,0.0,0,False,0.6307,False
100000008165763100,peripheral,0.2,2,0.8585,"получает от 15 (1,165,815), отправляет 17 (1,267,858); ниже порогов ролей",1,False,15,17,1165815.0,1267858.0,26,17,1.0875,False,1,0.000351,0.000914,-2.0,0.0663,0,False,0.0,False
100000008168850100,peripheral,0.2,4,0.153,"обход остановлен на 4-м колене: получил 187,910 от 1; ниже порогов конечного получателя (сумма не меньше, чем у 81% подтверждённых стоков), сток не подтверждён",4,False,1,0,187910.0,0.0,2,0,0.0,True,0,0.0,0.000535,,0.0,0,False,0.8364,False
100000008169544100,peripheral,0.2,1,0.5661,"получает от 1 (137,104), отправляет 4 (42,800); ниже порогов ролей",1,False,1,4,137104.0,42800.0,2,7,0.3122,False,1,0.00012,0.000302,-9.0,0.2874,0,True,0.0,False
100000008172352100,peripheral,0.2,28,0.6923,"получает от 3 (90,265), отправляет 7 (289,510); ниже порогов ролей",1,False,3,7,90265.0,289510.0,3,8,3.2073,False,1,0.00019,0.000377,-7.0,0.5699,0,False,0.0,False
100000008172721100,peripheral,0.2,6,0.1473,"обход остановлен на 4-м колене: получил 168,335 от 1; ниже порогов конечного получателя (сумма не меньше, чем у 79% подтверждённых стоков), сток не подтверждён",4,False,1,0,168335.0,0.0,1,0,0.0,True,0,0.0,0.000397,,0.0,0,False,0.8299,False
100000008173359100,peripheral,0.2,1,0.2073,"получает от 1 (6,110), отправляет 0 (0); ниже порогов ролей",1,False,1,0,6110.0,0.0,1,0,0.0,False,1,0.0,0.000288,,0.0,0,False,0.0,False
100000008174521100,peripheral,0.2,1,0.4463,"получает от 1 (82,110), отправляет 0 (0); ниже порогов ролей",2,False,1,0,82110.0,0.0,1,0,0.0,False,0,0.0,0.000442,,0.0,0,False,0.0,False
100000008175078100,peripheral,0.2,31,0.173,"обход остановлен на 4-м колене: получил 1,846,711 от 1; профиль как у конечного получателя (сумма не меньше, чем у 100% подтверждённых стоков) — запросить 5-е колено",4,False,1,0,1846711.0,0.0,15,0,0.0,True,0,0.0,0.000471,,0.0,0,False,0.9328,True
100000008183752100,peripheral,0.2,14,0.1469,"обход остановлен на 4-м колене: получил 140,000 от 1; ниже порогов конечного получателя (сумма не меньше, чем у 76% подтверждённых стоков), сток не подтверждён",4,False,1,0,140000.0,0.0,1,0,0.0,True,0,0.0,0.000533,,0.0,0,False,0.8123,False
100000008188026100,peripheral,0.2,1,0.6315,"получает от 2 (86,468), отправляет 4 (337,983); ниже порогов ролей",1,False,2,4,86468.0,337983.17,5,4,3.9088,False,1,8.3e-05,0.000301,26.0,0.0,0,True,0.0,False
100000008190411100,peripheral,0.2,42,0.151,"обход остановлен на 4-м колене: получил 198,450 от 1; ниже порогов конечного получателя (сумма не меньше, чем у 81% подтверждённых стоков), сток не подтверждён",4,False,1,0,198450.0,0.0,12,0,0.0,True,0,0.0,0.000426,,0.0,0,False,0.8406,False
100000008190442100,peripheral,0.2,55,0.2164,"получает от 1 (13,000), отправляет 0 (0); ниже порогов ролей",3,False,1,0,13000.0,0.0,1,0,0.0,False,0,0.0,0.000289,,0.0,1,False,0.0,False
100000008192264100,peripheral,0.2,4,0.5064,"получает от 1 (162,810), отправляет 1 (187,910); ниже порогов ролей",3,False,1,1,162810.0,187910.0,1,2,1.1542,False,0,2e-05,0.000292,-18.0,0.875,0,False,0.0,False
100000008193258100,peripheral,0.2,13,0.4704,"получает от 1 (75,000), отправляет 1 (30,000); ниже порогов ролей",3,False,1,1,75000.0,30000.0,2,1,0.4,False,0,2e-05,0.000299,13.0,0.0,0,False,0.0,False
100000008193577100,peripheral,0.2,70,0.711,"получает от 2 (154,300), отправляет 5 (480,180); ниже порогов ролей",1,False,2,5,154300.0,480180.0,6,16,3.112,False,1,1e-06,0.001255,-14.0,0.0458,5,True,0.0,False
100000008200810100,peripheral,0.2,7,0.5185,"получает от 1 (475,000), отправляет 0 (0); ниже порогов ролей",3,False,1,0,475000.0,0.0,1,0,0.0,False,0,0.0,0.00031,,0.0,0,False,0.0,False
100000008205000100,peripheral,0.2,102,0.0,seed без переводов ≥5 000 KZT в выборке; входящие вне выборки,0,True,0,0,0.0,0.0,0,0,,False,0,0.0,0.0,,0.0,-1,False,0.0,False
100000008205937100,peripheral,0.2,11,0.3612,"получает от 1 (35,000), отправляет 0 (0); ниже порогов ролей",2,False,1,0,35000.0,0.0,3,0,0.0,False,0,0.0,0.000333,,0.0,0,False,0.0,False
100000008213966100,peripheral,0.2,24,0.738,"получает от 3 (187,004), отправляет 1 (436,900); ниже порогов ролей",2,False,3,1,187004.0,436900.0,7,8,2.3363,False,0,4.4e-05,0.001943,0.0,0.3257,0,True,0.0,False
100000008219168100,peripheral,0.2,5,0.375,"получает от 1 (53,200), отправляет 0 (0); ниже порогов ролей",1,False,1,0,53200.0,0.0,2,0,0.0,False,1,0.0,0.00029,,0.0,0,False,0.0,False
100000008221543100,terminal,0.3,13,0.7228,"получил 542,000 KZT от 2 плательщиков (2 переводов), исходящих нет; колено 1, обходом не обрезан",1,False,2,0,542000.0,0.0,2,0,0.0,False,1,0.0,0.000373,,0.0,0,False,0.0,False
100000008221765100,peripheral,0.2,4,0.1505,"обход остановлен на 4-м колене: получил 156,354 от 1; ниже порогов конечного получателя (сумма не меньше, чем у 78% подтверждённых стоков), сток не подтверждён",4,False,1,0,156354.0,0.0,1,0,0.0,True,0,0.0,0.000543,,0.0,0,False,0.8225,False
100000008223661100,peripheral,0.2,3,0.6863,"получает от 2 (202,000), отправляет 5 (262,580); ниже порогов ролей",3,False,2,5,202000.0,262580.0,2,5,1.2999,False,0,0.000331,0.000316,-6.0,0.1875,0,False,0.0,False
100000008223756100,terminal,0.3,6,0.6688,"получил 331,682 KZT от 2 плательщиков (2 переводов), исходящих нет; колено 3, обходом не обрезан",3,False,2,0,331682.0,0.0,2,0,0.0,False,0,0.0,0.000358,,0.0,0,False,0.0,False
100000008229700100,peripheral,0.2,10,0.3645,"получает от 1 (23,500), отправляет 1 (7,200); ниже порогов ролей",1,False,1,1,23500.0,7200.0,1,1,0.3064,False,1,0.0,0.000291,11.0,0.0,0,False,0.0,False
100000008232832100,peripheral,0.2,35,0.5667,"получает от 1 (337,000), отправляет 1 (138,000); ниже порогов ролей",1,False,1,1,337000.0,138000.0,2,1,0.4095,False,1,0.0,0.000496,-7.0,0.0,0,False,0.0,False
100000008237827100,peripheral,0.2,2,0.3651,"получает от 1 (40,001), отправляет 0 (0); ниже порогов ролей",1,False,1,0,40001.0,0.0,1,0,0.0,False,1,0.0,0.000295,,0.0,0,False,0.0,False
100000008238112100,peripheral,0.2,4,0.4444,"получает от 1 (190,000), отправляет 0 (0); ниже порогов ролей",3,False,1,0,190000.0,0.0,1,0,0.0,False,0,0.0,0.000293,,0.0,0,False,0.0,False
100000008238989100,peripheral,0.2,20,0.4866,"получает от 1 (200,000), отправляет 0 (0); ниже порогов ролей",2,False,1,0,200000.0,0.0,2,0,0.0,False,0,0.0,0.000325,,0.0,0,False,0.0,False
100000008244300100,consolidator,0.475,0,0.6936,"получает от 5 плательщиков (65,430 KZT, из них 1 seed), отдаёт дальше 0%",1,False,5,0,65430.0,0.0,6,0,0.0,False,1,0.0,0.000481,,0.0,0,False,0.0,False
100000008251939100,peripheral,0.2,9,0.1072,"обход остановлен на 4-м колене: получил 44,360 от 1; ниже порогов конечного получателя (сумма не меньше, чем у 48% подтверждённых стоков), сток не подтверждён",4,False,1,0,44360.0,0.0,1,0,0.0,True,0,0.0,0.000304,,0.0,0,False,0.6761,False
100000008254069100,peripheral,0.2,17,0.3638,"получает от 1 (10,200), отправляет 5 (107,500); ниже порогов ролей",2,False,1,5,10200.0,107500.0,2,6,10.5392,False,0,9.5e-05,0.000344,-1.0,0.093,0,True,0.0,False
100000008254576100,peripheral,0.2,30,0.2873,"получает от 1 (8,000), отправляет 1 (60,000); ниже порогов ролей",3,False,1,1,8000.0,60000.0,1,1,7.5,False,0,2e-05,0.000293,-28.0,0.0,0,False,0.0,False
100000008255655100,peripheral,0.2,13,0.0788,"обход остановлен на 4-м колене: получил 5,400 от 1; ниже порогов конечного получателя (сумма не меньше, чем у 1% подтверждённых стоков), сток не подтверждён",4,False,1,0,5400.0,0.0,1,0,0.0,True,0,0.0,0.000534,,0.0,0,False,0.4411,False
100000008258083100,peripheral,0.2,25,0.7968,"получает от 2 (3,149,500), отправляет 2 (2,045,650); ниже порогов ролей",2,False,2,2,3149500.0,2045650.0,13,6,0.6495,False,0,7.9e-05,0.001054,1.0,0.3111,0,True,0.0,False
100000008258458100,peripheral,0.2,51,0.3483,"получает от 1 (19,000), отправляет 2 (1,557,988); ниже порогов ролей",3,False,1,2,19000.0,1557988.0,1,4,81.9994,False,0,3.9e-05,0.000293,-15.0,0.3643,0,False,0.0,False
100000008259451100,peripheral,0.2,12,0.3823,"получает от 1 (55,000), отправляет 0 (0); ниже порогов ролей",3,False,1,0,55000.0,0.0,1,0,0.0,False,0,0.0,0.000302,,0.0,0,False,0.0,False
100000008279405100,peripheral,0.2,6,0.499,"получает от 1 (234,738), отправляет 0 (0); ниже порогов ролей",3,False,1,0,234738.0,0.0,2,0,0.0,False,0,0.0,0.000335,,0.0,0,False,0.0,False
100000008283183100,peripheral,0.2,57,0.3138,"получает от 1 (29,000), отправляет 0 (0); ниже порогов ролей",2,False,1,0,29000.0,0.0,1,0,0.0,False,0,0.0,0.000297,,0.0,1,False,0.0,False
100000008289539100,peripheral,0.2,1,0.2351,"получает от 1 (14,912), отправляет 0 (0); ниже порогов ролей",2,False,1,0,14912.0,0.0,1,0,0.0,False,0,0.0,0.000292,,0.0,0,False,0.0,False
100000008293431100,peripheral,0.2,0,0.3138,"получает от 1 (15,000), отправляет 5 (297,000); ниже порогов ролей",3,False,1,5,15000.0,297000.0,1,7,19.8,False,0,5.8e-05,0.000288,-14.0,0.0,0,True,0.0,False
100000008295429100,peripheral,0.2,4,0.4917,"получает от 1 (352,000), отправляет 0 (0); ниже порогов ролей",3,False,1,0,352000.0,0.0,1,0,0.0,False,0,0.0,0.000298,,0.0,0,False,0.0,False
100000008297199100,peripheral,0.2,0,0.3465,"получает от 1 (42,268), отправляет 0 (0); ниже порогов ролей",3,False,1,0,42268.0,0.0,1,0,0.0,False,0,0.0,0.000298,,0.0,0,False,0.0,False
100000008304115100,peripheral,0.2,10,0.3909,"получает от 1 (51,000), отправляет 0 (0); ниже порогов ролей",1,False,1,0,51000.0,0.0,1,0,0.0,False,1,0.0,0.000295,,0.0,0,False,0.0,False
100000008304139100,distributor,1.0,2,0.8029,"рассылает 24 получателям 1,692,997 KZT, средний перевод 39,372; получает от 4",1,False,4,24,189329.75,1692997.0,4,43,8.9421,False,1,0.001333,0.000315,0.0,0.0266,0,True,0.0,False
100000008306857100,peripheral,0.2,7,0.4176,"получает от 1 (125,000), отправляет 0 (0); ниже порогов ролей",3,False,1,0,125000.0,0.0,1,0,0.0,False,0,0.0,0.000293,,0.0,0,False,0.0,False
100000008308418100,peripheral,0.2,0,0.1227,"обход остановлен на 4-м колене: получил 50,000 от 1; ниже порогов конечного получателя (сумма не меньше, чем у 54% подтверждённых стоков), сток не подтверждён",4,False,1,0,50000.0,0.0,1,0,0.0,True,0,0.0,0.000434,,0.0,0,False,0.7043,False
100000008309514100,peripheral,0.2,55,0.2394,"получает от 1 (17,200), отправляет 0 (0); ниже порогов ролей",3,False,1,0,17200.0,0.0,1,0,0.0,False,0,0.0,0.00029,,0.0,1,False,0.0,False
100000008314203100,peripheral,0.2,35,0.3512,"seed: отправляет 2 получателям 327,000; входящие занижены выгрузкой, пропуск не интерпретируется",0,True,2,2,382076.0,327000.0,10,13,0.8559,False,2,0.0,0.000505,-5.0,0.2141,0,True,0.0,False
100000008314863100,peripheral,0.2,2,0.293,"получает от 1 (12,000), отправляет 0 (0); ниже порогов ролей",3,False,1,0,12000.0,0.0,1,0,0.0,False,0,0.0,0.000519,,0.0,0,False,0.0,False
100000008321975100,peripheral,0.2,18,0.0665,"обход остановлен на 4-м колене: получил 5,900 от 1; ниже порогов конечного получателя (сумма не меньше, чем у 2% подтверждённых стоков), сток не подтверждён",4,False,1,0,5900.0,0.0,1,0,0.0,True,0,0.0,0.000305,,0.0,0,False,0.4425,False
100000008324800100,transit,0.7112,4,0.8339,"получил 526,500, отправил 511,000 (97%); 52% ушло в течение 2 дней после прихода",2,False,3,1,526500.0,511000.0,17,13,0.9706,False,0,2e-05,0.001877,0.0,0.5205,0,True,0.0,False
100000008327791100,peripheral,0.2,13,0.0884,"обход остановлен на 4-м колене: получил 11,000 от 1; ниже порогов конечного получателя (сумма не меньше, чем у 9% подтверждённых стоков), сток не подтверждён",4,False,1,0,11000.0,0.0,1,0,0.0,True,0,0.0,0.000539,,0.0,0,False,0.4801,False
100000008331280100,peripheral,0.2,23,0.1102,"обход остановлен на 4-м колене: получил 41,000 от 1; ниже порогов конечного получателя (сумма не меньше, чем у 47% подтверждённых стоков), сток не подтверждён",4,False,1,0,41000.0,0.0,2,0,0.0,True,0,0.0,0.000319,,0.0,0,False,0.6691,False
100000008332511100,peripheral,0.2,7,0.4869,"получает от 1 (100,000), отправляет 0 (0); ниже порогов ролей",3,False,1,0,100000.0,0.0,1,0,0.0,False,0,0.0,0.001117,,0.0,0,False,0.0,False
100000008333492100,peripheral,0.2,7,0.1535,"обход остановлен на 4-м колене: получил 216,400 от 1; ниже порогов конечного получателя (сумма не меньше, чем у 84% подтверждённых стоков), сток не подтверждён",4,False,1,0,216400.0,0.0,1,0,0.0,True,0,0.0,0.00044,,0.0,0,False,0.8531,False
100000008335401100,peripheral,0.2,9,0.5,"получает от 1 (150,000), отправляет 0 (0); ниже порогов ролей",2,False,1,0,150000.0,0.0,3,0,0.0,False,0,0.0,0.000554,,0.0,0,False,0.0,False
100000008336318100,peripheral,0.2,3,0.143,"обход остановлен на 4-м колене: получил 170,000 от 1; ниже порогов конечного получателя (сумма не меньше, чем у 80% подтверждённых стоков), сток не подтверждён",4,False,1,0,170000.0,0.0,1,0,0.0,True,0,0.0,0.000328,,0.0,0,False,0.8318,False
100000008337304100,peripheral,0.2,6,0.1366,"обход остановлен на 4-м колене: получил 105,465 от 1; ниже порогов конечного получателя (сумма не меньше, чем у 72% подтверждённых стоков), сток не подтверждён",4,False,1,0,105465.0,0.0,2,0,0.0,True,0,0.0,0.000356,,0.0,0,False,0.7929,False
100000008343415100,peripheral,0.2,19,0.1385,"обход остановлен на 4-м колене: получил 100,000 от 1; ниже порогов конечного получателя (сумма не меньше, чем у 71% подтверждённых стоков), сток не подтверждён",4,False,1,0,100000.0,0.0,3,0,0.0,True,0,0.0,0.000436,,0.0,0,False,0.7887,False
100000008343874100,peripheral,0.2,19,0.6841,"получает от 2 (283,535), отправляет 2 (176,400); ниже порогов ролей",3,False,2,2,283535.0,176400.0,2,5,0.6221,False,0,4e-05,0.000309,2.0,0.5669,0,False,0.0,False
100000008346837100,coordinator,1.0,11,0.8864,"связывает 7 кластера; посредничество топ-1 из 2248; получает от 9, отправляет 25; пропуск 495%",2,False,9,25,254359.0,1258643.0,12,26,4.9483,False,0,0.009135,0.00055,-8.0,0.2343,0,True,0.0,False
100000008349675100,transit,0.3988,5,0.4741,"получил 46,520, отправил 36,650 (79%); 50% ушло в течение 2 дней после прихода",1,False,1,1,46520.0,36650.0,1,2,0.7878,False,1,0.0,0.00029,0.0,0.5048,0,False,0.0,False
100000008349740100,peripheral,0.2,31,0.1139,"обход остановлен на 4-м колене: получил 70,000 от 1; ниже порогов конечного получателя (сумма не меньше, чем у 62% подтверждённых стоков), сток не подтверждён",4,False,1,0,70000.0,0.0,2,0,0.0,True,0,0.0,0.000294,,0.0,0,False,0.7442,False
100000008352542100,peripheral,0.2,2,0.3951,"получает от 1 (50,220), отправляет 0 (0); ниже порогов ролей",2,False,1,0,50220.0,0.0,1,0,0.0,False,0,0.0,0.000333,,0.0,0,False,0.0,False
100000008356606100,terminal,0.3,11,0.6591,"получил 168,500 KZT от 2 плательщиков (2 переводов), исходящих нет; колено 2, обходом не обрезан",2,False,2,0,168500.0,0.0,2,0,0.0,False,0,0.0,0.00063,,0.0,0,False,0.0,False
100000008376089100,peripheral,0.2,25,0.4431,"получает от 1 (135,000), отправляет 0 (0); ниже порогов ролей",2,False,1,0,135000.0,0.0,1,0,0.0,False,0,0.0,0.000304,,0.0,0,False,0.0,False
100000008376785100,peripheral,0.2,4,0.1572,"обход остановлен на 4-м колене: получил 234,250 от 1; ниже порогов конечного получателя (сумма не меньше, чем у 85% подтверждённых стоков), сток не подтверждён",4,False,1,0,234250.0,0.0,2,0,0.0,True,0,0.0,0.000534,,0.0,0,False,0.8591,False
100000008379273100,peripheral,0.2,9,0.5452,"получает от 2 (36,000), отправляет 4 (38,000); ниже порогов ролей",3,False,2,4,36000.0,38000.0,2,4,1.0556,False,0,0.00173,0.0003,-1.0,0.0,0,False,0.0,False
100000008383405100,peripheral,0.2,21,0.3438,"получает от 1 (25,000), отправляет 0 (0); ниже порогов ролей",1,False,1,0,25000.0,0.0,2,0,0.0,False,1,0.0,0.000307,,0.0,0,False,0.0,False
100000008388049100,peripheral,0.2,7,0.5216,"получает от 1 (496,400), отправляет 0 (0); ниже порогов ролей",3,False,1,0,496400.0,0.0,1,0,0.0,False,0,0.0,0.000311,,0.0,0,False,0.0,False
100000008389800100,peripheral,0.2,1,0.7246,"получает от 3 (189,000), отправляет 7 (401,620); ниже порогов ролей",2,False,3,7,189000.0,401620.0,3,8,2.125,False,0,0.000162,0.000507,-1.0,0.2415,0,True,0.0,False
100000008405209100,peripheral,0.2,13,0.3685,"получает от 1 (54,400), отправляет 0 (0); ниже порогов ролей",3,False,1,0,54400.0,0.0,1,0,0.0,False,0,0.0,0.000295,,0.0,0,False,0.0,False
100000008406609100,peripheral,0.2,17,0.3756,"получает от 1 (34,000), отправляет 0 (0); ниже порогов ролей",2,False,1,0,34000.0,0.0,1,0,0.0,False,0,0.0,0.000432,,0.0,0,False,0.0,False
100000008413748100,distributor,0.8,13,0.6241,"рассылает 18 получателям 1,377,320 KZT, средний перевод 65,587; получает от 2",2,False,2,18,26480.0,1377320.22,2,21,52.0136,False,0,0.000635,0.000393,-5.0,0.3328,0,True,0.0,False
100000008416433100,peripheral,0.2,12,0.267,"получает от 1 (20,000), отправляет 0 (0); ниже порогов ролей",3,False,1,0,20000.0,0.0,1,0,0.0,False,0,0.0,0.000293,,0.0,0,False,0.0,False
100000008417029100,peripheral,0.2,3,0.4293,"получает от 1 (100,000), отправляет 0 (0); ниже порогов ролей",3,False,1,0,100000.0,0.0,1,0,0.0,False,0,0.0,0.000308,,0.0,0,False,0.0,False
100000008417359100,peripheral,0.2,13,0.3333,"получает от 1 (40,810), отправляет 2 (110,760); ниже порогов ролей",3,False,1,2,40810.0,110760.0,2,3,2.714,False,0,0.0,0.000293,-6.0,0.8126,0,True,0.0,False
100000008418835100,peripheral,0.2,48,0.3545,"seed: отправляет 4 получателям 186,179; входящие занижены выгрузкой, пропуск не интерпретируется",0,True,1,4,1372000.0,186179.0,67,6,0.1357,False,1,0.000322,0.000531,11.0,0.0,0,False,0.0,False
100000008418934100,peripheral,0.2,3,0.5155,"получает от 1 (360,000), отправляет 0 (0); ниже порогов ролей",2,False,1,0,360000.0,0.0,1,0,0.0,False,0,0.0,0.000321,,0.0,0,False,0.0,False
100000008422226100,peripheral,0.2,0,0.3876,"получает от 1 (87,450), отправляет 0 (0); ниже порогов ролей",3,False,1,0,87450.0,0.0,1,0,0.0,False,0,0.0,0.000292,,0.0,0,False,0.0,False
100000008427027100,peripheral,0.2,54,0.5426,"получает от 1 (300,000), отправляет 0 (0); ниже порогов ролей",3,False,1,0,300000.0,0.0,1,0,0.0,False,0,0.0,0.000554,,0.0,0,False,0.0,False
100000008430691100,peripheral,0.2,43,0.3736,"получает от 1 (20,000), отправляет 2 (604,900); ниже порогов ролей",3,False,1,2,20000.0,604900.0,1,2,30.245,False,0,2e-05,0.000308,0.0,0.9669,0,True,0.0,False
100000008432942100,peripheral,0.2,0,0.3213,"получает от 1 (44,542), отправляет 0 (0); ниже порогов ролей",3,False,1,0,44542.0,0.0,2,0,0.0,False,0,0.0,0.000289,,0.0,0,False,0.0,False
100000008436257100,terminal,0.3,13,0.4749,"получил 35,000 KZT от 2 плательщиков (2 переводов), исходящих нет; колено 3, обходом не обрезан",3,False,2,0,35000.0,0.0,2,0,0.0,False,0,0.0,0.000296,,0.0,0,False,0.0,False
100000008438656100,peripheral,0.2,2,0.6131,"получает от 2 (80,000), отправляет 1 (5,000); ниже порогов ролей",1,False,2,1,80000.0,5000.0,2,1,0.0625,False,1,2.4e-05,0.000299,14.0,0.0,0,False,0.0,False
100000008443341100,peripheral,0.2,0,0.6277,"получает от 2 (34,500), отправляет 3 (50,000); ниже порогов ролей",1,False,2,3,34500.0,50000.0,2,4,1.4493,False,1,0.000366,0.000672,-10.0,0.0,0,True,0.0,False
100000008454065100,peripheral,0.2,12,0.2889,"получает от 1 (24,050), отправляет 0 (0); ниже порогов ролей",3,False,1,0,24050.0,0.0,1,0,0.0,False,0,0.0,0.000294,,0.0,0,False,0.0,False
100000008459449100,peripheral,0.2,0,0.3774,"получает от 1 (53,700), отправляет 0 (0); ниже порогов ролей",3,False,1,0,53700.0,0.0,1,0,0.0,False,0,0.0,0.000301,,0.0,0,False,0.0,False
100000008460102100,distributor,1.0,15,0.4452,"рассылает 31 получателям 476,570 KZT, средний перевод 14,017; получает от 1",3,False,1,31,17500.0,476570.0,1,34,27.2326,False,0,0.000994,0.000301,-18.0,0.1874,0,False,0.0,False
100000008461217100,peripheral,0.2,41,0.0988,"обход остановлен на 4-м колене: получил 18,000 от 1; ниже порогов конечного получателя (сумма не меньше, чем у 21% подтверждённых стоков), сток не подтверждён",4,False,1,0,18000.0,0.0,1,0,0.0,True,0,0.0,0.000548,,0.0,0,False,0.5398,False
100000008461532100,peripheral,0.2,23,0.7805,"получает от 2 (565,300), отправляет 8 (2,530,090); ниже порогов ролей",2,False,2,8,565300.0,2530090.0,2,9,4.4757,False,0,0.000276,0.000748,0.0,0.5527,0,True,0.0,False
100000008463968100,peripheral,0.2,55,0.1998,"получает от 1 (10,000), отправляет 0 (0); ниже порогов ролей",3,False,1,0,10000.0,0.0,1,0,0.0,False,0,0.0,0.000288,,0.0,1,False,0.0,False
100000008465789100,distributor,0.6,3,0.4768,"рассылает 16 получателям 1,858,100 KZT, средний перевод 109,300; получает от 1",3,False,1,16,30099.0,1858100.0,1,17,61.7329,False,0,0.00086,0.000291,-2.0,0.478,0,True,0.0,False
100000008466579100,distributor,0.7,3,0.6425,"рассылает 17 получателям 1,933,000 KZT, средний перевод 96,650; получает от 2",2,False,2,17,36952.0,1933000.0,2,20,52.3111,False,0,0.000514,0.000356,-6.0,0.0647,0,True,0.0,False
100000008468762100,terminal,0.3,14,0.6125,"получил 170,000 KZT от 2 плательщиков (2 переводов), исходящих нет; колено 3, обходом не обрезан",3,False,2,0,170000.0,0.0,2,0,0.0,False,0,0.0,0.000312,,0.0,0,False,0.0,False
100000008469048100,peripheral,0.2,0,0.1615,"обход остановлен на 4-м колене: получил 265,200 от 1; ниже порогов конечного получателя (сумма не меньше, чем у 87% подтверждённых стоков), сток не подтверждён",4,False,1,0,265200.0,0.0,7,0,0.0,True,0,0.0,0.000581,,0.0,0,False,0.8684,False
100000008470470100,peripheral,0.2,56,0.3481,"получает от 1 (33,547), отправляет 0 (0); ниже порогов ролей",1,False,1,0,33547.0,0.0,1,0,0.0,False,1,0.0,0.000294,,0.0,1,False,0.0,False
100000008471634100,peripheral,0.2,22,0.1055,"обход остановлен на 4-м колене: получил 20,000 от 1; ниже порогов конечного получателя (сумма не меньше, чем у 25% подтверждённых стоков), сток не подтверждён",4,False,1,0,20000.0,0.0,1,0,0.0,True,0,0.0,0.001129,,0.0,0,False,0.5575,False
100000008472324100,peripheral,0.2,4,0.4532,"получает от 1 (205,200), отправляет 0 (0); ниже порогов ролей",3,False,1,0,205200.0,0.0,1,0,0.0,False,0,0.0,0.000294,,0.0,0,False,0.0,False
100000008473207100,peripheral,0.2,6,0.5225,"получает от 1 (202,000), отправляет 0 (0); ниже порогов ролей",2,False,1,0,202000.0,0.0,4,0,0.0,False,0,0.0,0.000559,,0.0,0,False,0.0,False
100000008473765100,peripheral,0.2,6,0.3084,"получает от 1 (30,000), отправляет 0 (0); ниже порогов ролей",3,False,1,0,30000.0,0.0,1,0,0.0,False,0,0.0,0.000293,,0.0,0,False,0.0,False
100000008474308100,peripheral,0.2,0,0.296,"получает от 1 (14,000), отправляет 1 (10,000); ниже порогов ролей",2,False,1,1,14000.0,10000.0,2,1,0.7143,False,0,0.0,0.000447,-5.0,0.0,0,True,0.0,False
100000008474391100,peripheral,0.2,20,0.3238,"получает от 1 (20,000), отправляет 0 (0); ниже порогов ролей",3,False,1,0,20000.0,0.0,1,0,0.0,False,0,0.0,0.000409,,0.0,0,False,0.0,False
100000008477350100,distributor,1.0,0,0.8921,"рассылает 39 получателям 3,374,866 KZT, средний перевод 76,702; получает от 11",2,False,11,39,610100.0,3374866.0,14,44,5.5317,False,0,0.00256,0.001039,-7.0,0.2369,0,True,0.0,False
100000008478414100,peripheral,0.2,57,0.2087,"получает от 1 (10,000), отправляет 0 (0); ниже порогов ролей",2,False,1,0,10000.0,0.0,1,0,0.0,False,0,0.0,0.00029,,0.0,1,False,0.0,False
100000008486520100,peripheral,0.2,1,0.4177,"получает от 1 (35,720), отправляет 1 (14,000); ниже порогов ролей",1,False,1,1,35720.0,14000.0,2,1,0.3919,False,1,2e-05,0.000291,-2.0,0.0,0,False,0.0,False
100000008488166100,peripheral,0.2,55,0.1768,"получает от 1 (5,600), отправляет 0 (0); ниже порогов ролей",3,False,1,0,5600.0,0.0,1,0,0.0,False,0,0.0,0.000288,,0.0,1,False,0.0,False
100000008489604100,peripheral,0.2,55,0.2082,"получает от 1 (11,000), отправляет 0 (0); ниже порогов ролей",3,False,1,0,11000.0,0.0,1,0,0.0,False,0,0.0,0.000289,,0.0,1,False,0.0,False
100000008489922100,distributor,1.0,3,0.829,"рассылает 36 получателям 3,789,900 KZT, средний перевод 92,437; получает от 3",3,False,3,36,262010.0,3789900.0,5,41,14.4647,False,0,0.000887,0.000588,-3.0,0.1606,0,True,0.0,False
100000008490127100,peripheral,0.2,4,0.6014,"получает от 1 (431,755), отправляет 6 (923,000); ниже порогов ролей",3,False,1,6,431755.0,923000.0,2,9,2.1378,False,0,0.000117,0.000301,-19.0,0.0,0,False,0.0,False
100000008491390100,peripheral,0.2,0,0.3057,"получает от 1 (36,000), отправляет 0 (0); ниже порогов ролей",3,False,1,0,36000.0,0.0,1,0,0.0,False,0,0.0,0.000289,,0.0,0,False,0.0,False
100000008493007100,transit,1.0,61,0.4131,"получил 26,150, отправил 26,150 (100%); 100% ушло в течение 2 дней после прихода",3,False,1,1,26150.0,26150.0,1,1,1.0,False,0,1e-06,0.000291,1.0,1.0,1,False,0.0,False
100000008497298100,terminal,0.3,3,0.5906,"получил 600,000 KZT от 1 плательщиков (1 переводов), исходящих нет; колено 2, обходом не обрезан",2,False,1,0,600000.0,0.0,1,0,0.0,False,0,0.0,0.000344,,0.0,0,False,0.0,False
100000008501413100,transit,0.9667,8,0.3792,"получил 5,000, отправил 5,100 (102%); 100% ушло в течение 2 дней после прихода",3,False,1,1,5000.0,5100.0,1,1,1.02,False,0,2.2e-05,0.000368,2.0,1.0,0,False,0.0,False
100000008502995100,peripheral,0.2,0,0.3692,"получает от 1 (25,000), отправляет 0 (0); ниже порогов ролей",3,False,1,0,25000.0,0.0,2,0,0.0,False,0,0.0,0.00073,,0.0,0,False,0.0,False
100000008503177100,peripheral,0.2,6,0.3201,"получает от 1 (33,951), отправляет 0 (0); ниже порогов ролей",3,False,1,0,33951.0,0.0,1,0,0.0,False,0,0.0,0.000294,,0.0,0,False,0.0,False
100000008507703100,peripheral,0.2,55,0.2974,"получает от 1 (28,500), отправляет 0 (0); ниже порогов ролей",3,False,1,0,28500.0,0.0,1,0,0.0,False,0,0.0,0.000291,,0.0,1,False,0.0,False
100000008512552100,peripheral,0.2,13,0.7697,"получает от 4 (394,360), отправляет 6 (1,302,275); ниже порогов ролей",2,False,4,6,394360.0,1302275.0,9,11,3.3022,False,0,0.000438,0.000428,0.0,0.4952,0,True,0.0,False
100000008512827100,distributor,0.3,7,0.7364,"рассылает 10 получателям 1,944,500 KZT, средний перевод 194,450; получает от 3",2,False,3,10,107949.0,1944500.0,3,10,18.0131,False,0,0.00014,0.000337,4.0,0.0,0,False,0.0,False
100000008513251100,peripheral,0.2,103,0.0,seed без переводов ≥5 000 KZT в выборке; входящие вне выборки,0,True,0,0,0.0,0.0,0,0,,False,0,0.0,0.0,,0.0,-1,False,0.0,False
100000008514970100,peripheral,0.2,19,0.5778,"получает от 1 (379,966), отправляет 1 (31,000); ниже порогов ролей",3,False,1,1,379966.0,31000.0,1,1,0.0816,False,0,1e-06,0.000314,0.0,1.0,0,False,0.0,False
100000008516839100,peripheral,0.2,17,0.3311,"seed: отправляет 0 получателям 0; входящие занижены выгрузкой, пропуск не интерпретируется",0,True,3,0,155000.0,0.0,4,0,0.0,False,1,0.0,0.001074,,0.0,0,False,0.0,False
100000008517061100,peripheral,0.2,12,0.1717,"обход остановлен на 4-м колене: получил 1,844,000 от 1; профиль как у конечного получателя (сумма не меньше, чем у 100% подтверждённых стоков) — запросить 5-е колено",4,False,1,0,1844000.0,0.0,4,0,0.0,True,0,0.0,0.000415,,0.0,0,False,0.9328,True
100000008517538100,distributor,0.7,3,0.7457,"рассылает 17 получателям 1,439,000 KZT, средний перевод 79,944; получает от 3",3,False,3,17,155500.0,1439000.0,6,18,9.254,False,0,0.00025,0.000308,2.0,0.0097,0,False,0.0,False
100000008522127100,peripheral,0.2,50,0.0346,"seed: отправляет 1 получателям 145,000; входящие занижены выгрузкой, пропуск не интерпретируется",0,True,0,1,0.0,145000.0,0,3,,False,0,0.0,0.000287,,0.0,0,False,0.0,False
100000008524903100,peripheral,0.2,0,0.085,"обход остановлен на 4-м колене: получил 15,000 от 1; ниже порогов конечного получателя (сумма не меньше, чем у 15% подтверждённых стоков), сток не подтверждён",4,False,1,0,15000.0,0.0,1,0,0.0,True,0,0.0,0.000333,,0.0,0,False,0.5079,False
100000008525136100,peripheral,0.2,0,0.0675,"обход остановлен на 4-м колене: получил 14,100 от 1; ниже порогов конечного получателя (сумма не меньше, чем у 13% подтверждённых стоков), сток не подтверждён",4,False,1,0,14100.0,0.0,1,0,0.0,True,0,0.0,0.00029,,0.0,0,False,0.4972,False
100000008531133100,peripheral,0.2,1,0.4414,"получает от 1 (25,000), отправляет 3 (158,272); ниже порогов ролей",2,False,1,3,25000.0,158271.68,1,3,6.3309,False,0,2.4e-05,0.000535,-4.0,0.2007,0,False,0.0,False
100000008531186100,peripheral,0.2,2,0.4663,"получает от 1 (125,000), отправляет 0 (0); ниже порогов ролей",2,False,1,0,125000.0,0.0,1,0,0.0,False,0,0.0,0.000364,,0.0,0,False,0.0,False
100000008532050100,peripheral,0.2,4,0.5088,"получает от 1 (455,156), отправляет 0 (0); ниже порогов ролей",3,False,1,0,455156.0,0.0,1,0,0.0,False,0,0.0,0.000302,,0.0,0,False,0.0,False
100000008536546100,terminal,0.3,14,0.6424,"получил 250,000 KZT от 2 плательщиков (2 переводов), исходящих нет; колено 3, обходом не обрезан",3,False,2,0,250000.0,0.0,2,0,0.0,False,0,0.0,0.000319,,0.0,0,False,0.0,False
100000008537380100,peripheral,0.2,55,0.1875,"получает от 1 (8,000), отправляет 0 (0); ниже порогов ролей",3,False,1,0,8000.0,0.0,1,0,0.0,False,0,0.0,0.000288,,0.0,1,False,0.0,False
100000008545727100,peripheral,0.2,9,0.4491,"получает от 1 (30,000), отправляет 6 (1,866,500); ниже порогов ролей",2,False,1,6,30000.0,1866500.0,1,7,62.2167,False,0,0.000137,0.00034,0.0,0.6376,0,True,0.0,False
100000008546855100,consolidator,0.5107,16,0.7889,"получает от 6 плательщиков (71,790 KZT, из них 0 seed), отдаёт дальше 14%",2,False,6,2,71790.0,10000.0,8,2,0.1393,False,0,6e-05,0.001432,1.0,1.0,0,True,0.0,False
100000008547295100,peripheral,0.2,5,0.3151,"получает от 1 (15,000), отправляет 0 (0); ниже порогов ролей",3,False,1,0,15000.0,0.0,1,0,0.0,False,0,0.0,0.000565,,0.0,0,False,0.0,False
100000008547844100,distributor,0.9,3,0.7757,"рассылает 19 получателям 2,042,199 KZT, средний перевод 97,248; получает от 3",2,False,3,19,177600.0,2042199.0,3,21,11.4989,False,0,0.001818,0.000346,-4.0,0.2847,0,True,0.0,False
100000008547948100,distributor,1.0,3,0.8127,"рассылает 26 получателям 5,185,600 KZT, средний перевод 167,277; получает от 6",2,False,6,26,212665.0,5185600.0,7,31,24.3839,False,0,0.001152,0.00043,0.0,0.1182,0,True,0.0,False
100000008548853100,peripheral,0.2,55,0.2202,"получает от 1 (14,000), отправляет 0 (0); ниже порогов ролей",3,False,1,0,14000.0,0.0,1,0,0.0,False,0,0.0,0.000289,,0.0,1,False,0.0,False
100000008551752100,peripheral,0.2,36,0.1588,"обход остановлен на 4-м колене: получил 406,000 от 1; ниже порогов конечного получателя (сумма не меньше, чем у 92% подтверждённых стоков), сток не подтверждён",4,False,1,0,406000.0,0.0,2,0,0.0,True,0,0.0,0.000343,,0.0,0,False,0.8943,False
100000008554390100,peripheral,0.2,15,0.0724,"обход остановлен на 4-м колене: получил 14,000 от 1; ниже порогов конечного получателя (сумма не меньше, чем у 13% подтверждённых стоков), сток не подтверждён",4,False,1,0,14000.0,0.0,1,0,0.0,True,0,0.0,0.000294,,0.0,0,False,0.4972,False
100000008555233100,peripheral,0.2,14,0.5372,"получает от 1 (440,600), отправляет 0 (0); ниже порогов ролей",3,False,1,0,440600.0,0.0,1,0,0.0,False,0,0.0,0.000365,,0.0,0,False,0.0,False
100000008555918100,peripheral,0.2,2,0.5735,"получает от 1 (139,211), отправляет 2 (43,300); ниже порогов ролей",1,False,1,2,139211.0,43300.0,1,2,0.311,False,1,4.8e-05,0.000315,-13.0,0.0,0,False,0.0,False
100000008556318100,terminal,0.3,2,0.6875,"получил 180,132 KZT от 2 плательщиков (2 переводов), исходящих нет; колено 1, обходом не обрезан",1,False,2,0,180132.0,0.0,2,0,0.0,False,1,0.0,0.000563,,0.0,0,False,0.0,False
100000008557672100,peripheral,0.2,57,0.3686,"получает от 1 (49,125), отправляет 0 (0); ниже порогов ролей",2,False,1,0,49125.0,0.0,1,0,0.0,False,0,0.0,0.000304,,0.0,1,False,0.0,False
100000008560263100,peripheral,0.2,4,0.1305,"обход остановлен на 4-м колене: получил 100,000 от 1; ниже порогов конечного получателя (сумма не меньше, чем у 71% подтверждённых стоков), сток не подтверждён",4,False,1,0,100000.0,0.0,1,0,0.0,True,0,0.0,0.000315,,0.0,0,False,0.7887,False
100000008560717100,consolidator,0.7777,4,0.8743,"получает от 7 плательщиков (529,000 KZT, из них 1 seed), отдаёт дальше 5%",1,False,7,1,529000.0,25000.0,9,1,0.0473,False,1,2e-05,0.000332,25.0,0.0,0,False,0.0,False
100000008561016100,transit,0.9537,3,0.5891,"получил 180,000, отправил 185,000 (103%); 100% ушло в течение 2 дней после прихода",3,False,1,1,180000.0,185000.0,2,4,1.0278,False,0,2.3e-05,0.000296,0.0,1.0,0,False,0.0,False
100000008566737100,terminal,0.3,0,0.6764,"получил 230,000 KZT от 2 плательщиков (2 переводов), исходящих нет; колено 1, обходом не обрезан",1,False,2,0,230000.0,0.0,2,0,0.0,False,1,0.0,0.000351,,0.0,0,False,0.0,False
100000008568512100,peripheral,0.2,4,0.4486,"получает от 1 (199,640), отправляет 0 (0); ниже порогов ролей",3,False,1,0,199640.0,0.0,1,0,0.0,False,0,0.0,0.000293,,0.0,0,False,0.0,False
100000008571243100,peripheral,0.2,9,0.4467,"получает от 1 (134,000), отправляет 0 (0); ниже порогов ролей",3,False,1,0,134000.0,0.0,1,0,0.0,False,0,0.0,0.000308,,0.0,0,False,0.0,False
100000008571433100,peripheral,0.2,79,0.3652,"seed: отправляет 2 получателям 1,434,000; входящие занижены выгрузкой, пропуск не интерпретируется",0,True,2,2,350000.0,1434000.0,2,3,4.0971,False,0,1e-06,0.001637,1.0,0.742,9,True,0.0,False
100000008571443100,terminal,0.3,11,0.5513,"получил 65,000 KZT от 2 плательщиков (2 переводов), исходящих нет; колено 2, обходом не обрезан",2,False,2,0,65000.0,0.0,2,0,0.0,False,0,0.0,0.000316,,0.0,0,False,0.0,False
100000008575624100,peripheral,0.2,76,0.0346,"seed: отправляет 3 получателям 89,500; входящие занижены выгрузкой, пропуск не интерпретируется",0,True,0,3,0.0,89500.0,0,5,,False,0,0.0,0.000287,,0.0,6,False,0.0,False
100000008576243100,terminal,0.3,0,0.6197,"получил 82,920 KZT от 2 плательщиков (4 переводов), исходящих нет; колено 3, обходом не обрезан",3,False,2,0,82920.0,0.0,4,0,0.0,False,0,0.0,0.001658,,0.0,0,False,0.0,False
100000008576528100,peripheral,0.2,4,0.2807,"получает от 1 (28,000), отправляет 0 (0); ниже порогов ролей",3,False,1,0,28000.0,0.0,1,0,0.0,False,0,0.0,0.000288,,0.0,0,False,0.0,False
100000008579978100,peripheral,0.2,4,0.3725,"получает от 1 (34,000), отправляет 1 (77,000); ниже порогов ролей",3,False,1,1,34000.0,77000.0,1,6,2.2647,False,0,2e-05,0.000288,-1.0,0.3506,0,False,0.0,False
100000008582730100,transit,1.0,16,0.329,"получил 5,000, отправил 5,000 (100%); 100% ушло в течение 2 дней после прихода",3,False,1,1,5000.0,5000.0,1,1,1.0,False,0,0.0,0.000897,0.0,1.0,0,True,0.0,False
100000008583360100,peripheral,0.2,9,0.5274,"получает от 1 (112,843), отправляет 1 (170,000); ниже порогов ролей",3,False,1,1,112843.0,170000.0,1,1,1.5065,False,0,2e-05,0.000329,5.0,0.0,0,False,0.0,False
100000008583971100,peripheral,0.2,0,0.149,"обход остановлен на 4-м колене: получил 51,000 от 2; профиль как у конечного получателя (сумма не меньше, чем у 55% подтверждённых стоков) — запросить 5-е колено",4,False,2,0,51000.0,0.0,2,0,0.0,True,0,0.0,0.000331,,0.0,0,False,0.7539,True
100000008586731100,peripheral,0.2,10,0.2399,"получает от 1 (12,000), отправляет 0 (0); ниже порогов ролей",1,False,1,0,12000.0,0.0,1,0,0.0,False,1,0.0,0.000289,,0.0,0,False,0.0,False
100000008587459100,peripheral,0.2,0,0.633,"получает от 2 (181,507), отправляет 2 (686,500); ниже порогов ролей",2,False,2,2,181507.0,686500.0,2,4,3.7822,False,0,1.8e-05,0.000302,-9.0,0.0,0,True,0.0,False
100000008588665100,peripheral,0.2,0,0.1011,"обход остановлен на 4-м колене: получил 25,000 от 1; ниже порогов конечного получателя (сумма не меньше, чем у 33% подтверждённых стоков), сток не подтверждён",4,False,1,0,25000.0,0.0,1,0,0.0,True,0,0.0,0.000354,,0.0,0,False,0.5964,False
100000008595687100,peripheral,0.2,1,0.4968,"получает от 1 (64,395), отправляет 1 (10,400); ниже порогов ролей",3,False,1,1,64395.0,10400.0,1,1,0.1615,False,0,0.000306,0.000306,1.0,1.0,0,True,0.0,False
100000008596924100,peripheral,0.2,5,0.4598,"получает от 1 (100,000), отправляет 0 (0); ниже порогов ролей",3,False,1,0,100000.0,0.0,1,0,0.0,False,0,0.0,0.000418,,0.0,0,False,0.0,False
100000008598972100,peripheral,0.2,19,0.4235,"получает от 1 (120,000), отправляет 0 (0); ниже порогов ролей",3,False,1,0,120000.0,0.0,1,0,0.0,False,0,0.0,0.000295,,0.0,0,False,0.0,False
100000008599354100,peripheral,0.2,0,0.5501,"получает от 1 (177,000), отправляет 1 (38,200); ниже порогов ролей",3,False,1,1,177000.0,38200.0,1,2,0.2158,False,0,4e-06,0.000333,10.0,0.0,0,False,0.0,False
100000008601794100,peripheral,0.2,81,0.3727,"seed: отправляет 1 получателям 871,400; входящие занижены выгрузкой, пропуск не интерпретируется",0,True,2,1,494400.0,871400.0,8,13,1.7625,False,0,0.0,0.002387,-13.0,0.1951,10,True,0.0,False
100000008603331100,peripheral,0.2,3,0.5732,"получает от 2 (39,500), отправляет 6 (741,774); ниже порогов ролей",2,False,2,6,39500.0,741774.0,3,6,18.7791,False,0,0.000199,0.000346,-3.0,0.0328,0,True,0.0,False
100000008603629100,coordinator,1.0,6,0.9534,"связывает 10 кластера; посредничество топ-5 из 2248; получает от 19, отправляет 61; пропуск 274%",2,False,19,61,1817300.0,4986156.0,45,74,2.7437,False,0,0.005859,0.001197,1.0,0.0315,0,True,0.0,False
100000008612257100,peripheral,0.2,13,0.196,"получает от 1 (9,500), отправляет 0 (0); ниже порогов ролей",3,False,1,0,9500.0,0.0,1,0,0.0,False,0,0.0,0.000289,,0.0,0,False,0.0,False
100000008619159100,peripheral,0.2,51,0.1608,"обход остановлен на 4-м колене: получил 446,400 от 1; ниже порогов конечного получателя (сумма не меньше, чем у 93% подтверждённых стоков), сток не подтверждён",4,False,1,0,446400.0,0.0,2,0,0.0,True,0,0.0,0.000358,,0.0,0,False,0.8985,False
100000008619857100,peripheral,0.2,0,0.3534,"получает от 1 (29,000), отправляет 2 (13,000); ниже порогов ролей",3,False,1,2,29000.0,13000.0,1,2,0.4483,False,0,2e-06,0.000288,-20.0,0.6154,0,False,0.0,False
100000008620570100,peripheral,0.2,2,0.6595,"получает от 2 (145,000), отправляет 2 (31,800); ниже порогов ролей",3,False,2,2,145000.0,31800.0,2,2,0.2193,False,0,3.4e-05,0.00035,-7.0,0.3145,0,False,0.0,False
100000008624978100,peripheral,0.2,14,0.453,"получает от 1 (109,000), отправляет 0 (0); ниже порогов ролей",2,False,1,0,109000.0,0.0,1,0,0.0,False,0,0.0,0.00034,,0.0,0,False,0.0,False
100000008625905100,peripheral,0.2,46,0.6048,"получает от 1 (197,800), отправляет 2 (635,000); ниже порогов ролей",3,False,1,2,197800.0,635000.0,1,2,3.2103,False,0,4e-05,0.000548,-26.0,0.0,0,False,0.0,False
100000008628231100,peripheral,0.2,52,0.4802,"получает от 1 (50,000), отправляет 2 (627,870); ниже порогов ролей",1,False,1,2,50000.0,627870.0,1,19,12.5574,False,1,4.8e-05,0.000297,1.0,0.035,0,False,0.0,False
100000008628818100,peripheral,0.2,9,0.109,"обход остановлен на 4-м колене: получил 46,310 от 1; ниже порогов конечного получателя (сумма не меньше, чем у 50% подтверждённых стоков), сток не подтверждён",4,False,1,0,46310.0,0.0,1,0,0.0,True,0,0.0,0.000304,,0.0,0,False,0.684,False
100000008629504100,peripheral,0.2,0,0.0868,"обход остановлен на 4-м колене: получил 20,000 от 1; ниже порогов конечного получателя (сумма не меньше, чем у 25% подтверждённых стоков), сток не подтверждён",4,False,1,0,20000.0,0.0,1,0,0.0,True,0,0.0,0.000303,,0.0,0,False,0.5575,False
100000008629581100,peripheral,0.2,2,0.3945,"получает от 1 (54,184), отправляет 0 (0); ниже порогов ролей",2,False,1,0,54184.0,0.0,1,0,0.0,False,0,0.0,0.000317,,0.0,0,False,0.0,False
100000008631800100,peripheral,0.2,15,0.0706,"обход остановлен на 4-м колене: получил 12,850 от 1; ниже порогов конечного получателя (сумма не меньше, чем у 12% подтверждённых стоков), сток не подтверждён",4,False,1,0,12850.0,0.0,1,0,0.0,True,0,0.0,0.000294,,0.0,0,False,0.4916,False
100000008632060100,peripheral,0.2,0,0.2872,"получает от 1 (6,000), отправляет 9 (339,200); ниже порогов ролей",3,False,1,9,6000.0,339200.0,1,12,56.5333,False,0,0.000546,0.000289,-5.0,0.0,0,True,0.0,False
100000008633099100,peripheral,0.2,5,0.3394,"получает от 1 (19,468), отправляет 1 (13,500); ниже порогов ролей",3,False,1,1,19468.0,13500.0,1,1,0.6934,False,0,2e-05,0.000293,8.0,0.0,0,False,0.0,False
100000008634520100,peripheral,0.2,3,0.4086,"получает от 1 (90,000), отправляет 0 (0); ниже порогов ролей",3,False,1,0,90000.0,0.0,1,0,0.0,False,0,0.0,0.0003,,0.0,0,False,0.0,False
100000008636603100,peripheral,0.2,1,0.5724,"получает от 2 (35,460), отправляет 6 (159,375); ниже порогов ролей",2,False,2,6,35460.0,159375.0,2,7,4.4945,False,0,0.003534,0.00034,0.0,0.3161,0,True,0.0,False
100000008637537100,peripheral,0.2,35,0.4262,"seed: отправляет 3 получателям 2,351,495; входящие занижены выгрузкой, пропуск не интерпретируется",0,True,3,3,619890.0,2351495.0,22,30,3.7934,False,2,7.9e-05,0.000832,0.0,0.3585,0,True,0.0,False
100000008638859100,peripheral,0.2,4,0.1161,"обход остановлен на 4-м колене: получил 34,000 от 1; ниже порогов конечного получателя (сумма не меньше, чем у 42% подтверждённых стоков), сток не подтверждён",4,False,1,0,34000.0,0.0,1,0,0.0,True,0,0.0,0.000542,,0.0,0,False,0.6446,False
100000008647905100,peripheral,0.2,16,0.4778,"получает от 1 (50,000), отправляет 2 (344,222); ниже порогов ролей",2,False,1,2,50000.0,344222.0,1,2,6.8844,False,0,3.9e-05,0.00033,1.0,0.6705,0,False,0.0,False
100000008648783100,peripheral,0.2,15,0.0545,"обход остановлен на 4-м колене: получил 5,200 от 1; ниже порогов конечного получателя (сумма не меньше, чем у 1% подтверждённых стоков), сток не подтверждён",4,False,1,0,5200.0,0.0,1,0,0.0,True,0,0.0,0.00029,,0.0,0,False,0.4402,False
100000008649416100,peripheral,0.2,13,0.0774,"обход остановлен на 4-м колене: получил 5,000 от 1; ниже порогов конечного получателя (сумма не меньше, чем у 1% подтверждённых стоков), сток не подтверждён",4,False,1,0,5000.0,0.0,1,0,0.0,True,0,0.0,0.000536,,0.0,0,False,0.4397,False
100000008650785100,peripheral,0.2,1,0.3421,"seed: отправляет 2 получателям 120,120; входящие занижены выгрузкой, пропуск не интерпретируется",0,True,2,2,92000.0,120120.0,2,2,1.3057,False,1,2.3e-05,0.000615,1.0,0.5829,0,False,0.0,False
100000008652094100,peripheral,0.2,0,0.303,"получает от 1 (35,000), отправляет 0 (0); ниже порогов ролей",3,False,1,0,35000.0,0.0,1,0,0.0,False,0,0.0,0.000289,,0.0,0,False,0.0,False
100000008653041100,peripheral,0.2,55,0.2958,"получает от 1 (28,000), отправляет 0 (0); ниже порогов ролей",3,False,1,0,28000.0,0.0,1,0,0.0,False,0,0.0,0.000291,,0.0,1,False,0.0,False
100000008654653100,peripheral,0.2,1,0.0346,"seed: отправляет 1 получателям 54,000; входящие занижены выгрузкой, пропуск не интерпретируется",0,True,0,1,0.0,54000.0,0,1,,False,0,0.0,0.000287,,0.0,0,False,0.0,False
100000008655035100,peripheral,0.2,5,0.3774,"получает от 1 (30,000), отправляет 0 (0); ниже порогов ролей",2,False,1,0,30000.0,0.0,1,0,0.0,False,0,0.0,0.000543,,0.0,0,False,0.0,False
100000008655779100,peripheral,0.2,24,0.4894,"получает от 1 (47,000), отправляет 2 (24,704); ниже порогов ролей",3,False,1,2,47000.0,24704.0,1,2,0.5256,False,0,6e-05,0.000399,15.0,0.0,0,False,0.0,False
100000008656043100,peripheral,0.2,57,0.3056,"получает от 1 (26,200), отправляет 0 (0); ниже порогов ролей",2,False,1,0,26200.0,0.0,1,0,0.0,False,0,0.0,0.000296,,0.0,1,False,0.0,False
100000008659445100,peripheral,0.2,71,0.3475,"seed: отправляет 4 получателям 875,150; входящие занижены выгрузкой, пропуск не интерпретируется",0,True,3,4,138490.0,875150.0,7,18,6.3192,False,0,1e-06,0.002458,7.0,0.0,5,True,0.0,False
100000008659950100,peripheral,0.2,3,0.4979,"получает от 1 (246,000), отправляет 0 (0); ниже порогов ролей",3,False,1,0,246000.0,0.0,1,0,0.0,False,0,0.0,0.000322,,0.0,0,False,0.0,False
100000008661550100,peripheral,0.2,55,0.2692,"получает от 1 (22,800), отправляет 0 (0); ниже порогов ролей",3,False,1,0,22800.0,0.0,1,0,0.0,False,0,0.0,0.00029,,0.0,1,False,0.0,False
100000008661585100,peripheral,0.2,56,0.3714,"получает от 1 (43,141), отправляет 0 (0); ниже порогов ролей",1,False,1,0,43141.0,0.0,1,0,0.0,False,1,0.0,0.000296,,0.0,1,False,0.0,False
100000008662216100,peripheral,0.2,55,0.2907,"получает от 1 (26,200), отправляет 0 (0); ниже порогов ролей",3,False,1,0,26200.0,0.0,1,0,0.0,False,0,0.0,0.000291,,0.0,1,False,0.0,False
100000008662805100,peripheral,0.2,55,0.2356,"получает от 1 (16,500), отправляет 0 (0); ниже порогов ролей",3,False,1,0,16500.0,0.0,1,0,0.0,False,0,0.0,0.000289,,0.0,1,False,0.0,False
100000008663007100,peripheral,0.2,56,0.2521,"получает от 1 (14,000), отправляет 0 (0); ниже порогов ролей",1,False,1,0,14000.0,0.0,1,0,0.0,False,1,0.0,0.00029,,0.0,1,False,0.0,False
100000008663723100,peripheral,0.2,55,0.2309,"получает от 1 (15,600), отправляет 0 (0); ниже порогов ролей",3,False,1,0,15600.0,0.0,1,0,0.0,False,0,0.0,0.000289,,0.0,1,False,0.0,False
100000008664469100,peripheral,0.2,2,0.3153,"получает от 1 (25,000), отправляет 0 (0); ниже порогов ролей",1,False,1,0,25000.0,0.0,1,0,0.0,False,1,0.0,0.000292,,0.0,0,False,0.0,False
100000008664774100,peripheral,0.2,55,0.2346,"получает от 1 (16,300), отправляет 0 (0); ниже порогов ролей",3,False,1,0,16300.0,0.0,1,0,0.0,False,0,0.0,0.000289,,0.0,1,False,0.0,False
100000008665380100,peripheral,0.2,0,0.5766,"получает от 2 (69,100), отправляет 1 (18,200); ниже порогов ролей",1,False,2,1,69100.0,18200.0,2,1,0.2634,False,1,2e-05,0.000292,1.0,1.0,0,False,0.0,False
100000008666075100,peripheral,0.2,56,0.3249,"получает от 1 (26,217), отправляет 0 (0); ниже порогов ролей",1,False,1,0,26217.0,0.0,1,0,0.0,False,1,0.0,0.000292,,0.0,1,False,0.0,False
100000008667058100,peripheral,0.2,56,0.2753,"получает от 1 (17,534), отправляет 0 (0); ниже порогов ролей",1,False,1,0,17534.0,0.0,1,0,0.0,False,1,0.0,0.000291,,0.0,1,False,0.0,False
100000008667795100,peripheral,0.2,55,0.3154,"получает от 1 (34,000), отправляет 0 (0); ниже порогов ролей",3,False,1,0,34000.0,0.0,1,0,0.0,False,0,0.0,0.000292,,0.0,1,False,0.0,False
100000008667799100,peripheral,0.2,55,0.3154,"получает от 1 (34,000), отправляет 0 (0); ниже порогов ролей",3,False,1,0,34000.0,0.0,1,0,0.0,False,0,0.0,0.000292,,0.0,1,False,0.0,False
100000008668099100,peripheral,0.2,55,0.2319,"получает от 1 (15,700), отправляет 0 (0); ниже порогов ролей",3,False,1,0,15700.0,0.0,1,0,0.0,False,0,0.0,0.000289,,0.0,1,False,0.0,False
100000008669037100,peripheral,0.2,104,0.0,seed без переводов ≥5 000 KZT в выборке; входящие вне выборки,0,True,0,0,0.0,0.0,0,0,,False,0,0.0,0.0,,0.0,-1,False,0.0,False
100000008669310100,peripheral,0.2,0,0.3557,"получает от 1 (59,567), отправляет 0 (0); ниже порогов ролей",3,False,1,0,59567.0,0.0,2,0,0.0,False,0,0.0,0.00029,,0.0,0,False,0.0,False
100000008670667100,peripheral,0.2,56,0.2633,"получает от 1 (15,534), отправляет 0 (0); ниже порогов ролей",1,False,1,0,15534.0,0.0,1,0,0.0,False,1,0.0,0.00029,,0.0,1,False,0.0,False
100000008671026100,peripheral,0.2,56,0.3067,"получает от 1 (23,534), отправляет 0 (0); ниже порогов ролей",1,False,1,0,23534.0,0.0,1,0,0.0,False,1,0.0,0.000292,,0.0,1,False,0.0,False
100000008671081100,peripheral,0.2,55,0.3244,"получает от 1 (37,200), отправляет 0 (0); ниже порогов ролей",3,False,1,0,37200.0,0.0,1,0,0.0,False,0,0.0,0.000293,,0.0,1,False,0.0,False
100000008671129100,peripheral,0.2,55,0.2907,"получает от 1 (26,200), отправляет 0 (0); ниже порогов ролей",3,False,1,0,26200.0,0.0,1,0,0.0,False,0,0.0,0.000291,,0.0,1,False,0.0,False
100000008671929100,peripheral,0.2,2,0.4288,"получает от 1 (75,000), отправляет 0 (0); ниже порогов ролей",1,False,1,0,75000.0,0.0,2,0,0.0,False,1,0.0,0.000302,,0.0,0,False,0.0,False
100000008672162100,peripheral,0.2,56,0.2638,"получает от 1 (15,550), отправляет 0 (0); ниже порогов ролей",1,False,1,0,15550.0,0.0,1,0,0.0,False,1,0.0,0.00029,,0.0,1,False,0.0,False
100000008672200100,peripheral,0.2,56,0.2198,"получает от 1 (8,511), отправляет 0 (0); ниже порогов ролей",1,False,1,0,8511.0,0.0,1,0,0.0,False,1,0.0,0.000289,,0.0,1,False,0.0,False
100000008672480100,peripheral,0.2,57,0.2278,"получает от 1 (13,000), отправляет 0 (0); ниже порогов ролей",2,False,1,0,13000.0,0.0,1,0,0.0,False,0,0.0,0.000291,,0.0,1,False,0.0,False
100000008672493100,peripheral,0.2,55,0.2202,"получает от 1 (14,000), отправляет 0 (0); ниже порогов ролей",3,False,1,0,14000.0,0.0,1,0,0.0,False,0,0.0,0.000289,,0.0,1,False,0.0,False
100000008672603100,peripheral,0.2,2,0.2891,"получает от 1 (21,200), отправляет 0 (0); ниже порогов ролей",2,False,1,0,21200.0,0.0,1,0,0.0,False,0,0.0,0.000299,,0.0,0,False,0.0,False
100000008672762100,peripheral,0.2,57,0.2278,"получает от 1 (13,000), отправляет 0 (0); ниже порогов ролей",2,False,1,0,13000.0,0.0,1,0,0.0,False,0,0.0,0.000291,,0.0,1,False,0.0,False
100000008673001100,peripheral,0.2,17,0.2372,"seed: отправляет 0 получателям 0; входящие занижены выгрузкой, пропуск не интерпретируется",0,True,1,0,80000.0,0.0,1,0,0.0,False,1,0.0,0.000471,,0.0,0,False,0.0,False
100000008675322100,peripheral,0.2,31,0.1538,"обход остановлен на 4-м колене: получил 340,000 от 1; ниже порогов конечного получателя (сумма не меньше, чем у 90% подтверждённых стоков), сток не подтверждён",4,False,1,0,340000.0,0.0,4,0,0.0,True,0,0.0,0.000321,,0.0,0,False,0.8841,False
100000008676812100,peripheral,0.2,16,0.5171,"получает от 1 (230,800), отправляет 0 (0); ниже порогов ролей",3,False,1,0,230800.0,0.0,1,0,0.0,False,0,0.0,0.000475,,0.0,0,False,0.0,False
100000008677215100,peripheral,0.2,20,0.2347,"получает от 1 (9,000), отправляет 0 (0); ниже порогов ролей",3,False,1,0,9000.0,0.0,1,0,0.0,False,0,0.0,0.000306,,0.0,0,False,0.0,False
100000008677368100,peripheral,0.2,5,0.0909,"обход остановлен на 4-м колене: получил 13,500 от 1; ниже порогов конечного получателя (сумма не меньше, чем у 12% подтверждённых стоков), сток не подтверждён",4,False,1,0,13500.0,0.0,1,0,0.0,True,0,0.0,0.000536,,0.0,0,False,0.494,False
100000008677518100,peripheral,0.2,55,0.3508,"получает от 1 (48,700), отправляет 0 (0); ниже порогов ролей",3,False,1,0,48700.0,0.0,1,0,0.0,False,0,0.0,0.000294,,0.0,1,False,0.0,False
100000008679986100,peripheral,0.2,56,0.2828,"получает от 1 (19,000), отправляет 0 (0); ниже порогов ролей",1,False,1,0,19000.0,0.0,1,0,0.0,False,1,0.0,0.000291,,0.0,1,False,0.0,False
100000008680061100,peripheral,0.2,0,0.1087,"обход остановлен на 4-м колене: получил 41,300 от 1; ниже порогов конечного получателя (сумма не меньше, чем у 47% подтверждённых стоков), сток не подтверждён",4,False,1,0,41300.0,0.0,2,0,0.0,True,0,0.0,0.000312,,0.0,0,False,0.6696,False
100000008680451100,peripheral,0.2,56,0.3067,"получает от 1 (23,534), отправляет 0 (0); ниже порогов ролей",1,False,1,0,23534.0,0.0,1,0,0.0,False,1,0.0,0.000292,,0.0,1,False,0.0,False
100000008680731100,distributor,1.0,10,0.0685,"рассылает 27 получателям 1,464,354 KZT, средний перевод 52,298; получает от 0; seed",0,True,0,27,0.0,1464354.0,0,28,,False,0,0.0,0.000287,,0.0,0,False,0.0,False
100000008680912100,peripheral,0.2,27,0.4076,"получает от 1 (45,112), отправляет 1 (5,991); ниже порогов ролей",3,False,1,1,45112.0,5990.85,2,1,0.1328,False,0,0.0,0.00054,5.0,0.0,0,True,0.0,False
100000008682426100,peripheral,0.2,12,0.267,"получает от 1 (20,000), отправляет 0 (0); ниже порогов ролей",3,False,1,0,20000.0,0.0,1,0,0.0,False,0,0.0,0.000293,,0.0,0,False,0.0,False
100000008683818100,peripheral,0.2,57,0.2549,"получает от 1 (17,400), отправляет 0 (0); ниже порогов ролей",2,False,1,0,17400.0,0.0,1,0,0.0,False,0,0.0,0.000293,,0.0,1,False,0.0,False
100000008684452100,peripheral,0.2,55,0.3628,"получает от 1 (51,800), отправляет 0 (0); ниже порогов ролей",3,False,1,0,51800.0,0.0,1,0,0.0,False,0,0.0,0.000295,,0.0,1,False,0.0,False
100000008684767100,peripheral,0.2,55,0.3088,"получает от 1 (31,100), отправляет 0 (0); ниже порогов ролей",3,False,1,0,31100.0,0.0,1,0,0.0,False,0,0.0,0.000292,,0.0,1,False,0.0,False
100000008684951100,peripheral,0.2,55,0.2394,"получает от 1 (17,200), отправляет 0 (0); ниже порогов ролей",3,False,1,0,17200.0,0.0,1,0,0.0,False,0,0.0,0.00029,,0.0,1,False,0.0,False
100000008686214100,peripheral,0.2,2,0.3046,"получает от 1 (25,000), отправляет 0 (0); ниже порогов ролей",3,False,1,0,25000.0,0.0,1,0,0.0,False,0,0.0,0.000299,,0.0,0,False,0.0,False
100000008686234100,peripheral,0.2,0,0.3608,"получает от 1 (39,778), отправляет 0 (0); ниже порогов ролей",1,False,1,0,39778.0,0.0,1,0,0.0,False,1,0.0,0.000294,,0.0,0,False,0.0,False
100000008686247100,peripheral,0.2,21,0.3091,"получает от 1 (22,000), отправляет 1 (5,000); ниже порогов ролей",3,False,1,1,22000.0,5000.0,2,1,0.2273,False,0,0.0,0.000315,12.0,0.0,0,True,0.0,False
100000008686313100,consolidator,0.4755,0,0.9428,"получает от 6 плательщиков (1,912,716 KZT, из них 1 seed), отдаёт дальше 17%",1,False,6,7,1912716.0,333800.0,16,13,0.1745,False,1,0.002019,0.00047,2.0,0.1114,0,True,0.0,False
100000008686494100,peripheral,0.2,55,0.2319,"получает от 1 (15,700), отправляет 0 (0); ниже порогов ролей",3,False,1,0,15700.0,0.0,1,0,0.0,False,0,0.0,0.000289,,0.0,1,False,0.0,False
100000008687492100,peripheral,0.2,57,0.2391,"получает от 1 (15,000), отправляет 0 (0); ниже порогов ролей",2,False,1,0,15000.0,0.0,1,0,0.0,False,0,0.0,0.000292,,0.0,1,False,0.0,False
100000008687617100,peripheral,0.2,55,0.3374,"получает от 1 (43,350), отправляет 0 (0); ниже порогов ролей",3,False,1,0,43350.0,0.0,2,0,0.0,False,0,0.0,0.000294,,0.0,1,False,0.0,False
100000008687671100,peripheral,0.2,56,0.3589,"получает от 1 (37,500), отправляет 0 (0); ниже порогов ролей",1,False,1,0,37500.0,0.0,1,0,0.0,False,1,0.0,0.000295,,0.0,1,False,0.0,False
100000008687733100,peripheral,0.2,55,0.2228,"получает от 1 (14,650), отправляет 0 (0); ниже порогов ролей",3,False,1,0,14650.0,0.0,1,0,0.0,False,0,0.0,0.000289,,0.0,1,False,0.0,False
100000008687990100,peripheral,0.2,55,0.2428,"получает от 1 (17,600), отправляет 0 (0); ниже порогов ролей",3,False,1,0,17600.0,0.0,1,0,0.0,False,0,0.0,0.00029,,0.0,1,False,0.0,False
100000008688109100,peripheral,0.2,55,0.2153,"получает от 1 (12,800), отправляет 0 (0); ниже порогов ролей",3,False,1,0,12800.0,0.0,1,0,0.0,False,0,0.0,0.000289,,0.0,1,False,0.0,False
100000008688155100,peripheral,0.2,55,0.2735,"получает от 1 (23,600), отправляет 0 (0); ниже порогов ролей",3,False,1,0,23600.0,0.0,1,0,0.0,False,0,0.0,0.000291,,0.0,1,False,0.0,False
100000008688476100,peripheral,0.2,57,0.2916,"получает от 1 (24,000), отправляет 0 (0); ниже порогов ролей",2,False,1,0,24000.0,0.0,1,0,0.0,False,0,0.0,0.000295,,0.0,1,False,0.0,False
100000008688881100,peripheral,0.2,57,0.3549,"получает от 1 (44,211), отправляет 0 (0); ниже порогов ролей",2,False,1,0,44211.0,0.0,1,0,0.0,False,0,0.0,0.000302,,0.0,1,False,0.0,False
100000008690762100,peripheral,0.2,55,0.2926,"получает от 1 (26,750), отправляет 0 (0); ниже порогов ролей",3,False,1,0,26750.0,0.0,1,0,0.0,False,0,0.0,0.000291,,0.0,1,False,0.0,False
100000008690932100,peripheral,0.2,56,0.3036,"получает от 1 (23,000), отправляет 0 (0); ниже порогов ролей",1,False,1,0,23000.0,0.0,1,0,0.0,False,1,0.0,0.000292,,0.0,1,False,0.0,False
100000008691027100,peripheral,0.2,56,0.2753,"получает от 1 (17,534), отправляет 0 (0); ниже порогов ролей",1,False,1,0,17534.0,0.0,1,0,0.0,False,1,0.0,0.000291,,0.0,1,False,0.0,False
100000008691168100,peripheral,0.2,57,0.2916,"получает от 1 (24,000), отправляет 0 (0); ниже порогов ролей",2,False,1,0,24000.0,0.0,1,0,0.0,False,0,0.0,0.000295,,0.0,1,False,0.0,False
100000008691330100,peripheral,0.2,56,0.2989,"получает от 1 (21,440), отправляет 0 (0); ниже порогов ролей",1,False,1,0,21440.0,0.0,1,0,0.0,False,1,0.0,0.000291,,0.0,1,False,0.0,False
100000008691495100,peripheral,0.2,56,0.3273,"получает от 1 (27,000), отправляет 0 (0); ниже порогов ролей",1,False,1,0,27000.0,0.0,1,0,0.0,False,1,0.0,0.000293,,0.0,1,False,0.0,False
100000008692291100,peripheral,0.2,3,0.672,"получает от 3 (160,000), отправляет 3 (156,000); ниже порогов ролей",3,False,3,3,160000.0,156000.0,3,3,0.975,False,0,6.5e-05,0.000309,-4.0,0.1346,0,False,0.0,False
100000008693069100,peripheral,0.2,56,0.29,"получает от 1 (20,000), отправляет 0 (0); ниже порогов ролей",1,False,1,0,20000.0,0.0,1,0,0.0,False,1,0.0,0.000291,,0.0,1,False,0.0,False
100000008695133100,peripheral,0.2,55,0.3228,"получает от 1 (36,610), отправляет 0 (0); ниже порогов ролей",3,False,1,0,36610.0,0.0,1,0,0.0,False,0,0.0,0.000293,,0.0,1,False,0.0,False
100000008695157100,peripheral,0.2,6,0.1648,"обход остановлен на 4-м колене: получил 425,546 от 1; ниже порогов конечного получателя (сумма не меньше, чем у 92% подтверждённых стоков), сток не подтверждён",4,False,1,0,425546.0,0.0,3,0,0.0,True,0,0.0,0.0005,,0.0,0,False,0.8957,False
100000008695495100,peripheral,0.2,56,0.297,"получает от 1 (21,000), отправляет 0 (0); ниже порогов ролей",1,False,1,0,21000.0,0.0,1,0,0.0,False,1,0.0,0.000291,,0.0,1,False,0.0,False
100000008695566100,peripheral,0.2,55,0.3142,"получает от 1 (33,700), отправляет 0 (0); ниже порогов ролей",3,False,1,0,33700.0,0.0,1,0,0.0,False,0,0.0,0.000292,,0.0,1,False,0.0,False
100000008695689100,peripheral,0.2,55,0.2907,"получает от 1 (26,200), отправляет 0 (0); ниже порогов ролей",3,False,1,0,26200.0,0.0,1,0,0.0,False,0,0.0,0.000291,,0.0,1,False,0.0,False
100000008696692100,peripheral,0.2,57,0.2636,"получает от 1 (19,000), отправляет 0 (0); ниже порогов ролей",2,False,1,0,19000.0,0.0,1,0,0.0,False,0,0.0,0.000293,,0.0,1,False,0.0,False
100000008696919100,peripheral,0.2,56,0.345,"получает от 1 (31,945), отправляет 0 (0); ниже порогов ролей",1,False,1,0,31945.0,0.0,1,0,0.0,False,1,0.0,0.000294,,0.0,1,False,0.0,False
100000008697670100,peripheral,0.2,55,0.2858,"получает от 1 (25,350), отправляет 0 (0); ниже порогов ролей",3,False,1,0,25350.0,0.0,1,0,0.0,False,0,0.0,0.000291,,0.0,1,False,0.0,False
100000008699083100,peripheral,0.2,7,0.1454,"обход остановлен на 4-м колене: получил 238,500 от 1; ниже порогов конечного получателя (сумма не меньше, чем у 86% подтверждённых стоков), сток не подтверждён",4,False,1,0,238500.0,0.0,1,0,0.0,True,0,0.0,0.000308,,0.0,0,False,0.8619,False
100000008701222100,peripheral,0.2,105,0.0,seed без переводов ≥5 000 KZT в выборке; входящие вне выборки,0,True,0,0,0.0,0.0,0,0,,False,0,0.0,0.0,,0.0,-1,False,0.0,False
100000008701256100,peripheral,0.2,27,0.389,"получает от 1 (58,250), отправляет 0 (0); ниже порогов ролей",2,False,1,0,58250.0,0.0,1,0,0.0,False,0,0.0,0.000305,,0.0,0,False,0.0,False
100000008701944100,peripheral,0.2,48,0.4414,"получает от 1 (52,124), отправляет 0 (0); ниже порогов ролей",1,False,1,0,52124.0,0.0,1,0,0.0,False,1,0.0,0.000413,,0.0,0,False,0.0,False
100000008703533100,peripheral,0.2,3,0.1175,"обход остановлен на 4-м колене: получил 75,000 от 1; ниже порогов конечного получателя (сумма не меньше, чем у 63% подтверждённых стоков), сток не подтверждён",4,False,1,0,75000.0,0.0,1,0,0.0,True,0,0.0,0.000297,,0.0,0,False,0.7502,False
100000008706846100,peripheral,0.2,55,0.2216,"получает от 1 (14,200), отправляет 0 (0); ниже порогов ролей",3,False,1,0,14200.0,0.0,1,0,0.0,False,0,0.0,0.000289,,0.0,1,False,0.0,False
100000008706947100,peripheral,0.2,55,0.2394,"получает от 1 (17,200), отправляет 0 (0); ниже порогов ролей",3,False,1,0,17200.0,0.0,1,0,0.0,False,0,0.0,0.00029,,0.0,1,False,0.0,False
100000008707810100,peripheral,0.2,55,0.2907,"получает от 1 (26,200), отправляет 0 (0); ниже порогов ролей",3,False,1,0,26200.0,0.0,1,0,0.0,False,0,0.0,0.000291,,0.0,1,False,0.0,False
100000008708025100,peripheral,0.2,24,0.2468,"получает от 1 (10,000), отправляет 0 (0); ниже порогов ролей",3,False,1,0,10000.0,0.0,1,0,0.0,False,0,0.0,0.000311,,0.0,0,False,0.0,False
100000008708061100,peripheral,0.2,55,0.1904,"получает от 1 (8,650), отправляет 0 (0); ниже порогов ролей",3,False,1,0,8650.0,0.0,1,0,0.0,False,0,0.0,0.000288,,0.0,1,False,0.0,False
100000008708207100,terminal,0.3,3,0.6853,"получил 465,000 KZT от 2 плательщиков (2 переводов), исходящих нет; колено 3, обходом не обрезан",3,False,2,0,465000.0,0.0,2,0,0.0,False,0,0.0,0.000361,,0.0,0,False,0.0,False
100000008708368100,peripheral,0.2,56,0.308,"получает от 1 (23,677), отправляет 0 (0); ниже порогов ролей",1,False,1,0,23677.0,0.0,1,0,0.0,False,1,0.0,0.000292,,0.0,1,False,0.0,False
100000008708595100,peripheral,0.2,55,0.2394,"получает от 1 (17,200), отправляет 0 (0); ниже порогов ролей",3,False,1,0,17200.0,0.0,1,0,0.0,False,0,0.0,0.00029,,0.0,1,False,0.0,False
100000008708743100,peripheral,0.2,55,0.2304,"получает от 1 (15,550), отправляет 0 (0); ниже порогов ролей",3,False,1,0,15550.0,0.0,1,0,0.0,False,0,0.0,0.000289,,0.0,1,False,0.0,False
100000008710791100,distributor,1.0,3,0.7711,"рассылает 23 получателям 5,521,511 KZT, средний перевод 220,860; получает от 3",2,False,3,23,181510.0,5521511.0,3,25,30.4199,False,0,0.00032,0.000336,5.0,0.0,0,False,0.0,False
100000008710843100,distributor,0.3,14,0.5946,"рассылает 13 получателям 1,985,500 KZT, средний перевод 141,821; получает от 2",2,False,2,13,33944.0,1985500.0,3,14,58.4934,False,0,0.001257,0.000294,6.0,0.0,0,True,0.0,False
100000008710913100,peripheral,0.2,3,0.0665,"обход остановлен на 4-м колене: получил 14,000 от 1; ниже порогов конечного получателя (сумма не меньше, чем у 13% подтверждённых стоков), сток не подтверждён",4,False,1,0,14000.0,0.0,1,0,0.0,True,0,0.0,0.000289,,0.0,0,False,0.4972,False
100000008712036100,peripheral,0.2,55,0.2637,"получает от 1 (21,000), отправляет 0 (0); ниже порогов ролей",3,False,1,0,21000.0,0.0,1,0,0.0,False,0,0.0,0.00029,,0.0,1,False,0.0,False
100000008712184100,peripheral,0.2,55,0.2457,"получает от 1 (18,000), отправляет 0 (0); ниже порогов ролей",3,False,1,0,18000.0,0.0,1,0,0.0,False,0,0.0,0.00029,,0.0,1,False,0.0,False
100000008712827100,peripheral,0.2,55,0.3971,"получает от 1 (76,000), отправляет 0 (0); ниже порогов ролей",3,False,1,0,76000.0,0.0,1,0,0.0,False,0,0.0,0.000299,,0.0,1,False,0.0,False
100000008712991100,peripheral,0.2,55,0.3845,"получает от 1 (66,100), отправляет 0 (0); ниже порогов ролей",3,False,1,0,66100.0,0.0,1,0,0.0,False,0,0.0,0.000297,,0.0,1,False,0.0,False
100000008713270100,peripheral,0.2,5,0.3738,"получает от 1 (30,000), отправляет 3 (190,000); ниже порогов ролей",2,False,1,3,30000.0,190000.0,1,3,6.3333,False,0,1e-06,0.000293,-7.0,0.7895,0,False,0.0,False
100000008713685100,peripheral,0.2,55,0.3532,"получает от 1 (49,700), отправляет 0 (0); ниже порогов ролей",3,False,1,0,49700.0,0.0,1,0,0.0,False,0,0.0,0.000295,,0.0,1,False,0.0,False
100000008714412100,peripheral,0.2,9,0.4671,"получает от 1 (169,000), отправляет 0 (0); ниже порогов ролей",3,False,1,0,169000.0,0.0,1,0,0.0,False,0,0.0,0.000313,,0.0,0,False,0.0,False
100000008715513100,peripheral,0.2,15,0.1014,"обход остановлен на 4-м колене: получил 32,500 от 1; ниже порогов конечного получателя (сумма не меньше, чем у 41% подтверждённых стоков), сток не подтверждён",4,False,1,0,32500.0,0.0,1,0,0.0,True,0,0.0,0.000304,,0.0,0,False,0.6399,False
100000008715887100,peripheral,0.2,55,0.2457,"получает от 1 (18,000), отправляет 0 (0); ниже порогов ролей",3,False,1,0,18000.0,0.0,1,0,0.0,False,0,0.0,0.00029,,0.0,1,False,0.0,False
100000008716072100,peripheral,0.2,55,0.2121,"получает от 1 (12,100), отправляет 0 (0); ниже порогов ролей",3,False,1,0,12100.0,0.0,1,0,0.0,False,0,0.0,0.000289,,0.0,1,False,0.0,False
100000008716222100,peripheral,0.2,56,0.2791,"получает от 1 (18,000), отправляет 0 (0); ниже порогов ролей",1,False,1,0,18000.0,0.0,1,0,0.0,False,1,0.0,0.000291,,0.0,1,False,0.0,False
100000008716439100,peripheral,0.2,56,0.2437,"получает от 1 (12,267), отправляет 0 (0); ниже порогов ролей",1,False,1,0,12267.0,0.0,1,0,0.0,False,1,0.0,0.000289,,0.0,1,False,0.0,False
100000008716773100,peripheral,0.2,56,0.2649,"получает от 1 (15,677), отправляет 0 (0); ниже порогов ролей",1,False,1,0,15677.0,0.0,1,0,0.0,False,1,0.0,0.00029,,0.0,1,False,0.0,False
100000008717340100,peripheral,0.2,56,0.3689,"получает от 1 (41,500), отправляет 0 (0); ниже порогов ролей",1,False,1,0,41500.0,0.0,1,0,0.0,False,1,0.0,0.000296,,0.0,1,False,0.0,False
100000008717341100,peripheral,0.2,56,0.2548,"получает от 1 (14,627), отправляет 0 (0); ниже порогов ролей",1,False,1,0,14627.0,0.0,1,0,0.0,False,1,0.0,0.00029,,0.0,1,False,0.0,False
100000008717375100,peripheral,0.2,2,0.3258,"получает от 1 (29,506), отправляет 0 (0); ниже порогов ролей",2,False,1,0,29506.0,0.0,1,0,0.0,False,0,0.0,0.000303,,0.0,0,False,0.0,False
100000008717802100,peripheral,0.2,55,0.2892,"получает от 1 (26,150), отправляет 0 (0); ниже порогов ролей",3,False,1,0,26150.0,0.0,1,0,0.0,False,0,0.0,0.000291,,0.0,1,False,0.0,False
100000008718089100,peripheral,0.2,56,0.2633,"получает от 1 (15,534), отправляет 0 (0); ниже порогов ролей",1,False,1,0,15534.0,0.0,1,0,0.0,False,1,0.0,0.00029,,0.0,1,False,0.0,False
100000008718811100,peripheral,0.2,55,0.3935,"получает от 1 (73,300), отправляет 0 (0); ниже порогов ролей",3,False,1,0,73300.0,0.0,1,0,0.0,False,0,0.0,0.000298,,0.0,1,False,0.0,False
100000008720668100,peripheral,0.2,55,0.2333,"получает от 1 (16,000), отправляет 0 (0); ниже порогов ролей",3,False,1,0,16000.0,0.0,1,0,0.0,False,0,0.0,0.000289,,0.0,1,False,0.0,False
100000008720798100,peripheral,0.2,56,0.2633,"получает от 1 (15,534), отправляет 0 (0); ниже порогов ролей",1,False,1,0,15534.0,0.0,1,0,0.0,False,1,0.0,0.00029,,0.0,1,False,0.0,False
100000008720856100,peripheral,0.2,4,0.3761,"получает от 1 (18,105), отправляет 1 (46,000); ниже порогов ролей",3,False,1,1,18105.0,46000.0,1,2,2.5407,False,0,2e-05,0.000321,-11.0,0.0,0,False,0.0,False
100000008721637100,peripheral,0.2,5,0.3759,"получает от 1 (24,041), отправляет 2 (127,000); ниже порогов ролей",3,False,1,2,24041.0,127000.0,1,2,5.2826,False,0,7.5e-05,0.000292,-4.0,0.0945,0,False,0.0,False
100000008722328100,peripheral,0.2,56,0.308,"получает от 1 (23,677), отправляет 0 (0); ниже порогов ролей",1,False,1,0,23677.0,0.0,1,0,0.0,False,1,0.0,0.000292,,0.0,1,False,0.0,False
100000008722417100,peripheral,0.2,4,0.579,"получает от 1 (331,900), отправляет 3 (720,000); ниже порогов ролей",3,False,1,3,331900.0,720000.0,1,6,2.1693,False,0,5.9e-05,0.000298,0.0,0.3611,0,False,0.0,False
100000008722541100,peripheral,0.2,4,0.1559,"обход остановлен на 4-м колене: получил 280,000 от 1; ниже порогов конечного получателя (сумма не меньше, чем у 88% подтверждённых стоков), сток не подтверждён",4,False,1,0,280000.0,0.0,4,0,0.0,True,0,0.0,0.000385,,0.0,0,False,0.8726,False
100000008723830100,transit,0.9827,1,0.7995,"получил 459,785, отправил 455,000 (99%); 100% ушло в течение 2 дней после прихода",1,False,2,1,459785.0,455000.0,2,1,0.9896,False,1,2e-05,0.000342,1.0,1.0,0,False,0.0,False
100000008724279100,peripheral,0.2,1,0.2363,"получает от 1 (11,750), отправляет 0 (0); ниже порогов ролей",1,False,1,0,11750.0,0.0,1,0,0.0,False,1,0.0,0.000288,,0.0,0,False,0.0,False
100000008724461100,transit,0.5024,3,0.5433,"получил 100,111, отправил 130,000 (130%); 100% ушло в течение 2 дней после прихода",3,False,1,1,100111.0,130000.0,1,1,1.2986,False,0,2.3e-05,0.000292,0.0,1.0,0,False,0.0,False
100000008727982100,peripheral,0.2,5,0.1116,"обход остановлен на 4-м колене: получил 30,000 от 1; ниже порогов конечного получателя (сумма не меньше, чем у 39% подтверждённых стоков), сток не подтверждён",4,False,1,0,30000.0,0.0,2,0,0.0,True,0,0.0,0.000516,,0.0,0,False,0.6307,False
100000008728457100,peripheral,0.2,8,0.369,"получает от 1 (45,000), отправляет 0 (0); ниже порогов ролей",1,False,1,0,45000.0,0.0,1,0,0.0,False,1,0.0,0.000294,,0.0,0,False,0.0,False
100000008729597100,peripheral,0.2,6,0.41,"получает от 1 (83,090), отправляет 0 (0); ниже порогов ролей",3,False,1,0,83090.0,0.0,1,0,0.0,False,0,0.0,0.000304,,0.0,0,False,0.0,False
100000008729801100,peripheral,0.2,56,0.2753,"получает от 1 (17,534), отправляет 0 (0); ниже порогов ролей",1,False,1,0,17534.0,0.0,1,0,0.0,False,1,0.0,0.000291,,0.0,1,False,0.0,False
100000008730021100,peripheral,0.2,48,0.471,"получает от 1 (75,555), отправляет 0 (0); ниже порогов ролей",1,False,1,0,75555.0,0.0,3,0,0.0,False,1,0.0,0.00047,,0.0,0,False,0.0,False
100000008730238100,peripheral,0.2,3,0.1458,"обход остановлен на 4-м колене: получил 113,000 от 1; ниже порогов конечного получателя (сумма не меньше, чем у 73% подтверждённых стоков), сток не подтверждён",4,False,1,0,113000.0,0.0,1,0,0.0,True,0,0.0,0.000566,,0.0,0,False,0.798,False
100000008730371100,terminal,0.3,0,0.7239,"получил 520,000 KZT от 2 плательщиков (3 переводов), исходящих нет; колено 3, обходом не обрезан",3,False,2,0,520000.0,0.0,3,0,0.0,False,0,0.0,0.000862,,0.0,0,False,0.0,False
100000008730846100,peripheral,0.2,8,0.7302,"получает от 7 (155,042), отправляет 3 (363,370); ниже порогов ролей",2,False,7,3,155042.0,363370.0,11,4,2.3437,False,0,0.000143,0.000538,0.0,0.7018,0,False,0.0,False
100000008731444100,peripheral,0.2,0,0.751,"получает от 3 (439,000), отправляет 9 (879,768); ниже порогов ролей",2,False,3,9,439000.0,879767.8,5,9,2.004,False,0,0.000126,0.000355,-2.0,0.0568,0,False,0.0,False
100000008732098100,peripheral,0.2,56,0.2649,"получает от 1 (15,677), отправляет 0 (0); ниже порогов ролей",1,False,1,0,15677.0,0.0,1,0,0.0,False,1,0.0,0.00029,,0.0,1,False,0.0,False
100000008732488100,peripheral,0.2,6,0.5289,"получает от 1 (137,000), отправляет 1 (10,000); ниже порогов ролей",3,False,1,1,137000.0,10000.0,1,1,0.073,False,0,2e-05,0.000315,0.0,1.0,0,False,0.0,False
100000008733049100,peripheral,0.2,1,0.2072,"получает от 1 (10,000), отправляет 0 (0); ниже порогов ролей",2,False,1,0,10000.0,0.0,1,0,0.0,False,0,0.0,0.00029,,0.0,0,False,0.0,False
100000008733194100,peripheral,0.2,11,0.7498,"получает от 4 (251,424), отправляет 8 (159,695); ниже порогов ролей",2,False,4,8,251424.0,159695.0,4,8,0.6352,False,0,0.000204,0.000473,0.0,0.4234,0,True,0.0,False
100000008734279100,peripheral,0.2,6,0.1003,"обход остановлен на 4-м колене: получил 31,650 от 1; ниже порогов конечного получателя (сумма не меньше, чем у 41% подтверждённых стоков), сток не подтверждён",4,False,1,0,31650.0,0.0,1,0,0.0,True,0,0.0,0.000303,,0.0,0,False,0.6367,False
100000008734364100,peripheral,0.2,57,0.3056,"получает от 1 (26,200), отправляет 0 (0); ниже порогов ролей",2,False,1,0,26200.0,0.0,1,0,0.0,False,0,0.0,0.000296,,0.0,1,False,0.0,False
100000008735384100,peripheral,0.2,56,0.3623,"получает от 1 (39,220), отправляет 0 (0); ниже порогов ролей",1,False,1,0,39220.0,0.0,1,0,0.0,False,1,0.0,0.000295,,0.0,1,False,0.0,False
100000008735802100,peripheral,0.2,0,0.136,"обход остановлен на 4-м колене: получил 85,000 от 1; ниже порогов конечного получателя (сумма не меньше, чем у 66% подтверждённых стоков), сток не подтверждён",4,False,1,0,85000.0,0.0,2,0,0.0,True,0,0.0,0.000511,,0.0,0,False,0.7641,False
100000008735832100,peripheral,0.2,55,0.2428,"получает от 1 (17,600), отправляет 0 (0); ниже порогов ролей",3,False,1,0,17600.0,0.0,1,0,0.0,False,0,0.0,0.00029,,0.0,1,False,0.0,False
100000008736173100,peripheral,0.2,56,0.3425,"получает от 1 (31,060), отправляет 0 (0); ниже порогов ролей",1,False,1,0,31060.0,0.0,1,0,0.0,False,1,0.0,0.000293,,0.0,1,False,0.0,False
100000008736394100,peripheral,0.2,57,0.2469,"получает от 1 (16,000), отправляет 0 (0); ниже порогов ролей",2,False,1,0,16000.0,0.0,1,0,0.0,False,0,0.0,0.000292,,0.0,1,False,0.0,False
100000008736760100,peripheral,0.2,56,0.4032,"получает от 1 (54,757), отправляет 0 (0); ниже порогов ролей",1,False,1,0,54757.0,0.0,1,0,0.0,False,1,0.0,0.000298,,0.0,1,False,0.0,False
100000008736940100,peripheral,0.2,71,0.7896,"получает от 3 (451,090), отправляет 3 (182,100); ниже порогов ролей",1,False,3,3,451090.0,182100.0,13,6,0.4037,False,1,1e-06,0.002448,0.0,0.6431,5,True,0.0,False
100000008737422100,peripheral,0.2,56,0.4329,"получает от 1 (76,903), отправляет 0 (0); ниже порогов ролей",1,False,1,0,76903.0,0.0,1,0,0.0,False,1,0.0,0.000303,,0.0,1,False,0.0,False
100000008737514100,peripheral,0.2,1,0.4205,"получает от 1 (85,000), отправляет 0 (0); ниже порогов ролей",2,False,1,0,85000.0,0.0,1,0,0.0,False,0,0.0,0.000314,,0.0,0,False,0.0,False
100000008737958100,terminal,0.3,57,0.5514,"получил 53,373 KZT от 2 плательщиков (2 переводов), исходящих нет; колено 1, обходом не обрезан",1,False,2,0,53373.0,0.0,2,0,0.0,False,1,0.0,0.000301,,0.0,1,False,0.0,False
100000008738325100,peripheral,0.2,17,0.2394,"seed: отправляет 1 получателям 54,000; входящие занижены выгрузкой, пропуск не интерпретируется",0,True,1,1,36550.0,54000.0,1,1,1.4774,False,1,0.0,0.000531,-2.0,0.0,0,False,0.0,False
100000008738526100,peripheral,0.2,14,0.3071,"получает от 1 (15,000), отправляет 1 (140,000); ниже порогов ролей",3,False,1,1,15000.0,140000.0,1,1,9.3333,False,0,2.2e-05,0.000289,5.0,0.0,0,False,0.0,False
100000008738658100,peripheral,0.2,55,0.3004,"получает от 1 (29,920), отправляет 0 (0); ниже порогов ролей",3,False,1,0,29920.0,0.0,1,0,0.0,False,0,0.0,0.000292,,0.0,1,False,0.0,False
100000008739887100,peripheral,0.2,6,0.6815,"получает от 2 (214,000), отправляет 2 (307,000); ниже порогов ролей",3,False,2,2,214000.0,307000.0,3,2,1.4346,False,0,3.9e-05,0.000335,5.0,0.0,0,False,0.0,False
100000008740295100,peripheral,0.2,3,0.153,"обход остановлен на 4-м колене: получил 300,000 от 1; ниже порогов конечного получателя (сумма не меньше, чем у 89% подтверждённых стоков), сток не подтверждён",4,False,1,0,300000.0,0.0,1,0,0.0,True,0,0.0,0.000326,,0.0,0,False,0.879,False
100000008740793100,peripheral,0.2,55,0.2637,"получает от 1 (21,000), отправляет 0 (0); ниже порогов ролей",3,False,1,0,21000.0,0.0,1,0,0.0,False,0,0.0,0.00029,,0.0,1,False,0.0,False
100000008741372100,peripheral,0.2,56,0.3552,"получает от 1 (35,975), отправляет 0 (0); ниже порогов ролей",1,False,1,0,35975.0,0.0,1,0,0.0,False,1,0.0,0.000294,,0.0,1,False,0.0,False
100000008742053100,distributor,0.3,7,0.3622,"рассылает 12 получателям 2,789,000 KZT, средний перевод 232,417; получает от 1",3,False,1,12,10000.0,2789000.0,1,12,278.9,False,0,0.000123,0.000288,3.0,0.0,0,False,0.0,False
100000008742266100,peripheral,0.2,57,0.2782,"получает от 1 (21,000), отправляет 0 (0); ниже порогов ролей",2,False,1,0,21000.0,0.0,1,0,0.0,False,0,0.0,0.000294,,0.0,1,False,0.0,False
100000008743913100,distributor,0.3,14,0.7571,"рассылает 13 получателям 1,850,600 KZT, средний перевод 142,354; получает от 3",2,False,3,13,149300.0,1850600.0,3,13,12.3952,False,0,0.000311,0.000334,4.0,0.0,0,False,0.0,False
100000008744364100,peripheral,0.2,55,0.275,"получает от 1 (23,700), отправляет 0 (0); ниже порогов ролей",3,False,1,0,23700.0,0.0,1,0,0.0,False,0,0.0,0.000291,,0.0,1,False,0.0,False
100000008744799100,peripheral,0.2,55,0.2146,"получает от 1 (12,600), отправляет 0 (0); ниже порогов ролей",3,False,1,0,12600.0,0.0,1,0,0.0,False,0,0.0,0.000289,,0.0,1,False,0.0,False
100000008744849100,peripheral,0.2,56,0.3736,"получает от 1 (44,445), отправляет 0 (0); ниже порогов ролей",1,False,1,0,44445.0,0.0,1,0,0.0,False,1,0.0,0.000296,,0.0,1,False,0.0,False
100000008745474100,peripheral,0.2,56,0.3673,"получает от 1 (40,559), отправляет 0 (0); ниже порогов ролей",1,False,1,0,40559.0,0.0,1,0,0.0,False,1,0.0,0.000295,,0.0,1,False,0.0,False
100000008745489100,peripheral,0.2,56,0.4051,"получает от 1 (55,539), отправляет 0 (0); ниже порогов ролей",1,False,1,0,55539.0,0.0,1,0,0.0,False,1,0.0,0.000299,,0.0,1,False,0.0,False
100000008745643100,peripheral,0.2,56,0.295,"получает от 1 (20,313), отправляет 0 (0); ниже порогов ролей",1,False,1,0,20313.0,0.0,1,0,0.0,False,1,0.0,0.000291,,0.0,1,False,0.0,False
100000008745676100,peripheral,0.2,58,0.1153,"обход остановлен на 4-м колене: получил 34,547 от 1; ниже порогов конечного получателя (сумма не меньше, чем у 42% подтверждённых стоков), сток не подтверждён",4,False,1,0,34547.0,0.0,1,0,0.0,True,0,0.0,0.000533,,0.0,1,False,0.6455,False
100000008745725100,peripheral,0.2,56,0.3816,"получает от 1 (47,060), отправляет 0 (0); ниже порогов ролей",1,False,1,0,47060.0,0.0,1,0,0.0,False,1,0.0,0.000297,,0.0,1,False,0.0,False
100000008745863100,peripheral,0.2,55,0.2695,"получает от 1 (22,900), отправляет 0 (0); ниже порогов ролей",3,False,1,0,22900.0,0.0,1,0,0.0,False,0,0.0,0.00029,,0.0,1,False,0.0,False
100000008745884100,peripheral,0.2,55,0.2562,"получает от 1 (20,000), отправляет 0 (0); ниже порогов ролей",3,False,1,0,20000.0,0.0,1,0,0.0,False,0,0.0,0.00029,,0.0,1,False,0.0,False
100000008746025100,peripheral,0.2,56,0.3004,"получает от 1 (22,000), отправляет 0 (0); ниже порогов ролей",1,False,1,0,22000.0,0.0,1,0,0.0,False,1,0.0,0.000291,,0.0,1,False,0.0,False
100000008746449100,distributor,0.3,3,0.3667,"рассылает 10 получателям 1,009,000 KZT, средний перевод 100,900; получает от 1",3,False,1,10,10000.0,1009000.0,1,10,100.9,False,0,0.000169,0.000288,3.0,0.0,0,False,0.0,False
100000008746673100,peripheral,0.2,56,0.4002,"получает от 1 (53,048), отправляет 0 (0); ниже порогов ролей",1,False,1,0,53048.0,0.0,1,0,0.0,False,1,0.0,0.000298,,0.0,1,False,0.0,False
100000008747113100,terminal,0.3,4,0.6473,"получил 197,801 KZT от 2 плательщиков (2 переводов), исходящих нет; колено 1, обходом не обрезан",1,False,2,0,197801.0,0.0,2,0,0.0,False,1,0.0,0.000309,,0.0,0,False,0.0,False
100000008748408100,distributor,1.0,5,0.6884,"рассылает 21 получателям 1,499,960 KZT, средний перевод 68,180; получает от 1",1,False,1,21,360000.0,1499960.0,2,22,4.1666,False,1,7e-06,0.000336,0.0,0.5108,0,False,0.0,False
100000008748795100,peripheral,0.2,0,0.3281,"получает от 1 (47,057), отправляет 0 (0); ниже порогов ролей",3,False,1,0,47057.0,0.0,1,0,0.0,False,0,0.0,0.00029,,0.0,0,False,0.0,False
100000008748914100,distributor,0.3,2,0.8202,"рассылает 13 получателям 4,471,847 KZT, средний перевод 212,945; получает от 2",1,False,2,13,180000.0,4471847.0,9,21,24.8436,False,1,0.000652,0.000794,-2.0,0.3157,0,True,0.0,False
100000008749063100,peripheral,0.2,56,0.2828,"получает от 1 (19,000), отправляет 0 (0); ниже порогов ролей",1,False,1,0,19000.0,0.0,1,0,0.0,False,1,0.0,0.000291,,0.0,1,False,0.0,False
100000008749405100,peripheral,0.2,55,0.3241,"получает от 1 (37,150), отправляет 0 (0); ниже порогов ролей",3,False,1,0,37150.0,0.0,1,0,0.0,False,0,0.0,0.000293,,0.0,1,False,0.0,False
100000008749406100,peripheral,0.2,56,0.2717,"получает от 1 (17,144), отправляет 0 (0); ниже порогов ролей",1,False,1,0,17144.0,0.0,1,0,0.0,False,1,0.0,0.00029,,0.0,1,False,0.0,False
100000008749618100,peripheral,0.2,56,0.3824,"получает от 1 (47,280), отправляет 0 (0); ниже порогов ролей",1,False,1,0,47280.0,0.0,1,0,0.0,False,1,0.0,0.000297,,0.0,1,False,0.0,False
100000008749900100,peripheral,0.2,55,0.2386,"получает от 1 (17,150), отправляет 0 (0); ниже порогов ролей",3,False,1,0,17150.0,0.0,1,0,0.0,False,0,0.0,0.00029,,0.0,1,False,0.0,False
100000008749989100,peripheral,0.2,57,0.2469,"получает от 1 (16,000), отправляет 0 (0); ниже порогов ролей",2,False,1,0,16000.0,0.0,1,0,0.0,False,0,0.0,0.000292,,0.0,1,False,0.0,False
100000008750464100,peripheral,0.2,55,0.1897,"получает от 1 (8,500), отправляет 0 (0); ниже порогов ролей",3,False,1,0,8500.0,0.0,1,0,0.0,False,0,0.0,0.000288,,0.0,1,False,0.0,False
100000008751349100,peripheral,0.2,23,0.2145,"получает от 1 (11,630), отправляет 0 (0); ниже порогов ролей",3,False,1,0,11630.0,0.0,1,0,0.0,False,0,0.0,0.00029,,0.0,0,False,0.0,False
100000008751380100,terminal,0.3,3,0.6545,"получил 345,780 KZT от 2 плательщиков (2 переводов), исходящих нет; колено 3, обходом не обрезан",3,False,2,0,345780.0,0.0,2,0,0.0,False,0,0.0,0.000314,,0.0,0,False,0.0,False
100000008751429100,peripheral,0.2,71,0.7148,"получает от 3 (386,200), отправляет 1 (72,600); ниже порогов ролей",1,False,3,1,386200.0,72600.0,6,2,0.188,False,1,0.0,0.001525,3.0,0.0,5,True,0.0,False
100000008752616100,peripheral,0.2,3,0.602,"получает от 2 (64,510), отправляет 7 (1,265,000); ниже порогов ролей",2,False,2,7,64510.0,1265000.0,2,7,19.6094,False,0,0.000141,0.000314,5.0,0.0,0,False,0.0,False
100000008753061100,peripheral,0.2,55,0.2971,"получает от 1 (28,400), отправляет 0 (0); ниже порогов ролей",3,False,1,0,28400.0,0.0,2,0,0.0,False,0,0.0,0.000291,,0.0,1,False,0.0,False
100000008753193100,peripheral,0.2,56,0.3538,"получает от 1 (35,225), отправляет 0 (0); ниже порогов ролей",1,False,1,0,35225.0,0.0,1,0,0.0,False,1,0.0,0.000294,,0.0,1,False,0.0,False
100000008753897100,peripheral,0.2,55,0.2778,"получает от 1 (24,050), отправляет 0 (0); ниже порогов ролей",3,False,1,0,24050.0,0.0,1,0,0.0,False,0,0.0,0.000291,,0.0,1,False,0.0,False
100000008754608100,peripheral,0.2,55,0.2134,"получает от 1 (12,300), отправляет 0 (0); ниже порогов ролей",3,False,1,0,12300.0,0.0,1,0,0.0,False,0,0.0,0.000289,,0.0,1,False,0.0,False
100000008754747100,peripheral,0.2,55,0.343,"получает от 1 (45,500), отправляет 0 (0); ниже порогов ролей",3,False,1,0,45500.0,0.0,1,0,0.0,False,0,0.0,0.000294,,0.0,1,False,0.0,False
100000008754997100,peripheral,0.2,55,0.2457,"получает от 1 (18,000), отправляет 0 (0); ниже порогов ролей",3,False,1,0,18000.0,0.0,1,0,0.0,False,0,0.0,0.00029,,0.0,1,False,0.0,False
100000008755168100,peripheral,0.2,55,0.2428,"получает от 1 (17,600), отправляет 0 (0); ниже порогов ролей",3,False,1,0,17600.0,0.0,1,0,0.0,False,0,0.0,0.00029,,0.0,1,False,0.0,False
100000008755361100,peripheral,0.2,56,0.2548,"получает от 1 (14,627), отправляет 0 (0); ниже порогов ролей",1,False,1,0,14627.0,0.0,1,0,0.0,False,1,0.0,0.00029,,0.0,1,False,0.0,False
100000008755580100,peripheral,0.2,55,0.2333,"получает от 1 (16,000), отправляет 0 (0); ниже порогов ролей",3,False,1,0,16000.0,0.0,1,0,0.0,False,0,0.0,0.000289,,0.0,1,False,0.0,False
100000008755754100,peripheral,0.2,7,0.2151,"получает от 1 (7,000), отправляет 0 (0); ниже порогов ролей",3,False,1,0,7000.0,0.0,1,0,0.0,False,0,0.0,0.000297,,0.0,0,False,0.0,False
100000008757301100,peripheral,0.2,0,0.1294,"обход остановлен на 4-м колене: получил 58,398 от 1; ниже порогов конечного получателя (сумма не меньше, чем у 59% подтверждённых стоков), сток не подтверждён",4,False,1,0,58398.0,0.0,3,0,0.0,True,0,0.0,0.000533,,0.0,0,False,0.7294,False
100000008757369100,peripheral,0.2,0,0.3533,"получает от 1 (25,961), отправляет 1 (58,398); ниже порогов ролей",3,False,1,1,25961.0,58398.0,1,3,2.2495,False,0,2e-05,0.000289,-1.0,0.899,0,False,0.0,False
100000008758106100,peripheral,0.2,3,0.0598,"обход остановлен на 4-м колене: получил 10,000 от 1; ниже порогов конечного получателя (сумма не меньше, чем у 8% подтверждённых стоков), сток не подтверждён",4,False,1,0,10000.0,0.0,1,0,0.0,True,0,0.0,0.000288,,0.0,0,False,0.4754,False
100000008758168100,peripheral,0.2,14,0.6093,"получает от 2 (75,410), отправляет 5 (1,533,600); ниже порогов ролей",2,False,2,5,75410.0,1533600.0,2,5,20.3368,False,0,5.7e-05,0.00032,3.0,0.0,0,False,0.0,False
100000008758607100,peripheral,0.2,3,0.0506,"обход остановлен на 4-м колене: получил 5,000 от 1; ниже порогов конечного получателя (сумма не меньше, чем у 1% подтверждённых стоков), сток не подтверждён",4,False,1,0,5000.0,0.0,1,0,0.0,True,0,0.0,0.000288,,0.0,0,False,0.4397,False
100000008759795100,peripheral,0.2,15,0.0782,"обход остановлен на 4-м колене: получил 17,000 от 1; ниже порогов конечного получателя (сумма не меньше, чем у 18% подтверждённых стоков), сток не подтверждён",4,False,1,0,17000.0,0.0,1,0,0.0,True,0,0.0,0.000296,,0.0,0,False,0.5241,False
100000008759857100,peripheral,0.2,14,0.2403,"получает от 1 (5,000), отправляет 2 (994,000); ниже порогов ролей",3,False,1,2,5000.0,994000.0,1,3,198.8,False,0,7e-06,0.000288,3.0,0.0,0,False,0.0,False
100000008760098100,peripheral,0.2,14,0.2548,"получает от 1 (7,000), отправляет 1 (390,000); ниже порогов ролей",3,False,1,1,7000.0,390000.0,1,1,55.7143,False,0,7e-06,0.000288,4.0,0.0,0,False,0.0,False
100000008761132100,peripheral,0.2,3,0.0598,"обход остановлен на 4-м колене: получил 10,000 от 1; ниже порогов конечного получателя (сумма не меньше, чем у 8% подтверждённых стоков), сток не подтверждён",4,False,1,0,10000.0,0.0,1,0,0.0,True,0,0.0,0.000288,,0.0,0,False,0.4754,False
100000008761219100,peripheral,0.2,7,0.5453,"получает от 2 (50,000), отправляет 2 (375,000); ниже порогов ролей",3,False,2,2,50000.0,375000.0,2,2,7.5,False,0,4.2e-05,0.000294,1.0,0.0133,0,False,0.0,False
100000008761220100,peripheral,0.2,3,0.0598,"обход остановлен на 4-м колене: получил 10,000 от 1; ниже порогов конечного получателя (сумма не меньше, чем у 8% подтверждённых стоков), сток не подтверждён",4,False,1,0,10000.0,0.0,1,0,0.0,True,0,0.0,0.000288,,0.0,0,False,0.4754,False
100000008762005100,peripheral,0.2,3,0.0511,"обход остановлен на 4-м колене: получил 5,000 от 1; ниже порогов конечного получателя (сумма не меньше, чем у 1% подтверждённых стоков), сток не подтверждён",4,False,1,0,5000.0,0.0,1,0,0.0,True,0,0.0,0.000288,,0.0,0,False,0.4397,False
100000008762728100,peripheral,0.2,1,0.2873,"получает от 1 (17,026), отправляет 0 (0); ниже порогов ролей",2,False,1,0,17026.0,0.0,1,0,0.0,False,0,0.0,0.000319,,0.0,0,False,0.0,False
100000008762832100,peripheral,0.2,2,0.4561,"получает от 1 (150,000), отправляет 1 (85,000); ниже порогов ролей",2,False,1,1,150000.0,85000.0,1,4,0.5667,False,0,0.0,0.00031,-2.0,0.0,0,True,0.0,False
100000008762843100,peripheral,0.2,3,0.0556,"обход остановлен на 4-м колене: получил 7,000 от 1; ниже порогов конечного получателя (сумма не меньше, чем у 3% подтверждённых стоков), сток не подтверждён",4,False,1,0,7000.0,0.0,1,0,0.0,True,0,0.0,0.000289,,0.0,0,False,0.4504,False
100000008762885100,peripheral,0.2,3,0.0556,"обход остановлен на 4-м колене: получил 7,000 от 1; ниже порогов конечного получателя (сумма не меньше, чем у 3% подтверждённых стоков), сток не подтверждён",4,False,1,0,7000.0,0.0,1,0,0.0,True,0,0.0,0.000289,,0.0,0,False,0.4504,False
100000008763688100,peripheral,0.2,55,0.2637,"получает от 1 (21,000), отправляет 0 (0); ниже порогов ролей",3,False,1,0,21000.0,0.0,1,0,0.0,False,0,0.0,0.00029,,0.0,1,False,0.0,False
100000008764436100,peripheral,0.2,57,0.2292,"получает от 1 (13,100), отправляет 0 (0); ниже порогов ролей",2,False,1,0,13100.0,0.0,1,0,0.0,False,0,0.0,0.000291,,0.0,1,False,0.0,False
100000008764654100,peripheral,0.2,55,0.2892,"получает от 1 (26,150), отправляет 0 (0); ниже порогов ролей",3,False,1,0,26150.0,0.0,1,0,0.0,False,0,0.0,0.000291,,0.0,1,False,0.0,False
100000008765494100,peripheral,0.2,57,0.2916,"получает от 1 (24,000), отправляет 0 (0); ниже порогов ролей",2,False,1,0,24000.0,0.0,1,0,0.0,False,0,0.0,0.000295,,0.0,1,False,0.0,False
100000008765627100,peripheral,0.2,5,0.3801,"получает от 1 (60,000), отправляет 0 (0); ниже порогов ролей",2,False,1,0,60000.0,0.0,1,0,0.0,False,0,0.0,0.000298,,0.0,0,False,0.0,False
100000008766031100,peripheral,0.2,3,0.0509,"обход остановлен на 4-м колене: получил 5,000 от 1; ниже порогов конечного получателя (сумма не меньше, чем у 1% подтверждённых стоков), сток не подтверждён",4,False,1,0,5000.0,0.0,1,0,0.0,True,0,0.0,0.000288,,0.0,0,False,0.4397,False
100000008766764100,peripheral,0.2,3,0.0506,"обход остановлен на 4-м колене: получил 5,000 от 1; ниже порогов конечного получателя (сумма не меньше, чем у 1% подтверждённых стоков), сток не подтверждён",4,False,1,0,5000.0,0.0,1,0,0.0,True,0,0.0,0.000288,,0.0,0,False,0.4397,False
100000008767027100,peripheral,0.2,14,0.1689,"получает от 1 (5,000), отправляет 0 (0); ниже порогов ролей",3,False,1,0,5000.0,0.0,1,0,0.0,False,0,0.0,0.000288,,0.0,0,False,0.0,False
100000008767065100,peripheral,0.2,14,0.1998,"получает от 1 (10,000), отправляет 0 (0); ниже порогов ролей",3,False,1,0,10000.0,0.0,1,0,0.0,False,0,0.0,0.000288,,0.0,0,False,0.0,False
100000008767925100,peripheral,0.2,56,0.2717,"получает от 1 (17,144), отправляет 0 (0); ниже порогов ролей",1,False,1,0,17144.0,0.0,1,0,0.0,False,1,0.0,0.00029,,0.0,1,False,0.0,False
100000008767950100,peripheral,0.2,55,0.2403,"получает от 1 (17,350), отправляет 0 (0); ниже порогов ролей",3,False,1,0,17350.0,0.0,1,0,0.0,False,0,0.0,0.00029,,0.0,1,False,0.0,False
100000008768896100,peripheral,0.2,56,0.3816,"получает от 1 (47,060), отправляет 0 (0); ниже порогов ролей",1,False,1,0,47060.0,0.0,1,0,0.0,False,1,0.0,0.000297,,0.0,1,False,0.0,False
100000008769097100,peripheral,0.2,55,0.3088,"получает от 1 (31,100), отправляет 0 (0); ниже порогов ролей",3,False,1,0,31100.0,0.0,1,0,0.0,False,0,0.0,0.000292,,0.0,1,False,0.0,False
100000008769636100,peripheral,0.2,56,0.3042,"получает от 1 (23,118), отправляет 0 (0); ниже порогов ролей",1,False,1,0,23118.0,0.0,1,0,0.0,False,1,0.0,0.000292,,0.0,1,False,0.0,False
100000008770483100,peripheral,0.2,7,0.054,"обход остановлен на 4-м колене: получил 5,000 от 1; ниже порогов конечного получателя (сумма не меньше, чем у 1% подтверждённых стоков), сток не подтверждён",4,False,1,0,5000.0,0.0,1,0,0.0,True,0,0.0,0.00029,,0.0,0,False,0.4397,False
100000008771627100,peripheral,0.2,57,0.2493,"получает от 1 (16,500), отправляет 0 (0); ниже порогов ролей",2,False,1,0,16500.0,0.0,1,0,0.0,False,0,0.0,0.000292,,0.0,1,False,0.0,False
100000008771814100,peripheral,0.2,57,0.2897,"получает от 1 (23,700), отправляет 0 (0); ниже порогов ролей",2,False,1,0,23700.0,0.0,1,0,0.0,False,0,0.0,0.000295,,0.0,1,False,0.0,False
100000008771819100,peripheral,0.2,56,0.3616,"получает от 1 (38,900), отправляет 0 (0); ниже порогов ролей",1,False,1,0,38900.0,0.0,1,0,0.0,False,1,0.0,0.000295,,0.0,1,False,0.0,False
100000008772058100,peripheral,0.2,57,0.3731,"получает от 1 (50,000), отправляет 0 (0); ниже порогов ролей",2,False,1,0,50000.0,0.0,1,0,0.0,False,0,0.0,0.000304,,0.0,1,False,0.0,False
100000008772246100,peripheral,0.2,55,0.3396,"получает от 1 (44,500), отправляет 0 (0); ниже порогов ролей",3,False,1,0,44500.0,0.0,1,0,0.0,False,0,0.0,0.000294,,0.0,1,False,0.0,False
100000008773876100,peripheral,0.2,56,0.3218,"получает от 1 (26,120), отправляет 0 (0); ниже порогов ролей",1,False,1,0,26120.0,0.0,1,0,0.0,False,1,0.0,0.000292,,0.0,1,False,0.0,False
100000008774237100,peripheral,0.2,63,0.38,"получает от 1 (50,000), отправляет 1 (10,000); ниже порогов ролей",2,False,1,1,50000.0,10000.0,1,1,0.2,False,0,0.0,0.000312,1.0,1.0,2,False,0.0,False
100000008775471100,terminal,0.3,14,0.5931,"получил 580,000 KZT от 1 плательщиков (2 переводов), исходящих нет; колено 3, обходом не обрезан",3,False,1,0,580000.0,0.0,2,0,0.0,False,0,0.0,0.00036,,0.0,0,False,0.0,False
100000008775747100,peripheral,0.2,3,0.0506,"обход остановлен на 4-м колене: получил 5,000 от 1; ниже порогов конечного получателя (сумма не меньше, чем у 1% подтверждённых стоков), сток не подтверждён",4,False,1,0,5000.0,0.0,1,0,0.0,True,0,0.0,0.000288,,0.0,0,False,0.4397,False
100000008776298100,peripheral,0.2,56,0.371,"получает от 1 (42,800), отправляет 0 (0); ниже порогов ролей",1,False,1,0,42800.0,0.0,1,0,0.0,False,1,0.0,0.000296,,0.0,1,False,0.0,False
100000008776310100,peripheral,0.2,55,0.2501,"получает от 1 (19,200), отправляет 0 (0); ниже порогов ролей",3,False,1,0,19200.0,0.0,1,0,0.0,False,0,0.0,0.00029,,0.0,1,False,0.0,False
100000008776420100,peripheral,0.2,55,0.3874,"получает от 1 (69,500), отправляет 0 (0); ниже порогов ролей",3,False,1,0,69500.0,0.0,1,0,0.0,False,0,0.0,0.000298,,0.0,1,False,0.0,False
100000008776576100,peripheral,0.2,56,0.2556,"получает от 1 (14,765), отправляет 0 (0); ниже порогов ролей",1,False,1,0,14765.0,0.0,1,0,0.0,False,1,0.0,0.00029,,0.0,1,False,0.0,False
100000008776720100,peripheral,0.2,55,0.2892,"получает от 1 (26,150), отправляет 0 (0); ниже порогов ролей",3,False,1,0,26150.0,0.0,1,0,0.0,False,0,0.0,0.000291,,0.0,1,False,0.0,False
100000008777088100,peripheral,0.2,56,0.2791,"получает от 1 (18,000), отправляет 0 (0); ниже порогов ролей",1,False,1,0,18000.0,0.0,1,0,0.0,False,1,0.0,0.000291,,0.0,1,False,0.0,False
100000008778010100,peripheral,0.2,60,0.1347,"обход остановлен на 4-м колене: получил 76,950 от 1; ниже порогов конечного получателя (сумма не меньше, чем у 64% подтверждённых стоков), сток не подтверждён",4,False,1,0,76950.0,0.0,2,0,0.0,True,0,0.0,0.000532,,0.0,1,False,0.7535,False
100000008778753100,peripheral,0.2,22,0.0679,"обход остановлен на 4-м колене: получил 10,000 от 1; ниже порогов конечного получателя (сумма не меньше, чем у 8% подтверждённых стоков), сток не подтверждён",4,False,1,0,10000.0,0.0,1,0,0.0,True,0,0.0,0.000295,,0.0,0,False,0.4754,False
100000008779584100,peripheral,0.2,56,0.3437,"получает от 1 (31,400), отправляет 0 (0); ниже порогов ролей",1,False,1,0,31400.0,0.0,1,0,0.0,False,1,0.0,0.000293,,0.0,1,False,0.0,False
100000008782056100,peripheral,0.2,56,0.3331,"получает от 1 (29,082), отправляет 0 (0); ниже порогов ролей",1,False,1,0,29082.0,0.0,1,0,0.0,False,1,0.0,0.000293,,0.0,1,False,0.0,False
100000008782421100,peripheral,0.2,56,0.3875,"получает от 1 (49,680), отправляет 0 (0); ниже порогов ролей",1,False,1,0,49680.0,0.0,1,0,0.0,False,1,0.0,0.000297,,0.0,1,False,0.0,False
100000008782800100,peripheral,0.2,56,0.3719,"получает от 1 (43,381), отправляет 0 (0); ниже порогов ролей",1,False,1,0,43381.0,0.0,1,0,0.0,False,1,0.0,0.000296,,0.0,1,False,0.0,False
