gid,role,role_score,cluster_id,priority_score,evidence
100000000011452100,consolidator,0.855,3,0.72349,"Правило: 3 входа или больше, входящих ≥1,5× исходящих; вход 3 / 110,000 KZT; выход 1 / 16,685 KZT; операций 7/2; дней 7"
100000000018102100,terminal,0.74556,3,0.117987,"Правило: глубина 4; 1 операция: дальше шли 26% из 1126 узлов колен 1–3; вероятно конечный; вход 1 / 7,000 KZT; выход 0 / 0 KZT; операций 1/0; дней 1"
100000000031787100,transit,0.94,13,0.721028,"Правило: есть вход и выход, отношение сумм 0,5–2; вход 1 / 90,000 KZT; выход 2 / 90,000 KZT; операций 2/4; дней 6"
100000000041368100,terminal,0.81,6,0.339016,"Правило: есть вход, выхода нет в пределах обхода; вход 1 / 160,000 KZT; выход 0 / 0 KZT; операций 1/0; дней 1"
100000000076451100,transit,0.820672,31,0.787585,"Правило: есть вход и выход, отношение сумм 0,5–2; вход 3 / 87,707 KZT; выход 4 / 58,000 KZT; операций 4/4; дней 6"
100000000089154100,distributor,0.96,0,0.893809,"Правило: ≥3 выхода, seed или исходящих ≥1,5× входящих; вход 1 / 10,000 KZT; выход 15 / 425,500 KZT; операций 1/21; дней 10"
100000000190228100,peripheral,0.55,13,0.43646,"Правило: пороги других ролей не выполнены; вход 1 / 5,000 KZT; выход 1 / 28,560 KZT; операций 1/1; дней 2"
100000000201868100,transit,0.92,2,0.701693,"Правило: есть вход и выход, отношение сумм 0,5–2; вход 1 / 190,000 KZT; выход 1 / 190,000 KZT; операций 1/1; дней 2"
100000000254336100,transit,0.78087,3,0.721898,"Правило: есть вход и выход, отношение сумм 0,5–2; вход 2 / 97,177 KZT; выход 1 / 60,000 KZT; операций 2/1; дней 2"
100000000267734100,distributor,0.96,13,0.81565,"Правило: ≥3 выхода, seed или исходящих ≥1,5× входящих; вход 2 / 180,000 KZT; выход 7 / 282,000 KZT; операций 4/8; дней 8"
100000000274067100,distributor,0.855,13,0.813946,"Правило: ≥3 выхода, seed или исходящих ≥1,5× входящих; вход 2 / 517,704 KZT; выход 3 / 2,969,000 KZT; операций 9/9; дней 13"
100000000287768100,terminal,0.81,3,0.27888,"Правило: есть вход, выхода нет в пределах обхода; вход 1 / 35,168 KZT; выход 0 / 0 KZT; операций 1/0; дней 1"
100000000288317100,distributor,0.855,3,0.79583,"Правило: ≥3 выхода, seed или исходящих ≥1,5× входящих; вход 2 / 100,000 KZT; выход 3 / 53,500 KZT; операций 2/3; дней 4"
100000000291906100,transit,0.893497,38,0.861305,"Правило: есть вход и выход, отношение сумм 0,5–2; вход 2 / 388,000 KZT; выход 2 / 455,854 KZT; операций 3/6; дней 7"
100000000291908100,peripheral,0.55,38,0.581356,"Правило: пороги других ролей не выполнены; вход 1 / 295,500 KZT; выход 1 / 13,300 KZT; операций 5/1; дней 6"
100000000297649100,transit,0.766066,11,0.619846,"Правило: есть вход и выход, отношение сумм 0,5–2; вход 1 / 40,000 KZT; выход 1 / 70,600 KZT; операций 1/2; дней 3"
100000000299820100,terminal,0.74556,3,0.121382,"Правило: глубина 4; 1 операция: дальше шли 26% из 1126 узлов колен 1–3; вероятно конечный; вход 1 / 10,000 KZT; выход 0 / 0 KZT; операций 1/0; дней 1"
100000000307908100,terminal,0.81,32,0.216908,"Правило: есть вход, выхода нет в пределах обхода; вход 1 / 5,000 KZT; выход 0 / 0 KZT; операций 1/0; дней 1"
100000000331309100,coordinator,0.978505,5,0.992551,"Правило: ≥2 входа и выхода, посредничество в верхних 10%; вход 5 / 984,635 KZT; выход 99 / 23,001,375 KZT; операций 8/126; дней 29"
100000000332284100,consolidator,0.96,0,0.910633,"Правило: 3 входа или больше, входящих ≥1,5× исходящих; вход 10 / 107,426 KZT; выход 3 / 289,500 KZT; операций 12/3; дней 10"
100000000343175100,coordinator,0.978007,6,0.888367,"Правило: ≥2 входа и выхода, посредничество в верхних 10%; вход 8 / 178,712 KZT; выход 31 / 4,000,039 KZT; операций 14/33; дней 13; seed: вход неполон"
100000000369781100,terminal,0.74556,5,0.114913,"Правило: глубина 4; 1 операция: дальше шли 26% из 1126 узлов колен 1–3; вероятно конечный; вход 1 / 5,000 KZT; выход 0 / 0 KZT; операций 1/0; дней 1"
100000000375150100,terminal,0.74556,28,0.193542,"Правило: глубина 4; 1 операция: дальше шли 26% из 1126 узлов колен 1–3; вероятно конечный; вход 1 / 300,000 KZT; выход 0 / 0 KZT; операций 1/0; дней 1"
100000000404740100,terminal,0.74556,22,0.140121,"Правило: глубина 4; 1 операция: дальше шли 26% из 1126 узлов колен 1–3; вероятно конечный; вход 1 / 25,000 KZT; выход 0 / 0 KZT; операций 1/0; дней 1"
100000000408846100,terminal,0.81,23,0.284259,"Правило: есть вход, выхода нет в пределах обхода; вход 1 / 40,500 KZT; выход 0 / 0 KZT; операций 1/0; дней 1"
100000000413678100,distributor,0.855,15,0.873877,"Правило: ≥3 выхода, seed или исходящих ≥1,5× входящих; вход 2 / 306,500 KZT; выход 3 / 528,198 KZT; операций 2/18; дней 15"
100000000424935100,terminal,0.74556,17,0.127552,"Правило: глубина 4; 1 операция: дальше шли 26% из 1126 узлов колен 1–3; вероятно конечный; вход 1 / 15,000 KZT; выход 0 / 0 KZT; операций 1/0; дней 1"
100000000425407100,terminal,0.81,0,0.252273,"Правило: есть вход, выхода нет в пределах обхода; вход 1 / 20,000 KZT; выход 0 / 0 KZT; операций 1/0; дней 1"
100000000437046100,coordinator,0.979377,3,0.991845,"Правило: ≥2 входа и выхода, посредничество в верхних 10%; вход 9 / 1,107,200 KZT; выход 42 / 7,606,224 KZT; операций 20/73; дней 21"
100000000440392100,terminal,0.9,2,0.500913,"Правило: есть вход, выхода нет в пределах обхода; вход 1 / 105,705 KZT; выход 0 / 0 KZT; операций 4/0; дней 4"
100000000456947100,peripheral,0.75,47,0.019203,Правило: наблюдаемых связей нет; вход 0 / 0 KZT; выход 0 / 0 KZT; операций 0/0; дней 0; seed: вход неполон
100000000470237100,terminal,0.74556,17,0.147346,"Правило: глубина 4; 1 операция: дальше шли 26% из 1126 узлов колен 1–3; вероятно конечный; вход 1 / 32,500 KZT; выход 0 / 0 KZT; операций 1/0; дней 1"
100000000481716100,terminal,0.81,8,0.223789,"Правило: есть вход, выхода нет в пределах обхода; вход 1 / 8,000 KZT; выход 0 / 0 KZT; операций 1/0; дней 1"
100000000489417100,consolidator,0.815,0,0.703283,"Правило: 3 входа или больше, входящих ≥1,5× исходящих; вход 3 / 73,504 KZT; выход 1 / 80,000 KZT; операций 3/1; дней 2"
100000000490383100,distributor,0.96,2,0.897334,"Правило: ≥3 выхода, seed или исходящих ≥1,5× входящих; вход 3 / 62,600 KZT; выход 8 / 461,375 KZT; операций 3/9; дней 9"
100000000500040100,terminal,0.74556,0,0.134364,"Правило: глубина 4; 1 операция: дальше шли 26% из 1126 узлов колен 1–3; вероятно конечный; вход 1 / 20,000 KZT; выход 0 / 0 KZT; операций 1/0; дней 1"
100000000507799100,transit,0.791904,2,0.576569,"Правило: есть вход и выход, отношение сумм 0,5–2; вход 1 / 5,132 KZT; выход 1 / 8,000 KZT; операций 1/1; дней 2"
100000000533217100,terminal,0.81,0,0.298731,"Правило: есть вход, выхода нет в пределах обхода; вход 1 / 53,587 KZT; выход 0 / 0 KZT; операций 1/0; дней 1"
100000000534581100,transit,0.833121,0,0.716827,"Правило: есть вход и выход, отношение сумм 0,5–2; вход 2 / 55,960 KZT; выход 1 / 40,000 KZT; операций 2/1; дней 3"
100000000542087100,terminal,0.74556,5,0.119134,"Правило: глубина 4; 1 операция: дальше шли 26% из 1126 узлов колен 1–3; вероятно конечный; вход 1 / 8,507 KZT; выход 0 / 0 KZT; операций 1/0; дней 1"
100000000552584100,peripheral,0.55,11,0.547048,"Правило: пороги других ролей не выполнены; вход 1 / 2,500,000 KZT; выход 1 / 57,500 KZT; операций 3/1; дней 3"
100000000555721100,terminal,0.87,0,0.563757,"Правило: есть вход, выхода нет в пределах обхода; вход 2 / 113,000 KZT; выход 0 / 0 KZT; операций 3/0; дней 2"
100000000557536100,peripheral,0.4,5,0.216694,"Правило: глубина 4; 6+ операций: дальше шли 83% из 129 узлов колен 1–3; вероятно продолжение; вход 1 / 153,000 KZT; выход 0 / 0 KZT; операций 7/0; дней 6"
100000000560751100,terminal,0.81,0,0.26274,"Правило: есть вход, выхода нет в пределах обхода; вход 1 / 25,000 KZT; выход 0 / 0 KZT; операций 1/0; дней 1"
100000000561160100,terminal,0.74556,3,0.189918,"Правило: глубина 4; 1 операция: дальше шли 26% из 1126 узлов колен 1–3; вероятно конечный; вход 1 / 240,000 KZT; выход 0 / 0 KZT; операций 1/0; дней 1"
100000000569479100,terminal,0.81,3,0.36187,"Правило: есть вход, выхода нет в пределах обхода; вход 1 / 320,000 KZT; выход 0 / 0 KZT; операций 1/0; дней 1"
100000000572276100,peripheral,0.55,7,0.390809,"Правило: пороги других ролей не выполнены; вход 1 / 13,075 KZT; выход 1 / 34,547 KZT; операций 1/1; дней 2"
100000000580561100,distributor,0.855,33,0.795437,"Правило: ≥3 выхода, seed или исходящих ≥1,5× входящих; вход 2 / 27,980 KZT; выход 3 / 1,488,077 KZT; операций 3/13; дней 12; seed: вход неполон"
100000000581662100,terminal,0.74556,9,0.136382,"Правило: глубина 4; 1 операция: дальше шли 26% из 1126 узлов колен 1–3; вероятно конечный; вход 1 / 21,160 KZT; выход 0 / 0 KZT; операций 1/0; дней 1"
100000000581682100,terminal,0.74556,17,0.114913,"Правило: глубина 4; 1 операция: дальше шли 26% из 1126 узлов колен 1–3; вероятно конечный; вход 1 / 5,000 KZT; выход 0 / 0 KZT; операций 1/0; дней 1"
100000000583220100,peripheral,0.55,15,0.600028,"Правило: пороги других ролей не выполнены; вход 1 / 5,000 KZT; выход 1 / 761,255 KZT; операций 1/4; дней 5"
100000000594783100,peripheral,0.55,11,0.584959,"Правило: пороги других ролей не выполнены; вход 1 / 2,635,000 KZT; выход 2 / 152,500 KZT; операций 10/2; дней 8"
100000000596954100,peripheral,0.55,6,0.569245,"Правило: пороги других ролей не выполнены; вход 1 / 120,000 KZT; выход 2 / 48,100 KZT; операций 1/2; дней 2"
100000000600707100,peripheral,0.4,16,0.187824,"Правило: глубина 4; 2 операции: дальше шли 44% из 257 узлов колен 1–3; продолжение неясно; вход 1 / 89,000 KZT; выход 0 / 0 KZT; операций 2/0; дней 2"
100000000607731100,peripheral,0.55,24,0.423282,"Правило: пороги других ролей не выполнены; вход 1 / 20,000 KZT; выход 1 / 66,666 KZT; операций 1/1; дней 2"
100000000607941100,transit,0.842915,2,0.756881,"Правило: есть вход и выход, отношение сумм 0,5–2; вход 2 / 50,000 KZT; выход 1 / 70,000 KZT; операций 3/4; дней 5"
100000000608031100,terminal,0.74556,14,0.145053,"Правило: глубина 4; 1 операция: дальше шли 26% из 1126 узлов колен 1–3; вероятно конечный; вход 1 / 30,000 KZT; выход 0 / 0 KZT; операций 1/0; дней 1"
100000000611474100,terminal,0.81,20,0.275377,"Правило: есть вход, выхода нет в пределах обхода; вход 1 / 32,000 KZT; выход 0 / 0 KZT; операций 1/0; дней 1"
100000000625169100,terminal,0.81,4,0.228668,"Правило: есть вход, выхода нет в пределах обхода; вход 1 / 10,000 KZT; выход 0 / 0 KZT; операций 1/0; дней 1"
100000000627521100,terminal,0.74556,5,0.117436,"Правило: глубина 4; 1 операция: дальше шли 26% из 1126 узлов колен 1–3; вероятно конечный; вход 1 / 6,500 KZT; выход 0 / 0 KZT; операций 1/0; дней 1"
100000000629812100,terminal,0.84,10,0.458562,"Правило: есть вход, выхода нет в пределах обхода; вход 2 / 22,000 KZT; выход 0 / 0 KZT; операций 2/0; дней 2"
100000000634341100,peripheral,0.4,3,0.14669,"Правило: глубина 4; 2 операции: дальше шли 44% из 257 узлов колен 1–3; продолжение неясно; вход 1 / 24,000 KZT; выход 0 / 0 KZT; операций 2/0; дней 2"
100000000640800100,distributor,0.89,15,0.871617,"Правило: ≥3 выхода, seed или исходящих ≥1,5× входящих; вход 1 / 80,000 KZT; выход 4 / 518,135 KZT; операций 1/6; дней 5"
100000000646541100,terminal,0.9,0,0.518373,"Правило: есть вход, выхода нет в пределах обхода; вход 3 / 25,300 KZT; выход 0 / 0 KZT; операций 4/0; дней 4"
100000000655469100,peripheral,0.4,10,0.140696,"Правило: глубина 4; 2 операции: дальше шли 44% из 257 узлов колен 1–3; продолжение неясно; вход 1 / 20,000 KZT; выход 0 / 0 KZT; операций 2/0; дней 2"
100000000656682100,transit,0.905564,0,0.771244,"Правило: есть вход и выход, отношение сумм 0,5–2; вход 1 / 71,000 KZT; выход 2 / 80,000 KZT; операций 1/3; дней 4"
100000000661131100,terminal,0.81,7,0.242264,"Правило: есть вход, выхода нет в пределах обхода; вход 1 / 15,600 KZT; выход 0 / 0 KZT; операций 1/0; дней 1"
100000000661912100,consolidator,0.925,3,0.911479,"Правило: 3 входа или больше, входящих ≥1,5× исходящих; вход 5 / 393,036 KZT; выход 2 / 430,700 KZT; операций 9/8; дней 10"
100000000667713100,distributor,0.96,2,0.867096,"Правило: ≥3 выхода, seed или исходящих ≥1,5× входящих; вход 2 / 119,495 KZT; выход 6 / 79,236 KZT; операций 10/7; дней 11"
100000000673868100,distributor,0.925,25,0.90828,"Правило: ≥3 выхода, seed или исходящих ≥1,5× входящих; вход 1 / 2,030,650 KZT; выход 5 / 383,000 KZT; операций 5/19; дней 11"
100000000673915100,terminal,0.74556,5,0.135626,"Правило: глубина 4; 1 операция: дальше шли 26% из 1126 узлов колен 1–3; вероятно конечный; вход 1 / 20,200 KZT; выход 0 / 0 KZT; операций 1/0; дней 1"
100000000703894100,peripheral,0.55,24,0.453086,"Правило: пороги других ролей не выполнены; вход 1 / 120,000 KZT; выход 1 / 35,000 KZT; операций 1/1; дней 2"
100000000703902100,terminal,0.81,4,0.264367,"Правило: есть вход, выхода нет в пределах обхода; вход 1 / 25,499 KZT; выход 0 / 0 KZT; операций 1/0; дней 1"
100000000704700100,terminal,0.74556,21,0.121382,"Правило: глубина 4; 1 операция: дальше шли 26% из 1126 узлов колен 1–3; вероятно конечный; вход 1 / 10,000 KZT; выход 0 / 0 KZT; операций 1/0; дней 1"
100000000706545100,consolidator,0.855,2,0.869731,"Правило: 3 входа или больше, входящих ≥1,5× исходящих; вход 3 / 1,070,300 KZT; выход 1 / 75,800 KZT; операций 8/3; дней 9"
100000000718427100,terminal,0.81,4,0.220536,"Правило: есть вход, выхода нет в пределах обхода; вход 1 / 6,000 KZT; выход 0 / 0 KZT; операций 1/0; дней 1"
100000000723383100,peripheral,0.55,10,0.533591,"Правило: пороги других ролей не выполнены; вход 1 / 6,800 KZT; выход 2 / 75,000 KZT; операций 1/2; дней 2"
100000000724540100,transit,0.72,1,0.682744,"Правило: есть вход и выход, отношение сумм 0,5–2; вход 1 / 50,000 KZT; выход 1 / 100,000 KZT; операций 1/1; дней 2"
100000000733373100,terminal,0.81,2,0.231754,"Правило: есть вход, выхода нет в пределах обхода; вход 1 / 10,710 KZT; выход 0 / 0 KZT; операций 1/0; дней 1"
100000000733451100,peripheral,0.55,28,0.574016,"Правило: пороги других ролей не выполнены; вход 1 / 70,000 KZT; выход 1 / 300,000 KZT; операций 2/1; дней 2"
100000000733940100,peripheral,0.4,26,0.236604,"Правило: глубина 4; 2 операции: дальше шли 44% из 257 узлов колен 1–3; продолжение неясно; вход 1 / 752,000 KZT; выход 0 / 0 KZT; операций 2/0; дней 2"
100000000737152100,terminal,0.74556,5,0.1487,"Правило: глубина 4; 1 операция: дальше шли 26% из 1126 узлов колен 1–3; вероятно конечный; вход 1 / 35,000 KZT; выход 0 / 0 KZT; операций 1/0; дней 1"
100000000749118100,transit,0.784875,0,0.598953,"Правило: есть вход и выход, отношение сумм 0,5–2; вход 1 / 10,330 KZT; выход 1 / 16,500 KZT; операций 1/1; дней 2"
100000000764836100,peripheral,0.55,3,0.585248,"Правило: пороги других ролей не выполнены; вход 1 / 251,716 KZT; выход 2 / 50,000 KZT; операций 1/2; дней 2"
100000000765628100,terminal,0.81,2,0.216908,"Правило: есть вход, выхода нет в пределах обхода; вход 1 / 5,000 KZT; выход 0 / 0 KZT; операций 1/0; дней 1"
100000000769919100,terminal,0.81,43,0.354614,"Правило: есть вход, выхода нет в пределах обхода; вход 1 / 250,000 KZT; выход 0 / 0 KZT; операций 1/0; дней 1"
100000000782285100,terminal,0.81,0,0.221245,"Правило: есть вход, выхода нет в пределах обхода; вход 1 / 6,151 KZT; выход 0 / 0 KZT; операций 1/0; дней 1"
100000000783406100,terminal,0.81,14,0.221037,"Правило: есть вход, выхода нет в пределах обхода; вход 1 / 6,066 KZT; выход 0 / 0 KZT; операций 1/0; дней 1"
100000000785800100,transit,0.91,41,0.567003,"Правило: есть вход и выход, отношение сумм 0,5–2; вход 1 / 19,000 KZT; выход 1 / 19,000 KZT; операций 1/1; дней 1"
100000000790311100,terminal,0.81,2,0.289222,"Правило: есть вход, выхода нет в пределах обхода; вход 1 / 46,300 KZT; выход 0 / 0 KZT; операций 1/0; дней 1"
100000000791285100,distributor,0.815,23,0.841881,"Правило: ≥3 выхода, seed или исходящих ≥1,5× входящих; вход 1 / 1,120,000 KZT; выход 3 / 650,000 KZT; операций 2/3; дней 2"
100000000795033100,terminal,0.81,0,0.248936,"Правило: есть вход, выхода нет в пределах обхода; вход 1 / 18,200 KZT; выход 0 / 0 KZT; операций 1/0; дней 1"
100000000795129100,terminal,0.81,2,0.362621,"Правило: есть вход, выхода нет в пределах обхода; вход 1 / 332,000 KZT; выход 0 / 0 KZT; операций 1/0; дней 1"
100000000795374100,terminal,0.81,3,0.294227,"Правило: есть вход, выхода нет в пределах обхода; вход 1 / 50,000 KZT; выход 0 / 0 KZT; операций 1/0; дней 1"
100000000802149100,terminal,0.81,3,0.324587,"Правило: есть вход, выхода нет в пределах обхода; вход 1 / 104,128 KZT; выход 0 / 0 KZT; операций 1/0; дней 1"
100000000803368100,terminal,0.74556,8,0.178633,"Правило: глубина 4; 1 операция: дальше шли 26% из 1126 узлов колен 1–3; вероятно конечный; вход 1 / 139,503 KZT; выход 0 / 0 KZT; операций 1/0; дней 1"
100000000806727100,peripheral,0.55,6,0.394701,"Правило: пороги других ролей не выполнены; вход 1 / 45,000 KZT; выход 1 / 5,000 KZT; операций 1/1; дней 2"
100000000810551100,peripheral,0.55,6,0.521636,"Правило: пороги других ролей не выполнены; вход 1 / 100,000 KZT; выход 1 / 7,100 KZT; операций 1/1; дней 2"
100000000817146100,terminal,0.81,2,0.308156,"Правило: есть вход, выхода нет в пределах обхода; вход 1 / 70,020 KZT; выход 0 / 0 KZT; операций 1/0; дней 1"
100000000821507100,terminal,0.81,25,0.368709,"Правило: есть вход, выхода нет в пределах обхода; вход 1 / 400,000 KZT; выход 0 / 0 KZT; операций 1/0; дней 1"
100000000831684100,peripheral,0.55,11,0.425884,"Правило: пороги других ролей не выполнены; вход 1 / 15,000 KZT; выход 1 / 50,000 KZT; операций 2/3; дней 3"
100000000838385100,peripheral,0.55,17,0.626229,"Правило: пороги других ролей не выполнены; вход 1 / 436,900 KZT; выход 2 / 177,500 KZT; операций 8/6; дней 7"
100000000850297100,transit,0.91,9,0.563333,"Правило: есть вход и выход, отношение сумм 0,5–2; вход 1 / 17,520 KZT; выход 1 / 17,520 KZT; операций 1/1; дней 1"
100000000860514100,peripheral,0.55,22,0.481467,"Правило: пороги других ролей не выполнены; вход 1 / 12,000 KZT; выход 1 / 50,000 KZT; операций 1/1; дней 2"
100000000861294100,terminal,0.81,12,0.335847,"Правило: есть вход, выхода нет в пределах обхода; вход 1 / 150,000 KZT; выход 0 / 0 KZT; операций 1/0; дней 1"
100000000870121100,terminal,0.81,15,0.233506,"Правило: есть вход, выхода нет в пределах обхода; вход 1 / 12,000 KZT; выход 0 / 0 KZT; операций 1/0; дней 1"
100000000878006100,terminal,0.81,5,0.290306,"Правило: есть вход, выхода нет в пределах обхода; вход 1 / 47,003 KZT; выход 0 / 0 KZT; операций 1/0; дней 1"
100000000896111100,terminal,0.81,11,0.35845,"Правило: есть вход, выхода нет в пределах обхода; вход 1 / 287,100 KZT; выход 0 / 0 KZT; операций 1/0; дней 1"
100000000907277100,terminal,0.81,4,0.246893,"Правило: есть вход, выхода нет в пределах обхода; вход 1 / 17,534 KZT; выход 0 / 0 KZT; операций 1/0; дней 1"
100000000910216100,transit,0.850194,0,0.651753,"Правило: есть вход и выход, отношение сумм 0,5–2; вход 1 / 71,000 KZT; выход 1 / 52,010 KZT; операций 3/1; дней 4"
100000000912487100,terminal,0.81,0,0.228668,"Правило: есть вход, выхода нет в пределах обхода; вход 1 / 10,000 KZT; выход 0 / 0 KZT; операций 1/0; дней 1"
100000000913911100,transit,0.847692,10,0.805886,"Правило: есть вход и выход, отношение сумм 0,5–2; вход 2 / 467,000 KZT; выход 1 / 600,000 KZT; операций 2/1; дней 2"
100000000917179100,terminal,0.84,8,0.44773,"Правило: есть вход, выхода нет в пределах обхода; вход 1 / 94,465 KZT; выход 0 / 0 KZT; операций 2/0; дней 1"
100000000922570100,transit,0.902766,11,0.635966,"Правило: есть вход и выход, отношение сумм 0,5–2; вход 1 / 47,101 KZT; выход 1 / 50,000 KZT; операций 1/1; дней 2"
100000000926078100,terminal,0.74556,3,0.190652,"Правило: глубина 4; 1 операция: дальше шли 26% из 1126 узлов колен 1–3; вероятно конечный; вход 1 / 250,000 KZT; выход 0 / 0 KZT; операций 1/0; дней 1"
100000000926766100,peripheral,0.55,22,0.333013,"Правило: пороги других ролей не выполнены; вход 1 / 18,750 KZT; выход 1 / 6,000 KZT; операций 1/1; дней 1"
100000000933075100,transit,0.828114,11,0.709312,"Правило: есть вход и выход, отношение сумм 0,5–2; вход 1 / 40,000 KZT; выход 2 / 55,000 KZT; операций 1/2; дней 2"
100000000941942100,terminal,0.81,6,0.331218,"Правило: есть вход, выхода нет в пределах обхода; вход 1 / 130,000 KZT; выход 0 / 0 KZT; операций 1/0; дней 1"
100000000942301100,terminal,0.84,3,0.442025,"Правило: есть вход, выхода нет в пределах обхода; вход 1 / 57,580 KZT; выход 0 / 0 KZT; операций 2/0; дней 2"
100000000943371100,terminal,0.81,28,0.241513,"Правило: есть вход, выхода нет в пределах обхода; вход 1 / 15,500 KZT; выход 0 / 0 KZT; операций 1/0; дней 1"
100000000945428100,terminal,0.81,0,0.31683,"Правило: есть вход, выхода нет в пределах обхода; вход 1 / 89,629 KZT; выход 0 / 0 KZT; операций 1/0; дней 1"
100000000954884100,terminal,0.81,14,0.27717,"Правило: есть вход, выхода нет в пределах обхода; вход 1 / 34,000 KZT; выход 0 / 0 KZT; операций 1/0; дней 1"
100000000955444100,terminal,0.81,33,0.222079,"Правило: есть вход, выхода нет в пределах обхода; вход 1 / 6,910 KZT; выход 0 / 0 KZT; операций 1/0; дней 1"
100000000955529100,peripheral,0.55,6,0.426173,"Правило: пороги других ролей не выполнены; вход 1 / 27,000 KZT; выход 1 / 63,500 KZT; операций 1/1; дней 2"
100000000957746100,terminal,0.74556,14,0.116014,"Правило: глубина 4; 1 операция: дальше шли 26% из 1126 узлов колен 1–3; вероятно конечный; вход 1 / 5,300 KZT; выход 0 / 0 KZT; операций 1/0; дней 1"
100000000961900100,terminal,0.87,0,0.505494,"Правило: есть вход, выхода нет в пределах обхода; вход 2 / 36,000 KZT; выход 0 / 0 KZT; операций 3/0; дней 3"
100000000967918100,terminal,0.87,0,0.397932,"Правило: есть вход, выхода нет в пределах обхода; вход 1 / 21,200 KZT; выход 0 / 0 KZT; операций 3/0; дней 3"
100000000968253100,terminal,0.81,4,0.239887,"Правило: есть вход, выхода нет в пределах обхода; вход 1 / 15,000 KZT; выход 0 / 0 KZT; операций 1/0; дней 1"
100000000971908100,terminal,0.81,12,0.316538,"Правило: есть вход, выхода нет в пределах обхода; вход 1 / 89,000 KZT; выход 0 / 0 KZT; операций 1/0; дней 1"
100000000976943100,transit,0.877393,0,0.731464,"Правило: есть вход и выход, отношение сумм 0,5–2; вход 1 / 70,000 KZT; выход 1 / 84,000 KZT; операций 1/3; дней 3"
100000000978041100,terminal,0.81,4,0.286803,"Правило: есть вход, выхода нет в пределах обхода; вход 1 / 44,445 KZT; выход 0 / 0 KZT; операций 1/0; дней 1"
100000000979567100,terminal,0.81,4,0.228668,"Правило: есть вход, выхода нет в пределах обхода; вход 1 / 10,000 KZT; выход 0 / 0 KZT; операций 1/0; дней 1"
100000000979923100,terminal,0.81,6,0.321251,"Правило: есть вход, выхода нет в пределах обхода; вход 1 / 97,900 KZT; выход 0 / 0 KZT; операций 1/0; дней 1"
100000000981693100,terminal,0.74556,0,0.130121,"Правило: глубина 4; 1 операция: дальше шли 26% из 1126 узлов колен 1–3; вероятно конечный; вход 1 / 16,500 KZT; выход 0 / 0 KZT; операций 1/0; дней 1"
100000000993112100,terminal,0.81,16,0.33347,"Правило: есть вход, выхода нет в пределах обхода; вход 1 / 141,000 KZT; выход 0 / 0 KZT; операций 1/0; дней 1"
100000000998559100,terminal,0.81,6,0.322627,"Правило: есть вход, выхода нет в пределах обхода; вход 1 / 100,000 KZT; выход 0 / 0 KZT; операций 1/0; дней 1"
100000001009583100,terminal,0.81,5,0.367875,"Правило: есть вход, выхода нет в пределах обхода; вход 1 / 393,740 KZT; выход 0 / 0 KZT; операций 1/0; дней 1"
100000001046057100,terminal,0.81,27,0.313661,"Правило: есть вход, выхода нет в пределах обхода; вход 1 / 83,420 KZT; выход 0 / 0 KZT; операций 1/0; дней 1"
100000001046626100,terminal,0.81,5,0.335847,"Правило: есть вход, выхода нет в пределах обхода; вход 1 / 150,000 KZT; выход 0 / 0 KZT; операций 1/0; дней 1"
100000001049200100,distributor,0.89,2,0.788954,"Правило: ≥3 выхода, seed или исходящих ≥1,5× входящих; вход 2 / 76,624 KZT; выход 4 / 36,000 KZT; операций 2/5; дней 6"
100000001052789100,terminal,0.81,19,0.308573,"Правило: есть вход, выхода нет в пределах обхода; вход 1 / 70,975 KZT; выход 0 / 0 KZT; операций 1/0; дней 1"
100000001052945100,distributor,0.855,8,0.870029,"Правило: ≥3 выхода, seed или исходящих ≥1,5× входящих; вход 1 / 56,520 KZT; выход 3 / 1,595,700 KZT; операций 1/6; дней 6"
100000001053894100,peripheral,0.4,5,0.260189,"Правило: глубина 4; 6+ операций: дальше шли 83% из 129 узлов колен 1–3; вероятно продолжение; вход 1 / 2,000,000 KZT; выход 0 / 0 KZT; операций 7/0; дней 7"
100000001056414100,terminal,0.81,9,0.354614,"Правило: есть вход, выхода нет в пределах обхода; вход 1 / 250,000 KZT; выход 0 / 0 KZT; операций 1/0; дней 1"
100000001063678100,peripheral,0.55,20,0.550562,"Правило: пороги других ролей не выполнены; вход 1 / 35,000 KZT; выход 2 / 90,000 KZT; операций 1/2; дней 3"
100000001065234100,terminal,0.74556,2,0.196592,"Правило: глубина 4; 1 операция: дальше шли 26% из 1126 узлов колен 1–3; вероятно конечный; вход 1 / 360,000 KZT; выход 0 / 0 KZT; операций 1/0; дней 1"
100000001065481100,peripheral,0.4,15,0.134243,"Правило: глубина 4; 2 операции: дальше шли 44% из 257 узлов колен 1–3; продолжение неясно; вход 1 / 16,000 KZT; выход 0 / 0 KZT; операций 2/0; дней 2"
100000001066017100,distributor,0.89,3,0.832749,"Правило: ≥3 выхода, seed или исходящих ≥1,5× входящих; вход 2 / 136,123 KZT; выход 4 / 82,500 KZT; операций 3/4; дней 5"
100000001072022100,terminal,0.9,10,0.691305,"Правило: есть вход, выхода нет в пределах обхода; вход 3 / 1,684,000 KZT; выход 0 / 0 KZT; операций 6/0; дней 3"
100000001073568100,peripheral,0.55,8,0.624583,"Правило: пороги других ролей не выполнены; вход 1 / 707,465 KZT; выход 2 / 219,503 KZT; операций 4/3; дней 3"
100000001074553100,terminal,0.84,13,0.47541,"Правило: есть вход, выхода нет в пределах обхода; вход 2 / 28,971 KZT; выход 0 / 0 KZT; операций 2/0; дней 2"
100000001083990100,terminal,0.84,11,0.412699,"Правило: есть вход, выхода нет в пределах обхода; вход 1 / 49,900 KZT; выход 0 / 0 KZT; операций 2/0; дней 1"
100000001089055100,terminal,0.74556,14,0.125166,"Правило: глубина 4; 1 операция: дальше шли 26% из 1126 узлов колен 1–3; вероятно конечный; вход 1 / 13,000 KZT; выход 0 / 0 KZT; операций 1/0; дней 1"
100000001102676100,transit,0.91,16,0.621774,"Правило: есть вход и выход, отношение сумм 0,5–2; вход 1 / 50,000 KZT; выход 1 / 50,000 KZT; операций 1/1; дней 1"
100000001103905100,terminal,0.81,4,0.248311,"Правило: есть вход, выхода нет в пределах обхода; вход 1 / 18,000 KZT; выход 0 / 0 KZT; операций 1/0; дней 1"
100000001110358100,terminal,0.84,3,0.465324,"Правило: есть вход, выхода нет в пределах обхода; вход 2 / 32,000 KZT; выход 0 / 0 KZT; операций 2/0; дней 1"
100000001111763100,terminal,0.81,4,0.245558,"Правило: есть вход, выхода нет в пределах обхода; вход 1 / 17,144 KZT; выход 0 / 0 KZT; операций 1/0; дней 1"
100000001114385100,terminal,0.81,0,0.270205,"Правило: есть вход, выхода нет в пределах обхода; вход 1 / 29,500 KZT; выход 0 / 0 KZT; операций 1/0; дней 1"
100000001126374100,consolidator,0.89,0,0.844142,"Правило: 3 входа или больше, входящих ≥1,5× исходящих; вход 4 / 182,500 KZT; выход 2 / 29,200 KZT; операций 7/4; дней 9"
100000001130176100,terminal,0.84,0,0.390368,"Правило: есть вход, выхода нет в пределах обхода; вход 1 / 25,000 KZT; выход 0 / 0 KZT; операций 2/0; дней 2"
100000001130553100,peripheral,0.4,14,0.127839,"Правило: глубина 4; 2 операции: дальше шли 44% из 257 узлов колен 1–3; продолжение неясно; вход 1 / 18,000 KZT; выход 0 / 0 KZT; операций 2/0; дней 1"
100000001131403100,peripheral,0.4,8,0.250335,"Правило: глубина 4; 3–5 операций: дальше шли 61% из 211 узлов колен 1–3; продолжение неясно; вход 1 / 1,570,000 KZT; выход 0 / 0 KZT; операций 3/0; дней 3"
100000001138283100,transit,0.777948,3,0.7117,"Правило: есть вход и выход, отношение сумм 0,5–2; вход 1 / 81,805 KZT; выход 2 / 50,000 KZT; операций 1/2; дней 2"
100000001138376100,terminal,0.81,2,0.241263,"Правило: есть вход, выхода нет в пределах обхода; вход 1 / 15,300 KZT; выход 0 / 0 KZT; операций 1/0; дней 1"
100000001140785100,terminal,0.84,1,0.563633,"Правило: есть вход, выхода нет в пределах обхода; вход 2 / 215,000 KZT; выход 0 / 0 KZT; операций 2/0; дней 1"
100000001141268100,peripheral,0.55,1,0.604376,"Правило: пороги других ролей не выполнены; вход 2 / 480,000 KZT; выход 1 / 10,000 KZT; операций 2/1; дней 2"
100000001145749100,terminal,0.81,6,0.228668,"Правило: есть вход, выхода нет в пределах обхода; вход 1 / 10,000 KZT; выход 0 / 0 KZT; операций 1/0; дней 1"
100000001149815100,terminal,0.81,7,0.233506,"Правило: есть вход, выхода нет в пределах обхода; вход 1 / 12,000 KZT; выход 0 / 0 KZT; операций 1/0; дней 1"
100000001155773100,terminal,0.81,7,0.256276,"Правило: есть вход, выхода нет в пределах обхода; вход 1 / 21,500 KZT; выход 0 / 0 KZT; операций 1/0; дней 1"
100000001160401100,terminal,0.84,0,0.427735,"Правило: есть вход, выхода нет в пределах обхода; вход 1 / 47,190 KZT; выход 0 / 0 KZT; операций 2/0; дней 2"
100000001162560100,distributor,0.96,1,0.854296,"Правило: ≥3 выхода, seed или исходящих ≥1,5× входящих; вход 1 / 331,300 KZT; выход 12 / 2,904,398 KZT; операций 2/14; дней 9"
100000001164648100,terminal,0.84,9,0.431594,"Правило: есть вход, выхода нет в пределах обхода; вход 2 / 13,660 KZT; выход 0 / 0 KZT; операций 2/0; дней 2"
100000001166289100,peripheral,0.55,4,0.56552,"Правило: пороги других ролей не выполнены; вход 2 / 721,039 KZT; выход 1 / 25,000 KZT; операций 10/1; дней 11"
100000001169666100,peripheral,0.55,8,0.55084,"Правило: пороги других ролей не выполнены; вход 1 / 220,000 KZT; выход 1 / 24,000 KZT; операций 2/1; дней 3"
100000001184915100,terminal,0.84,2,0.485764,"Правило: есть вход, выхода нет в пределах обхода; вход 1 / 201,000 KZT; выход 0 / 0 KZT; операций 2/0; дней 1"
100000001194266100,terminal,0.81,6,0.294227,"Правило: есть вход, выхода нет в пределах обхода; вход 1 / 50,000 KZT; выход 0 / 0 KZT; операций 1/0; дней 1"
100000001202637100,terminal,0.74556,8,0.121382,"Правило: глубина 4; 1 операция: дальше шли 26% из 1126 узлов колен 1–3; вероятно конечный; вход 1 / 10,000 KZT; выход 0 / 0 KZT; операций 1/0; дней 1"
100000001202787100,peripheral,0.4,0,0.172637,"Правило: глубина 4; 2 операции: дальше шли 44% из 257 узлов колен 1–3; продолжение неясно; вход 2 / 14,850 KZT; выход 0 / 0 KZT; операций 2/0; дней 2"
100000001220124100,terminal,0.74556,0,0.151475,"Правило: глубина 4; 1 операция: дальше шли 26% из 1126 узлов колен 1–3; вероятно конечный; вход 1 / 40,000 KZT; выход 0 / 0 KZT; операций 1/0; дней 1"
100000001222245100,peripheral,0.4,5,0.238641,"Правило: глубина 4; 3–5 операций: дальше шли 61% из 211 узлов колен 1–3; продолжение неясно; вход 1 / 420,000 KZT; выход 0 / 0 KZT; операций 5/0; дней 5"
100000001222263100,transit,0.774409,5,0.782439,"Правило: есть вход и выход, отношение сумм 0,5–2; вход 1 / 745,570 KZT; выход 1 / 420,000 KZT; операций 1/5; дней 5"
100000001223977100,peripheral,0.55,6,0.423838,"Правило: пороги других ролей не выполнены; вход 1 / 5,000 KZT; выход 1 / 18,000 KZT; операций 1/1; дней 2"
100000001227106100,terminal,0.81,5,0.340017,"Правило: есть вход, выхода нет в пределах обхода; вход 1 / 164,765 KZT; выход 0 / 0 KZT; операций 1/0; дней 1"
100000001229743100,transit,0.847486,0,0.583613,"Правило: есть вход и выход, отношение сумм 0,5–2; вход 1 / 7,000 KZT; выход 1 / 9,000 KZT; операций 1/1; дней 2"
100000001232297100,peripheral,0.55,28,0.428765,"Правило: пороги других ролей не выполнены; вход 1 / 5,000 KZT; выход 2 / 45,000 KZT; операций 1/2; дней 3"
100000001236706100,consolidator,0.855,0,0.811791,"Правило: 3 входа или больше, входящих ≥1,5× исходящих; вход 3 / 142,700 KZT; выход 2 / 36,000 KZT; операций 3/2; дней 4"
100000001241318100,terminal,0.81,0,0.298022,"Правило: есть вход, выхода нет в пределах обхода; вход 1 / 53,000 KZT; выход 0 / 0 KZT; операций 1/0; дней 1"
100000001246806100,terminal,0.74556,1,0.177784,"Правило: глубина 4; 1 операция: дальше шли 26% из 1126 узлов колен 1–3; вероятно конечный; вход 1 / 130,000 KZT; выход 0 / 0 KZT; операций 1/0; дней 1"
100000001248999100,terminal,0.81,14,0.258612,"Правило: есть вход, выхода нет в пределах обхода; вход 1 / 23,425 KZT; выход 0 / 0 KZT; операций 1/0; дней 1"
100000001249054100,terminal,0.74556,8,0.131153,"Правило: глубина 4; 1 операция: дальше шли 26% из 1126 узлов колен 1–3; вероятно конечный; вход 1 / 17,375 KZT; выход 0 / 0 KZT; операций 1/0; дней 1"
100000001250022100,terminal,0.81,12,0.294227,"Правило: есть вход, выхода нет в пределах обхода; вход 1 / 50,000 KZT; выход 0 / 0 KZT; операций 1/0; дней 1"
100000001251686100,terminal,0.81,0,0.248311,"Правило: есть вход, выхода нет в пределах обхода; вход 1 / 18,000 KZT; выход 0 / 0 KZT; операций 1/0; дней 1"
100000001252290100,peripheral,0.55,5,0.513863,"Правило: пороги других ролей не выполнены; вход 1 / 141,005 KZT; выход 1 / 5,000 KZT; операций 1/1; дней 2"
100000001253557100,terminal,0.9,1,0.65257,"Правило: есть вход, выхода нет в пределах обхода; вход 5 / 210,200 KZT; выход 0 / 0 KZT; операций 5/0; дней 5"
100000001256409100,terminal,0.74556,10,0.118698,"Правило: глубина 4; 1 операция: дальше шли 26% из 1126 узлов колен 1–3; вероятно конечный; вход 1 / 8,000 KZT; выход 0 / 0 KZT; операций 1/0; дней 1"
100000001262647100,terminal,0.81,2,0.259195,"Правило: есть вход, выхода нет в пределах обхода; вход 1 / 23,650 KZT; выход 0 / 0 KZT; операций 1/0; дней 1"
100000001270349100,terminal,0.81,12,0.347149,"Правило: есть вход, выхода нет в пределах обхода; вход 1 / 200,000 KZT; выход 0 / 0 KZT; операций 1/0; дней 1"
100000001270470100,peripheral,0.4,3,0.152654,"Правило: глубина 4; 2 операции: дальше шли 44% из 257 узлов колен 1–3; продолжение неясно; вход 1 / 28,300 KZT; выход 0 / 0 KZT; операций 2/0; дней 2"
100000001273783100,terminal,0.81,9,0.258445,"Правило: есть вход, выхода нет в пределах обхода; вход 1 / 23,200 KZT; выход 0 / 0 KZT; операций 1/0; дней 1"
100000001275557100,terminal,0.74556,20,0.134364,"Правило: глубина 4; 1 операция: дальше шли 26% из 1126 узлов колен 1–3; вероятно конечный; вход 1 / 20,000 KZT; выход 0 / 0 KZT; операций 1/0; дней 1"
100000001275752100,terminal,0.81,1,0.336931,"Правило: есть вход, выхода нет в пределах обхода; вход 1 / 151,500 KZT; выход 0 / 0 KZT; операций 1/0; дней 1"
100000001276409100,terminal,0.74556,8,0.171476,"Правило: глубина 4; 1 операция: дальше шли 26% из 1126 узлов колен 1–3; вероятно конечный; вход 1 / 94,760 KZT; выход 0 / 0 KZT; операций 1/0; дней 1"
100000001279272100,transit,0.755939,3,0.783979,"Правило: есть вход и выход, отношение сумм 0,5–2; вход 1 / 250,000 KZT; выход 2 / 136,758 KZT; операций 1/2; дней 3"
100000001279875100,terminal,0.81,9,0.292558,"Правило: есть вход, выхода нет в пределах обхода; вход 1 / 49,235 KZT; выход 0 / 0 KZT; операций 1/0; дней 1"
100000001280798100,terminal,0.81,8,0.26003,"Правило: есть вход, выхода нет в пределах обхода; вход 1 / 23,785 KZT; выход 0 / 0 KZT; операций 1/0; дней 1"
100000001282143100,terminal,0.9,1,0.709476,"Правило: есть вход, выхода нет в пределах обхода; вход 5 / 1,700,000 KZT; выход 0 / 0 KZT; операций 6/0; дней 3"
100000001285440100,terminal,0.84,1,0.569639,"Правило: есть вход, выхода нет в пределах обхода; вход 2 / 243,000 KZT; выход 0 / 0 KZT; операций 2/0; дней 1"
100000001286703100,terminal,0.74556,5,0.135786,"Правило: глубина 4; 1 операция: дальше шли 26% из 1126 узлов колен 1–3; вероятно конечный; вход 1 / 20,500 KZT; выход 0 / 0 KZT; операций 1/0; дней 1"
100000001287955100,distributor,0.89,9,0.761864,"Правило: ≥3 выхода, seed или исходящих ≥1,5× входящих; вход 1 / 17,520 KZT; выход 4 / 310,000 KZT; операций 1/5; дней 4"
100000001290243100,terminal,0.81,2,0.228668,"Правило: есть вход, выхода нет в пределах обхода; вход 1 / 10,000 KZT; выход 0 / 0 KZT; операций 1/0; дней 1"
100000001297206100,terminal,0.74556,3,0.117666,"Правило: глубина 4; 1 операция: дальше шли 26% из 1126 узлов колен 1–3; вероятно конечный; вход 1 / 6,758 KZT; выход 0 / 0 KZT; операций 1/0; дней 1"
100000001298099100,terminal,0.81,8,0.249645,"Правило: есть вход, выхода нет в пределах обхода; вход 1 / 19,000 KZT; выход 0 / 0 KZT; операций 1/0; дней 1"
100000001299323100,terminal,0.74556,1,0.174848,"Правило: глубина 4; 1 операция: дальше шли 26% из 1126 узлов колен 1–3; вероятно конечный; вход 1 / 109,000 KZT; выход 0 / 0 KZT; операций 1/0; дней 1"
100000001299443100,terminal,0.74556,9,0.118698,"Правило: глубина 4; 1 операция: дальше шли 26% из 1126 узлов колен 1–3; вероятно конечный; вход 1 / 8,000 KZT; выход 0 / 0 KZT; операций 1/0; дней 1"
100000001299828100,terminal,0.74556,3,0.173059,"Правило: глубина 4; 1 операция: дальше шли 26% из 1126 узлов колен 1–3; вероятно конечный; вход 1 / 100,000 KZT; выход 0 / 0 KZT; операций 1/0; дней 1"
100000001303311100,terminal,0.9,1,0.698389,"Правило: есть вход, выхода нет в пределах обхода; вход 5 / 1,324,000 KZT; выход 0 / 0 KZT; операций 5/0; дней 2"
100000001307612100,terminal,0.81,4,0.281799,"Правило: есть вход, выхода нет в пределах обхода; вход 1 / 38,483 KZT; выход 0 / 0 KZT; операций 1/0; дней 1"
100000001308856100,terminal,0.81,4,0.267411,"Правило: есть вход, выхода нет в пределах обхода; вход 1 / 27,000 KZT; выход 0 / 0 KZT; операций 1/0; дней 1"
100000001311175100,terminal,0.74556,9,0.193542,"Правило: глубина 4; 1 операция: дальше шли 26% из 1126 узлов колен 1–3; вероятно конечный; вход 1 / 300,000 KZT; выход 0 / 0 KZT; операций 1/0; дней 1"
100000001317336100,peripheral,0.55,26,0.646681,"Правило: пороги других ролей не выполнены; вход 1 / 131,196 KZT; выход 2 / 1,752,000 KZT; операций 1/3; дней 3"
100000001325618100,terminal,0.74556,9,0.119684,"Правило: глубина 4; 1 операция: дальше шли 26% из 1126 узлов колен 1–3; вероятно конечный; вход 1 / 9,300 KZT; выход 0 / 0 KZT; операций 1/0; дней 1"
100000001329153100,terminal,0.81,0,0.336514,"Правило: есть вход, выхода нет в пределах обхода; вход 1 / 150,687 KZT; выход 0 / 0 KZT; операций 1/0; дней 1"
100000001330595100,consolidator,0.855,21,0.751738,"Правило: 3 входа или больше, входящих ≥1,5× исходящих; вход 3 / 87,000 KZT; выход 1 / 154,000 KZT; операций 6/1; дней 6"
100000001330685100,consolidator,0.855,5,0.876226,"Правило: 3 входа или больше, входящих ≥1,5× исходящих; вход 3 / 2,435,923 KZT; выход 1 / 100,500 KZT; операций 7/1; дней 6"
100000001339466100,terminal,0.81,0,0.271707,"Правило: есть вход, выхода нет в пределах обхода; вход 1 / 30,000 KZT; выход 0 / 0 KZT; операций 1/0; дней 1"
100000001346560100,peripheral,0.55,6,0.481645,"Правило: пороги других ролей не выполнены; вход 2 / 10,000 KZT; выход 1 / 22,200 KZT; операций 2/1; дней 3"
100000001362940100,terminal,0.81,6,0.311951,"Правило: есть вход, выхода нет в пределах обхода; вход 1 / 81,000 KZT; выход 0 / 0 KZT; операций 1/0; дней 1"
100000001363952100,peripheral,0.55,15,0.582891,"Правило: пороги других ролей не выполнены; вход 2 / 196,655 KZT; выход 1 / 91,000 KZT; операций 2/2; дней 3"
100000001373265100,peripheral,0.55,3,0.51453,"Правило: пороги других ролей не выполнены; вход 1 / 142,482 KZT; выход 1 / 5,000 KZT; операций 1/1; дней 2"
100000001378288100,peripheral,0.4,15,0.223545,"Правило: глубина 4; 3–5 операций: дальше шли 61% из 211 узлов колен 1–3; продолжение неясно; вход 1 / 268,000 KZT; выход 0 / 0 KZT; операций 3/0; дней 3"
100000001379511100,terminal,0.81,27,0.300065,"Правило: есть вход, выхода нет в пределах обхода; вход 1 / 55,000 KZT; выход 0 / 0 KZT; операций 1/0; дней 1"
100000001380054100,distributor,0.855,24,0.768984,"Правило: ≥3 выхода, seed или исходящих ≥1,5× входящих; вход 2 / 127,050 KZT; выход 3 / 360,000 KZT; операций 2/4; дней 4"
100000001380107100,terminal,0.81,10,0.220536,"Правило: есть вход, выхода нет в пределах обхода; вход 1 / 6,000 KZT; выход 0 / 0 KZT; операций 1/0; дней 1"
100000001380986100,terminal,0.81,1,0.308322,"Правило: есть вход, выхода нет в пределах обхода; вход 1 / 70,170 KZT; выход 0 / 0 KZT; операций 1/0; дней 1"
100000001382002100,transit,0.932236,0,0.672484,"Правило: есть вход и выход, отношение сумм 0,5–2; вход 1 / 55,000 KZT; выход 1 / 56,500 KZT; операций 2/3; дней 5"
100000001384826100,peripheral,0.55,5,0.556234,"Правило: пороги других ролей не выполнены; вход 1 / 364,260 KZT; выход 1 / 10,000 KZT; операций 1/1; дней 2"
100000001386612100,terminal,0.81,18,0.304319,"Правило: есть вход, выхода нет в пределах обхода; вход 1 / 62,264 KZT; выход 0 / 0 KZT; операций 1/0; дней 1"
100000001389255100,terminal,0.81,4,0.243932,"Правило: есть вход, выхода нет в пределах обхода; вход 1 / 16,136 KZT; выход 0 / 0 KZT; операций 1/0; дней 1"
100000001411870100,terminal,0.9,12,0.64999,"Правило: есть вход, выхода нет в пределах обхода; вход 2 / 900,000 KZT; выход 0 / 0 KZT; операций 4/0; дней 2"
100000001415126100,terminal,0.81,18,0.24067,"Правило: есть вход, выхода нет в пределах обхода; вход 1 / 27,000 KZT; выход 0 / 0 KZT; операций 1/0; дней 1; seed: вход неполон"
100000001418900100,terminal,0.84,4,0.418782,"Правило: есть вход, выхода нет в пределах обхода; вход 1 / 40,140 KZT; выход 0 / 0 KZT; операций 2/0; дней 2"
100000001420847100,terminal,0.84,19,0.376411,"Правило: есть вход, выхода нет в пределах обхода; вход 1 / 20,000 KZT; выход 0 / 0 KZT; операций 2/0; дней 2"
100000001427082100,distributor,0.925,10,0.819223,"Правило: ≥3 выхода, seed или исходящих ≥1,5× входящих; вход 1 / 5,000 KZT; выход 5 / 124,900 KZT; операций 1/6; дней 7"
100000001429930100,terminal,0.81,15,0.238305,"Правило: есть вход, выхода нет в пределах обхода; вход 1 / 26,000 KZT; выход 0 / 0 KZT; операций 1/0; дней 1; seed: вход неполон"
100000001439416100,peripheral,0.55,0,0.564163,"Правило: пороги других ролей не выполнены; вход 1 / 10,000 KZT; выход 2 / 165,000 KZT; операций 1/3; дней 4"
100000001445848100,transit,0.813212,14,0.734949,"Правило: есть вход и выход, отношение сумм 0,5–2; вход 1 / 546,000 KZT; выход 1 / 351,850 KZT; операций 13/14; дней 19"
100000001463701100,terminal,0.84,6,0.605337,"Правило: есть вход, выхода нет в пределах обхода; вход 2 / 621,000 KZT; выход 0 / 0 KZT; операций 2/0; дней 1"
100000001471706100,peripheral,0.4,18,0.239142,"Правило: глубина 4; 6+ операций: дальше шли 83% из 129 узлов колен 1–3; вероятно продолжение; вход 1 / 377,000 KZT; выход 0 / 0 KZT; операций 8/0; дней 7"
100000001477796100,terminal,0.81,16,0.34327,"Правило: есть вход, выхода нет в пределах обхода; вход 1 / 182,000 KZT; выход 0 / 0 KZT; операций 1/0; дней 1"
100000001484381100,terminal,0.9,8,0.56804,"Правило: есть вход, выхода нет в пределах обхода; вход 2 / 95,585 KZT; выход 0 / 0 KZT; операций 4/0; дней 3"
100000001490461100,peripheral,0.55,8,0.417944,"Правило: пороги других ролей не выполнены; вход 1 / 20,000 KZT; выход 1 / 5,000 KZT; операций 1/1; дней 2"
100000001498732100,terminal,0.74556,27,0.116335,"Правило: глубина 4; 1 операция: дальше шли 26% из 1126 узлов колен 1–3; вероятно конечный; вход 1 / 5,500 KZT; выход 0 / 0 KZT; операций 1/0; дней 1"
100000001524952100,terminal,0.81,0,0.324504,"Правило: есть вход, выхода нет в пределах обхода; вход 1 / 103,807 KZT; выход 0 / 0 KZT; операций 1/0; дней 1"
100000001526235100,distributor,0.96,22,0.910479,"Правило: ≥3 выхода, seed или исходящих ≥1,5× входящих; вход 3 / 82,000 KZT; выход 8 / 432,750 KZT; операций 4/9; дней 11"
100000001527186100,terminal,0.84,6,0.530915,"Правило: есть вход, выхода нет в пределах обхода; вход 1 / 678,000 KZT; выход 0 / 0 KZT; операций 2/0; дней 1"
100000001530709100,terminal,0.81,0,0.299064,"Правило: есть вход, выхода нет в пределах обхода; вход 1 / 53,961 KZT; выход 0 / 0 KZT; операций 1/0; дней 1"
100000001530740100,terminal,0.81,2,0.239887,"Правило: есть вход, выхода нет в пределах обхода; вход 1 / 15,000 KZT; выход 0 / 0 KZT; операций 1/0; дней 1"
100000001530983100,distributor,0.96,10,0.942485,"Правило: ≥3 выхода, seed или исходящих ≥1,5× входящих; вход 4 / 564,158 KZT; выход 11 / 1,829,538 KZT; операций 4/17; дней 12"
100000001533161100,terminal,0.74556,34,0.173059,"Правило: глубина 4; 1 операция: дальше шли 26% из 1126 узлов колен 1–3; вероятно конечный; вход 1 / 100,000 KZT; выход 0 / 0 KZT; операций 1/0; дней 1"
100000001534244100,peripheral,0.55,1,0.588507,"Правило: пороги других ролей не выполнены; вход 2 / 366,000 KZT; выход 1 / 45,000 KZT; операций 2/1; дней 2"
100000001537524100,terminal,0.74556,1,0.18033,"Правило: глубина 4; 1 операция: дальше шли 26% из 1126 узлов колен 1–3; вероятно конечный; вход 1 / 150,000 KZT; выход 0 / 0 KZT; операций 1/0; дней 1"
100000001538095100,terminal,0.84,1,0.574921,"Правило: есть вход, выхода нет в пределах обхода; вход 2 / 280,000 KZT; выход 0 / 0 KZT; операций 2/0; дней 1"
100000001541418100,terminal,0.84,1,0.544027,"Правило: есть вход, выхода нет в пределах обхода; вход 2 / 96,900 KZT; выход 0 / 0 KZT; операций 2/0; дней 2"
100000001549194100,terminal,0.81,8,0.289389,"Правило: есть вход, выхода нет в пределах обхода; вход 1 / 46,500 KZT; выход 0 / 0 KZT; операций 1/0; дней 1"
100000001550388100,terminal,0.81,0,0.294227,"Правило: есть вход, выхода нет в пределах обхода; вход 1 / 50,000 KZT; выход 0 / 0 KZT; операций 1/0; дней 1"
100000001550419100,terminal,0.81,8,0.257903,"Правило: есть вход, выхода нет в пределах обхода; вход 1 / 23,000 KZT; выход 0 / 0 KZT; операций 1/0; дней 1"
100000001554432100,terminal,0.81,6,0.298981,"Правило: есть вход, выхода нет в пределах обхода; вход 1 / 53,920 KZT; выход 0 / 0 KZT; операций 1/0; дней 1"
100000001557930100,terminal,0.81,12,0.277712,"Правило: есть вход, выхода нет в пределах обхода; вход 1 / 34,610 KZT; выход 0 / 0 KZT; операций 1/0; дней 1"
100000001567366100,terminal,0.9,2,0.580651,"Правило: есть вход, выхода нет в пределах обхода; вход 1 / 824,070 KZT; выход 0 / 0 KZT; операций 4/0; дней 4"
100000001578517100,terminal,0.81,10,0.271707,"Правило: есть вход, выхода нет в пределах обхода; вход 1 / 30,000 KZT; выход 0 / 0 KZT; операций 1/0; дней 1"
100000001584286100,terminal,0.87,9,0.637155,"Правило: есть вход, выхода нет в пределах обхода; вход 2 / 738,699 KZT; выход 0 / 0 KZT; операций 3/0; дней 2"
100000001590795100,terminal,0.74556,9,0.115693,"Правило: глубина 4; 1 операция: дальше шли 26% из 1126 узлов колен 1–3; вероятно конечный; вход 1 / 5,060 KZT; выход 0 / 0 KZT; операций 1/0; дней 1"
100000001597424100,terminal,0.81,8,0.291641,"Правило: есть вход, выхода нет в пределах обхода; вход 1 / 48,100 KZT; выход 0 / 0 KZT; операций 1/0; дней 1"
100000001597505100,peripheral,0.55,16,0.379132,"Правило: пороги других ролей не выполнены; вход 1 / 26,460 KZT; выход 1 / 12,920 KZT; операций 1/1; дней 2"
100000001598625100,terminal,0.74556,3,0.140121,"Правило: глубина 4; 1 операция: дальше шли 26% из 1126 узлов колен 1–3; вероятно конечный; вход 1 / 25,000 KZT; выход 0 / 0 KZT; операций 1/0; дней 1"
100000001600934100,peripheral,0.55,3,0.473938,"Правило: пороги других ролей не выполнены; вход 1 / 180,300 KZT; выход 1 / 11,000 KZT; операций 2/1; дней 3"
100000001601320100,transit,0.912625,13,0.666983,"Правило: есть вход и выход, отношение сумм 0,5–2; вход 2 / 43,500 KZT; выход 1 / 46,200 KZT; операций 2/1; дней 3"
100000001609499100,consolidator,0.855,0,0.760312,"Правило: 3 входа или больше, входящих ≥1,5× исходящих; вход 3 / 263,113 KZT; выход 2 / 21,000 KZT; операций 3/2; дней 5"
100000001611488100,terminal,0.87,5,0.644228,"Правило: есть вход, выхода нет в пределах обхода; вход 2 / 779,300 KZT; выход 0 / 0 KZT; операций 3/0; дней 3"
100000001616816100,consolidator,0.925,12,0.802715,"Правило: 3 входа или больше, входящих ≥1,5× исходящих; вход 5 / 176,195 KZT; выход 3 / 181,326 KZT; операций 12/10; дней 12; seed: вход неполон"
100000001632325100,terminal,0.87,7,0.470985,"Правило: есть вход, выхода нет в пределах обхода; вход 1 / 85,600 KZT; выход 0 / 0 KZT; операций 3/0; дней 2"
100000001633685100,terminal,0.87,0,0.53928,"Правило: есть вход, выхода нет в пределах обхода; вход 3 / 45,000 KZT; выход 0 / 0 KZT; операций 3/0; дней 3"
100000001637376100,peripheral,0.55,5,0.559559,"Правило: пороги других ролей не выполнены; вход 1 / 116,700 KZT; выход 1 / 234,250 KZT; операций 1/2; дней 2"
100000001639766100,terminal,0.81,12,0.252273,"Правило: есть вход, выхода нет в пределах обхода; вход 1 / 20,000 KZT; выход 0 / 0 KZT; операций 1/0; дней 1"
100000001641789100,terminal,0.81,12,0.247602,"Правило: есть вход, выхода нет в пределах обхода; вход 1 / 17,826 KZT; выход 0 / 0 KZT; операций 1/0; дней 1"
100000001641951100,terminal,0.9,6,0.417784,"Правило: есть вход, выхода нет в пределах обхода; вход 1 / 25,000 KZT; выход 0 / 0 KZT; операций 4/0; дней 4"
100000001648936100,terminal,0.81,12,0.318582,"Правило: есть вход, выхода нет в пределах обхода; вход 1 / 92,740 KZT; выход 0 / 0 KZT; операций 1/0; дней 1"
100000001650895100,peripheral,0.55,8,0.520535,"Правило: пороги других ролей не выполнены; вход 1 / 153,500 KZT; выход 1 / 10,000 KZT; операций 1/1; дней 2"
100000001660397100,distributor,0.855,0,0.783942,"Правило: ≥3 выхода, seed или исходящих ≥1,5× входящих; вход 2 / 48,600 KZT; выход 3 / 49,000 KZT; операций 2/4; дней 4"
100000001669260100,terminal,0.74556,10,0.202395,"Правило: глубина 4; 1 операция: дальше шли 26% из 1126 узлов колен 1–3; вероятно конечный; вход 1 / 500,000 KZT; выход 0 / 0 KZT; операций 1/0; дней 1"
100000001674850100,terminal,0.84,1,0.568304,"Правило: есть вход, выхода нет в пределах обхода; вход 2 / 237,000 KZT; выход 0 / 0 KZT; операций 2/0; дней 1"
100000001677389100,peripheral,0.55,14,0.393255,"Правило: пороги других ролей не выполнены; вход 1 / 11,000 KZT; выход 1 / 5,400 KZT; операций 1/1; дней 2"
100000001677929100,consolidator,0.855,13,0.779351,"Правило: 3 входа или больше, входящих ≥1,5× исходящих; вход 3 / 126,777 KZT; выход 2 / 286,098 KZT; операций 3/4; дней 6"
100000001680944100,terminal,0.81,1,0.367709,"Правило: есть вход, выхода нет в пределах обхода; вход 1 / 393,000 KZT; выход 0 / 0 KZT; операций 1/0; дней 1"
100000001684867100,terminal,0.81,2,0.273375,"Правило: есть вход, выхода нет в пределах обхода; вход 1 / 30,550 KZT; выход 0 / 0 KZT; операций 1/0; дней 1"
100000001686328100,terminal,0.81,1,0.333011,"Правило: есть вход, выхода нет в пределах обхода; вход 1 / 140,000 KZT; выход 0 / 0 KZT; операций 1/0; дней 1"
100000001688676100,terminal,0.81,19,0.331843,"Правило: есть вход, выхода нет в пределах обхода; вход 1 / 133,700 KZT; выход 0 / 0 KZT; операций 1/0; дней 1"
100000001689968100,terminal,0.87,14,0.639869,"Правило: есть вход, выхода нет в пределах обхода; вход 3 / 344,334 KZT; выход 0 / 0 KZT; операций 3/0; дней 3"
100000001690439100,terminal,0.81,0,0.237885,"Правило: есть вход, выхода нет в пределах обхода; вход 1 / 14,200 KZT; выход 0 / 0 KZT; операций 1/0; дней 1"
100000001690558100,terminal,0.81,19,0.382639,"Правило: есть вход, выхода нет в пределах обхода; вход 1 / 740,000 KZT; выход 0 / 0 KZT; операций 1/0; дней 1"
100000001696818100,terminal,0.81,16,0.298647,"Правило: есть вход, выхода нет в пределах обхода; вход 1 / 53,550 KZT; выход 0 / 0 KZT; операций 1/0; дней 1"
100000001697501100,distributor,0.96,4,0.857098,"Правило: ≥3 выхода, seed или исходящих ≥1,5× входящих; вход 3 / 123,700 KZT; выход 38 / 1,482,606 KZT; операций 3/55; дней 24"
100000001703168100,transit,0.72,0,0.674981,"Правило: есть вход и выход, отношение сумм 0,5–2; вход 1 / 45,000 KZT; выход 1 / 90,000 KZT; операций 1/1; дней 2"
100000001714173100,terminal,0.9,1,0.575646,"Правило: есть вход, выхода нет в пределах обхода; вход 1 / 638,905 KZT; выход 0 / 0 KZT; операций 6/0; дней 3"
100000001714413100,terminal,0.81,5,0.354864,"Правило: есть вход, выхода нет в пределах обхода; вход 1 / 250,172 KZT; выход 0 / 0 KZT; операций 1/0; дней 1"
100000001714883100,terminal,0.74556,9,0.117712,"Правило: глубина 4; 1 операция: дальше шли 26% из 1126 узлов колен 1–3; вероятно конечный; вход 1 / 6,900 KZT; выход 0 / 0 KZT; операций 1/0; дней 1"
100000001716579100,terminal,0.81,4,0.236759,"Правило: есть вход, выхода нет в пределах обхода; вход 1 / 13,916 KZT; выход 0 / 0 KZT; операций 1/0; дней 1"
100000001724740100,peripheral,0.4,1,0.212676,"Правило: глубина 4; 3–5 операций: дальше шли 61% из 211 узлов колен 1–3; продолжение неясно; вход 1 / 185,000 KZT; выход 0 / 0 KZT; операций 4/0; дней 2"
100000001726614100,terminal,0.81,3,0.332594,"Правило: есть вход, выхода нет в пределах обхода; вход 1 / 138,717 KZT; выход 0 / 0 KZT; операций 1/0; дней 1"
100000001732159100,distributor,0.89,35,0.806425,"Правило: ≥3 выхода, seed или исходящих ≥1,5× входящих; вход 2 / 2,378,100 KZT; выход 4 / 1,505,966 KZT; операций 30/23; дней 18; seed: вход неполон"
100000001733216100,peripheral,0.4,0,0.167872,"Правило: глубина 4; 2 операции: дальше шли 44% из 257 узлов колен 1–3; продолжение неясно; вход 1 / 60,000 KZT; выход 0 / 0 KZT; операций 2/0; дней 1"
100000001733687100,terminal,0.81,1,0.359868,"Правило: есть вход, выхода нет в пределах обхода; вход 1 / 300,000 KZT; выход 0 / 0 KZT; операций 1/0; дней 1"
100000001737722100,terminal,0.81,16,0.303652,"Правило: есть вход, выхода нет в пределах обхода; вход 1 / 60,460 KZT; выход 0 / 0 KZT; операций 1/0; дней 1"
100000001740277100,transit,0.760183,13,0.486952,"Правило: есть вход и выход, отношение сумм 0,5–2; вход 1 / 8,700 KZT; выход 1 / 5,000 KZT; операций 1/1; дней 2"
100000001745217100,terminal,0.81,3,0.294227,"Правило: есть вход, выхода нет в пределах обхода; вход 1 / 50,000 KZT; выход 0 / 0 KZT; операций 1/0; дней 1"
100000001746925100,peripheral,0.55,6,0.500451,"Правило: пороги других ролей не выполнены; вход 1 / 65,250 KZT; выход 1 / 5,000 KZT; операций 1/1; дней 2"
100000001782980100,peripheral,0.55,24,0.52832,"Правило: пороги других ролей не выполнены; вход 1 / 50,000 KZT; выход 1 / 596,200 KZT; операций 1/3; дней 4"
100000001784279100,terminal,0.81,3,0.279297,"Правило: есть вход, выхода нет в пределах обхода; вход 1 / 35,674 KZT; выход 0 / 0 KZT; операций 1/0; дней 1"
100000001785161100,terminal,0.84,25,0.478524,"Правило: есть вход, выхода нет в пределах обхода; вход 2 / 30,000 KZT; выход 0 / 0 KZT; операций 2/0; дней 2"
100000001788284100,distributor,0.925,22,0.861627,"Правило: ≥3 выхода, seed или исходящих ≥1,5× входящих; вход 1 / 8,000 KZT; выход 5 / 296,700 KZT; операций 1/8; дней 6"
100000001805543100,terminal,0.81,2,0.302067,"Правило: есть вход, выхода нет в пределах обхода; вход 1 / 59,000 KZT; выход 0 / 0 KZT; операций 1/0; дней 1"
100000001808684100,transit,0.867911,12,0.638866,"Правило: есть вход и выход, отношение сумм 0,5–2; вход 1 / 48,400 KZT; выход 1 / 37,700 KZT; операций 3/2; дней 4"
100000001816678100,terminal,0.74556,0,0.16221,"Правило: глубина 4; 1 операция: дальше шли 26% из 1126 узлов колен 1–3; вероятно конечный; вход 1 / 60,000 KZT; выход 0 / 0 KZT; операций 1/0; дней 1"
100000001818442100,terminal,0.81,8,0.285385,"Правило: есть вход, выхода нет в пределах обхода; вход 1 / 42,215 KZT; выход 0 / 0 KZT; операций 1/0; дней 1"
100000001819396100,terminal,0.81,23,0.340518,"Правило: есть вход, выхода нет в пределах обхода; вход 1 / 166,080 KZT; выход 0 / 0 KZT; операций 1/0; дней 1"
100000001822623100,terminal,0.81,20,0.347941,"Правило: есть вход, выхода нет в пределах обхода; вход 1 / 201,300 KZT; выход 0 / 0 KZT; операций 1/0; дней 1"
100000001822650100,terminal,0.74556,1,0.17549,"Правило: глубина 4; 1 операция: дальше шли 26% из 1126 узлов колен 1–3; вероятно конечный; вход 1 / 112,000 KZT; выход 0 / 0 KZT; операций 1/0; дней 1"
100000001825934100,peripheral,0.55,16,0.445524,"Правило: пороги других ролей не выполнены; вход 1 / 40,000 KZT; выход 1 / 97,000 KZT; операций 1/1; дней 2"
100000001831496100,peripheral,0.55,6,0.493511,"Правило: пороги других ролей не выполнены; вход 1 / 25,000 KZT; выход 1 / 373,000 KZT; операций 1/1; дней 2"
100000001835625100,terminal,0.81,5,0.309991,"Правило: есть вход, выхода нет в пределах обхода; вход 1 / 75,130 KZT; выход 0 / 0 KZT; операций 1/0; дней 1"
100000001837130100,terminal,0.81,3,0.342269,"Правило: есть вход, выхода нет в пределах обхода; вход 1 / 172,900 KZT; выход 0 / 0 KZT; операций 1/0; дней 1"
100000001845505100,terminal,0.74556,3,0.134364,"Правило: глубина 4; 1 операция: дальше шли 26% из 1126 узлов колен 1–3; вероятно конечный; вход 1 / 20,000 KZT; выход 0 / 0 KZT; операций 1/0; дней 1"
100000001848426100,terminal,0.81,12,0.320417,"Правило: есть вход, выхода нет в пределах обхода; вход 1 / 95,530 KZT; выход 0 / 0 KZT; операций 1/0; дней 1"
100000001851289100,terminal,0.87,2,0.46746,"Правило: есть вход, выхода нет в пределах обхода; вход 1 / 109,510 KZT; выход 0 / 0 KZT; операций 3/0; дней 1"
100000001852140100,terminal,0.81,42,0.271707,"Правило: есть вход, выхода нет в пределах обхода; вход 1 / 30,000 KZT; выход 0 / 0 KZT; операций 1/0; дней 1"
100000001853812100,terminal,0.81,3,0.307697,"Правило: есть вход, выхода нет в пределах обхода; вход 1 / 70,000 KZT; выход 0 / 0 KZT; операций 1/0; дней 1"
100000001857829100,distributor,0.96,15,0.946967,"Правило: ≥3 выхода, seed или исходящих ≥1,5× входящих; вход 6 / 888,535 KZT; выход 16 / 2,390,993 KZT; операций 9/16; дней 9"
100000001860090100,terminal,0.81,12,0.216908,"Правило: есть вход, выхода нет в пределах обхода; вход 1 / 5,000 KZT; выход 0 / 0 KZT; операций 1/0; дней 1"
100000001870116100,terminal,0.81,4,0.260447,"Правило: есть вход, выхода нет в пределах обхода; вход 1 / 24,000 KZT; выход 0 / 0 KZT; операций 1/0; дней 1"
100000001872484100,distributor,0.855,41,0.799455,"Правило: ≥3 выхода, seed или исходящих ≥1,5× входящих; вход 1 / 871,400 KZT; выход 3 / 514,580 KZT; операций 13/9; дней 18"
100000001875167100,terminal,0.84,5,0.538867,"Правило: есть вход, выхода нет в пределах обхода; вход 1 / 1,000,000 KZT; выход 0 / 0 KZT; операций 2/0; дней 1"
100000001875239100,terminal,0.87,1,0.64117,"Правило: есть вход, выхода нет в пределах обхода; вход 3 / 712,000 KZT; выход 0 / 0 KZT; операций 3/0; дней 1"
100000001884825100,terminal,0.87,1,0.650034,"Правило: есть вход, выхода нет в пределах обхода; вход 3 / 495,000 KZT; выход 0 / 0 KZT; операций 3/0; дней 2"
100000001887715100,consolidator,0.795,1,0.833314,"Правило: 3 входа или больше, входящих ≥1,5× исходящих; вход 3 / 1,331,500 KZT; выход 1 / 750,000 KZT; операций 4/1; дней 1"
100000001893287100,peripheral,0.55,12,0.490931,"Правило: пороги других ролей не выполнены; вход 1 / 18,000 KZT; выход 1 / 152,700 KZT; операций 3/14; дней 12"
100000001899164100,peripheral,0.55,11,0.645802,"Правило: пороги других ролей не выполнены; вход 4 / 291,675 KZT; выход 3 / 76,500 KZT; операций 5/3; дней 6"
100000001904863100,terminal,0.81,12,0.375966,"Правило: есть вход, выхода нет в пределах обхода; вход 1 / 500,000 KZT; выход 0 / 0 KZT; операций 1/0; дней 1"
100000001924185100,terminal,0.84,6,0.565157,"Правило: есть вход, выхода нет в пределах обхода; вход 2 / 151,000 KZT; выход 0 / 0 KZT; операций 2/0; дней 2"
100000001927599100,terminal,0.84,8,0.557294,"Правило: есть вход, выхода нет в пределах обхода; вход 2 / 188,000 KZT; выход 0 / 0 KZT; операций 2/0; дней 1"
100000001929088100,terminal,0.84,13,0.606972,"Правило: есть вход, выхода нет в пределах обхода; вход 2 / 396,010 KZT; выход 0 / 0 KZT; операций 2/0; дней 2"
100000001934935100,terminal,0.81,0,0.329008,"Правило: есть вход, выхода нет в пределах обхода; вход 1 / 118,935 KZT; выход 0 / 0 KZT; операций 1/0; дней 1"
100000001937767100,distributor,0.89,12,0.881303,"Правило: ≥3 выхода, seed или исходящих ≥1,5× входящих; вход 1 / 53,000 KZT; выход 4 / 1,933,000 KZT; операций 1/6; дней 4"
100000001952325100,terminal,0.84,4,0.454703,"Правило: есть вход, выхода нет в пределах обхода; вход 1 / 77,888 KZT; выход 0 / 0 KZT; операций 2/0; дней 2"
100000001953577100,terminal,0.81,4,0.242264,"Правило: есть вход, выхода нет в пределах обхода; вход 1 / 15,600 KZT; выход 0 / 0 KZT; операций 1/0; дней 1"
100000001954534100,peripheral,0.55,3,0.464986,"Правило: пороги других ролей не выполнены; вход 1 / 13,000 KZT; выход 1 / 40,000 KZT; операций 1/1; дней 2"
100000001954903100,terminal,0.81,9,0.267953,"Правило: есть вход, выхода нет в пределах обхода; вход 1 / 27,118 KZT; выход 0 / 0 KZT; операций 1/0; дней 1"
100000001957974100,terminal,0.74556,8,0.202395,"Правило: глубина 4; 1 операция: дальше шли 26% из 1126 узлов колен 1–3; вероятно конечный; вход 1 / 500,000 KZT; выход 0 / 0 KZT; операций 1/0; дней 1"
100000001960517100,terminal,0.81,12,0.347149,"Правило: есть вход, выхода нет в пределах обхода; вход 1 / 200,000 KZT; выход 0 / 0 KZT; операций 1/0; дней 1"
100000001961048100,terminal,0.81,25,0.335847,"Правило: есть вход, выхода нет в пределах обхода; вход 1 / 150,000 KZT; выход 0 / 0 KZT; операций 1/0; дней 1"
100000001965374100,distributor,0.855,11,0.812812,"Правило: ≥3 выхода, seed или исходящих ≥1,5× входящих; вход 2 / 1,759,720 KZT; выход 3 / 3,082,100 KZT; операций 8/5; дней 9"
100000001969496100,terminal,0.81,8,0.25736,"Правило: есть вход, выхода нет в пределах обхода; вход 1 / 22,740 KZT; выход 0 / 0 KZT; операций 1/0; дней 1"
100000001985793100,terminal,0.81,12,0.369919,"Правило: есть вход, выхода нет в пределах обхода; вход 1 / 420,000 KZT; выход 0 / 0 KZT; операций 1/0; дней 1"
100000001987030100,transit,0.790015,12,0.681369,"Правило: есть вход и выход, отношение сумм 0,5–2; вход 2 / 30,864 KZT; выход 1 / 19,000 KZT; операций 2/1; дней 3"
100000001991973100,terminal,0.74556,9,0.135878,"Правило: глубина 4; 1 операция: дальше шли 26% из 1126 узлов колен 1–3; вероятно конечный; вход 1 / 20,800 KZT; выход 0 / 0 KZT; операций 1/0; дней 1"
100000002015633100,terminal,0.81,5,0.319833,"Правило: есть вход, выхода нет в пределах обхода; вход 1 / 94,970 KZT; выход 0 / 0 KZT; операций 1/0; дней 1"
100000002028158100,terminal,0.81,2,0.277879,"Правило: есть вход, выхода нет в пределах обхода; вход 1 / 34,800 KZT; выход 0 / 0 KZT; операций 1/0; дней 1"
100000002032323100,peripheral,0.55,27,0.603398,"Правило: пороги других ролей не выполнены; вход 1 / 300,000 KZT; выход 1 / 1,050,000 KZT; операций 1/2; дней 2"
100000002087788100,terminal,0.81,5,0.323753,"Правило: есть вход, выхода нет в пределах обхода; вход 1 / 100,500 KZT; выход 0 / 0 KZT; операций 1/0; дней 1"
100000002095257100,terminal,0.81,11,0.224415,"Правило: есть вход, выхода нет в пределах обхода; вход 1 / 8,500 KZT; выход 0 / 0 KZT; операций 1/0; дней 1"
100000002103448100,terminal,0.81,7,0.267411,"Правило: есть вход, выхода нет в пределах обхода; вход 1 / 27,000 KZT; выход 0 / 0 KZT; операций 1/0; дней 1"
100000002109656100,terminal,0.81,9,0.375966,"Правило: есть вход, выхода нет в пределах обхода; вход 1 / 500,000 KZT; выход 0 / 0 KZT; операций 1/0; дней 1"
100000002116705100,terminal,0.81,7,0.247268,"Правило: есть вход, выхода нет в пределах обхода; вход 1 / 17,600 KZT; выход 0 / 0 KZT; операций 1/0; дней 1"
100000002119762100,peripheral,0.4,5,0.19336,"Правило: глубина 4; 6+ операций: дальше шли 83% из 129 узлов колен 1–3; вероятно продолжение; вход 1 / 77,000 KZT; выход 0 / 0 KZT; операций 6/0; дней 3"
100000002121357100,peripheral,0.55,1,0.597993,"Правило: пороги других ролей не выполнены; вход 2 / 255,300 KZT; выход 1 / 113,000 KZT; операций 2/1; дней 3"
100000002126791100,peripheral,0.4,1,0.2485,"Правило: глубина 4; 3–5 операций: дальше шли 61% из 211 узлов колен 1–3; продолжение неясно; вход 1 / 1,313,000 KZT; выход 0 / 0 KZT; операций 3/0; дней 3"
100000002130400100,terminal,0.74556,16,0.121382,"Правило: глубина 4; 1 операция: дальше шли 26% из 1126 узлов колен 1–3; вероятно конечный; вход 1 / 10,000 KZT; выход 0 / 0 KZT; операций 1/0; дней 1"
100000002132479100,transit,0.813007,8,0.588778,"Правило: есть вход и выход, отношение сумм 0,5–2; вход 1 / 30,000 KZT; выход 1 / 20,000 KZT; операций 2/1; дней 3"
100000002152857100,distributor,0.925,12,0.816943,"Правило: ≥3 выхода, seed или исходящих ≥1,5× входящих; вход 1 / 105,000 KZT; выход 5 / 1,230,000 KZT; операций 1/6; дней 5"
100000002156381100,peripheral,0.55,29,0.544523,"Правило: пороги других ролей не выполнены; вход 2 / 61,000 KZT; выход 1 / 21,800 KZT; операций 7/3; дней 8"
100000002158488100,terminal,0.81,4,0.274959,"Правило: есть вход, выхода нет в пределах обхода; вход 1 / 31,723 KZT; выход 0 / 0 KZT; операций 1/0; дней 1"
100000002170580100,terminal,0.81,9,0.335847,"Правило: есть вход, выхода нет в пределах обхода; вход 1 / 150,000 KZT; выход 0 / 0 KZT; операций 1/0; дней 1"
100000002173070100,terminal,0.81,10,0.271707,"Правило: есть вход, выхода нет в пределах обхода; вход 1 / 30,000 KZT; выход 0 / 0 KZT; операций 1/0; дней 1"
100000002173161100,terminal,0.9,1,0.687624,"Правило: есть вход, выхода нет в пределах обхода; вход 3 / 1,427,500 KZT; выход 0 / 0 KZT; операций 5/0; дней 3"
100000002175422100,distributor,0.96,26,0.930185,"Правило: ≥3 выхода, seed или исходящих ≥1,5× входящих; вход 3 / 68,500 KZT; выход 6 / 1,621,188 KZT; операций 5/14; дней 11"
100000002182176100,terminal,0.81,0,0.285552,"Правило: есть вход, выхода нет в пределах обхода; вход 1 / 42,465 KZT; выход 0 / 0 KZT; операций 1/0; дней 1"
100000002184107100,terminal,0.81,14,0.221037,"Правило: есть вход, выхода нет в пределах обхода; вход 1 / 6,066 KZT; выход 0 / 0 KZT; операций 1/0; дней 1"
100000002185328100,distributor,0.89,10,0.767391,"Правило: ≥3 выхода, seed или исходящих ≥1,5× входящих; вход 1 / 15,000 KZT; выход 4 / 55,000 KZT; операций 1/4; дней 5"
100000002188586100,terminal,0.74556,8,0.150558,"Правило: глубина 4; 1 операция: дальше шли 26% из 1126 узлов колен 1–3; вероятно конечный; вход 1 / 38,310 KZT; выход 0 / 0 KZT; операций 1/0; дней 1"
100000002188829100,terminal,0.81,6,0.368709,"Правило: есть вход, выхода нет в пределах обхода; вход 1 / 400,000 KZT; выход 0 / 0 KZT; операций 1/0; дней 1"
100000002193259100,distributor,0.855,11,0.779427,"Правило: ≥3 выхода, seed или исходящих ≥1,5× входящих; вход 2 / 48,000 KZT; выход 3 / 58,000 KZT; операций 2/3; дней 4"
100000002194320100,terminal,0.74556,2,0.191959,"Правило: глубина 4; 1 операция: дальше шли 26% из 1126 узлов колен 1–3; вероятно конечный; вход 1 / 275,000 KZT; выход 0 / 0 KZT; операций 1/0; дней 1"
100000002194329100,terminal,0.81,0,0.26395,"Правило: есть вход, выхода нет в пределах обхода; вход 1 / 25,170 KZT; выход 0 / 0 KZT; операций 1/0; дней 1"
100000002199091100,terminal,0.81,4,0.30532,"Правило: есть вход, выхода нет в пределах обхода; вход 1 / 65,000 KZT; выход 0 / 0 KZT; операций 1/0; дней 1"
100000002205022100,distributor,0.855,10,0.847098,"Правило: ≥3 выхода, seed или исходящих ≥1,5× входящих; вход 1 / 7,100 KZT; выход 3 / 518,000 KZT; операций 1/3; дней 4"
100000002208836100,terminal,0.74556,5,0.170123,"Правило: глубина 4; 1 операция: дальше шли 26% из 1126 узлов колен 1–3; вероятно конечный; вход 1 / 90,000 KZT; выход 0 / 0 KZT; операций 1/0; дней 1"
100000002211413100,terminal,0.81,4,0.280298,"Правило: есть вход, выхода нет в пределах обхода; вход 1 / 37,000 KZT; выход 0 / 0 KZT; операций 1/0; дней 1"
100000002212494100,terminal,0.81,26,0.339016,"Правило: есть вход, выхода нет в пределах обхода; вход 1 / 160,000 KZT; выход 0 / 0 KZT; операций 1/0; дней 1"
100000002214207100,terminal,0.74556,16,0.172141,"Правило: глубина 4; 1 операция: дальше шли 26% из 1126 узлов колен 1–3; вероятно конечный; вход 1 / 97,000 KZT; выход 0 / 0 KZT; операций 1/0; дней 1"
100000002214301100,peripheral,0.55,0,0.443834,"Правило: пороги других ролей не выполнены; вход 1 / 21,438 KZT; выход 1 / 8,000 KZT; операций 1/1; дней 2"
100000002214383100,terminal,0.74556,7,0.187486,"Правило: глубина 4; 1 операция: дальше шли 26% из 1126 узлов колен 1–3; вероятно конечный; вход 1 / 213,000 KZT; выход 0 / 0 KZT; операций 1/0; дней 1"
100000002214570100,terminal,0.81,4,0.266619,"Правило: есть вход, выхода нет в пределах обхода; вход 1 / 26,471 KZT; выход 0 / 0 KZT; операций 1/0; дней 1"
100000002214664100,peripheral,0.55,7,0.409403,"Правило: пороги других ролей не выполнены; вход 1 / 7,950 KZT; выход 1 / 76,950 KZT; операций 1/2; дней 1"
100000002216999100,terminal,0.81,7,0.259529,"Правило: есть вход, выхода нет в пределах обхода; вход 1 / 23,677 KZT; выход 0 / 0 KZT; операций 1/0; дней 1"
100000002217161100,distributor,0.96,14,0.930085,"Правило: ≥3 выхода, seed или исходящих ≥1,5× входящих; вход 2 / 404,750 KZT; выход 7 / 995,132 KZT; операций 15/19; дней 21"
100000002217806100,peripheral,0.4,2,0.175744,"Правило: глубина 4; 2 операции: дальше шли 44% из 257 узлов колен 1–3; продолжение неясно; вход 1 / 55,000 KZT; выход 0 / 0 KZT; операций 2/0; дней 2"
100000002224132100,peripheral,0.55,11,0.704287,"Правило: пороги других ролей не выполнены; вход 5 / 3,951,020 KZT; выход 4 / 12,115,000 KZT; операций 10/25; дней 15"
100000002227960100,terminal,0.74556,10,0.121382,"Правило: глубина 4; 1 операция: дальше шли 26% из 1126 узлов колен 1–3; вероятно конечный; вход 1 / 10,000 KZT; выход 0 / 0 KZT; операций 1/0; дней 1"
100000002227989100,terminal,0.74556,10,0.134364,"Правило: глубина 4; 1 операция: дальше шли 26% из 1126 узлов колен 1–3; вероятно конечный; вход 1 / 20,000 KZT; выход 0 / 0 KZT; операций 1/0; дней 1"
100000002229615100,terminal,0.74556,10,0.140121,"Правило: глубина 4; 1 операция: дальше шли 26% из 1126 узлов колен 1–3; вероятно конечный; вход 1 / 25,000 KZT; выход 0 / 0 KZT; операций 1/0; дней 1"
100000002231144100,terminal,0.74556,10,0.127552,"Правило: глубина 4; 1 операция: дальше шли 26% из 1126 узлов колен 1–3; вероятно конечный; вход 1 / 15,000 KZT; выход 0 / 0 KZT; операций 1/0; дней 1"
100000002232266100,terminal,0.81,3,0.288013,"Правило: есть вход, выхода нет в пределах обхода; вход 1 / 45,000 KZT; выход 0 / 0 KZT; операций 1/0; дней 1"
100000002236528100,terminal,0.81,0,0.305904,"Правило: есть вход, выхода нет в пределах обхода; вход 1 / 66,000 KZT; выход 0 / 0 KZT; операций 1/0; дней 1"
100000002241986100,distributor,0.96,5,0.930208,"Правило: ≥3 выхода, seed или исходящих ≥1,5× входящих; вход 1 / 280,000 KZT; выход 6 / 3,077,000 KZT; операций 1/12; дней 12"
100000002242066100,terminal,0.74556,14,0.16221,"Правило: глубина 4; 1 операция: дальше шли 26% из 1126 узлов колен 1–3; вероятно конечный; вход 1 / 60,000 KZT; выход 0 / 0 KZT; операций 1/0; дней 1"
100000002242455100,terminal,0.74556,5,0.175054,"Правило: глубина 4; 1 операция: дальше шли 26% из 1126 узлов колен 1–3; вероятно конечный; вход 1 / 110,000 KZT; выход 0 / 0 KZT; операций 1/0; дней 1"
100000002243354100,terminal,0.81,4,0.255108,"Правило: есть вход, выхода нет в пределах обхода; вход 1 / 20,879 KZT; выход 0 / 0 KZT; операций 1/0; дней 1"
100000002255058100,terminal,0.84,10,0.540112,"Правило: есть вход, выхода нет в пределах обхода; вход 1 / 491,500 KZT; выход 0 / 0 KZT; операций 2/0; дней 2"
100000002257794100,terminal,0.81,21,0.337724,"Правило: есть вход, выхода нет в пределах обхода; вход 1 / 154,000 KZT; выход 0 / 0 KZT; операций 1/0; дней 1"
100000002258492100,terminal,0.74556,18,0.119455,"Правило: глубина 4; 1 операция: дальше шли 26% из 1126 узлов колен 1–3; вероятно конечный; вход 1 / 9,000 KZT; выход 0 / 0 KZT; операций 1/0; дней 1"
100000002267998100,distributor,0.855,20,0.88254,"Правило: ≥3 выхода, seed или исходящих ≥1,5× входящих; вход 2 / 420,000 KZT; выход 3 / 1,115,000 KZT; операций 4/12; дней 12"
100000002284426100,terminal,0.84,5,0.4631,"Правило: есть вход, выхода нет в пределах обхода; вход 1 / 90,000 KZT; выход 0 / 0 KZT; операций 2/0; дней 2"
100000002289937100,terminal,0.81,4,0.252273,"Правило: есть вход, выхода нет в пределах обхода; вход 1 / 20,000 KZT; выход 0 / 0 KZT; операций 1/0; дней 1"
100000002293421100,transit,0.900593,10,0.757198,"Правило: есть вход и выход, отношение сумм 0,5–2; вход 2 / 41,000 KZT; выход 2 / 47,000 KZT; операций 6/5; дней 8"
100000002299948100,terminal,0.81,16,0.221787,"Правило: есть вход, выхода нет в пределах обхода; вход 1 / 6,750 KZT; выход 0 / 0 KZT; операций 1/0; дней 1"
100000002301828100,terminal,0.81,14,0.289889,"Правило: есть вход, выхода нет в пределах обхода; вход 1 / 46,977 KZT; выход 0 / 0 KZT; операций 1/0; дней 1"
100000002304943100,terminal,0.74556,10,0.127552,"Правило: глубина 4; 1 операция: дальше шли 26% из 1126 узлов колен 1–3; вероятно конечный; вход 1 / 15,000 KZT; выход 0 / 0 KZT; операций 1/0; дней 1"
100000002305007100,terminal,0.81,7,0.300816,"Правило: есть вход, выхода нет в пределах обхода; вход 1 / 56,000 KZT; выход 0 / 0 KZT; операций 1/0; дней 1"
100000002305477100,terminal,0.74556,10,0.134364,"Правило: глубина 4; 1 операция: дальше шли 26% из 1126 узлов колен 1–3; вероятно конечный; вход 1 / 20,000 KZT; выход 0 / 0 KZT; операций 1/0; дней 1"
100000002306369100,distributor,0.96,0,0.858911,"Правило: ≥3 выхода, seed или исходящих ≥1,5× входящих; вход 1 / 73,166 KZT; выход 6 / 260,900 KZT; операций 1/9; дней 5"
100000002308091100,terminal,0.81,9,0.344021,"Правило: есть вход, выхода нет в пределах обхода; вход 1 / 186,720 KZT; выход 0 / 0 KZT; операций 1/0; дней 1"
100000002320495100,terminal,0.74556,14,0.125648,"Правило: глубина 4; 1 операция: дальше шли 26% из 1126 узлов колен 1–3; вероятно конечный; вход 1 / 13,526 KZT; выход 0 / 0 KZT; операций 1/0; дней 1"
100000002324543100,terminal,0.81,13,0.273125,"Правило: есть вход, выхода нет в пределах обхода; вход 1 / 30,202 KZT; выход 0 / 0 KZT; операций 1/0; дней 1"
100000002335358100,terminal,0.84,2,0.484063,"Правило: есть вход, выхода нет в пределах обхода; вход 1 / 140,000 KZT; выход 0 / 0 KZT; операций 2/0; дней 2"
100000002340562100,terminal,0.84,13,0.413444,"Правило: есть вход, выхода нет в пределах обхода; вход 1 / 36,650 KZT; выход 0 / 0 KZT; операций 2/0; дней 2"
100000002343825100,consolidator,0.835,1,0.841956,"Правило: 3 входа или больше, входящих ≥1,5× исходящих; вход 3 / 350,000 KZT; выход 2 / 89,800 KZT; операций 4/2; дней 3"
100000002346166100,terminal,0.81,7,0.220536,"Правило: есть вход, выхода нет в пределах обхода; вход 1 / 6,000 KZT; выход 0 / 0 KZT; операций 1/0; дней 1"
100000002356167100,peripheral,0.55,5,0.59648,"Правило: пороги других ролей не выполнены; вход 1 / 300,000 KZT; выход 2 / 29,500 KZT; операций 1/3; дней 3"
100000002369443100,terminal,0.81,7,0.294227,"Правило: есть вход, выхода нет в пределах обхода; вход 1 / 50,000 KZT; выход 0 / 0 KZT; операций 1/0; дней 1"
100000002369454100,terminal,0.74556,3,0.140121,"Правило: глубина 4; 1 операция: дальше шли 26% из 1126 узлов колен 1–3; вероятно конечный; вход 1 / 25,000 KZT; выход 0 / 0 KZT; операций 1/0; дней 1"
100000002369510100,terminal,0.81,7,0.280506,"Правило: есть вход, выхода нет в пределах обхода; вход 1 / 37,150 KZT; выход 0 / 0 KZT; операций 1/0; дней 1"
100000002369874100,terminal,0.9,1,0.657742,"Правило: есть вход, выхода нет в пределах обхода; вход 4 / 600,000 KZT; выход 0 / 0 KZT; операций 4/0; дней 1"
100000002371751100,transit,0.875614,43,0.717743,"Правило: есть вход и выход, отношение сумм 0,5–2; вход 1 / 200,000 KZT; выход 1 / 250,000 KZT; операций 5/1; дней 4"
100000002371892100,terminal,0.74556,2,0.153035,"Правило: глубина 4; 1 операция: дальше шли 26% из 1126 узлов колен 1–3; вероятно конечный; вход 1 / 43,830 KZT; выход 0 / 0 KZT; операций 1/0; дней 1"
100000002373144100,peripheral,0.55,3,0.469156,"Правило: пороги других ролей не выполнены; вход 1 / 46,468 KZT; выход 1 / 10,764 KZT; операций 1/1; дней 2"
100000002373386100,terminal,0.81,7,0.260447,"Правило: есть вход, выхода нет в пределах обхода; вход 1 / 24,000 KZT; выход 0 / 0 KZT; операций 1/0; дней 1"
100000002380341100,terminal,0.81,0,0.301316,"Правило: есть вход, выхода нет в пределах обхода; вход 1 / 57,566 KZT; выход 0 / 0 KZT; операций 1/0; дней 1"
100000002391278100,transit,0.777432,12,0.618074,"Правило: есть вход и выход, отношение сумм 0,5–2; вход 1 / 30,000 KZT; выход 1 / 52,700 KZT; операций 5/2; дней 6"
100000002394199100,peripheral,0.55,13,0.503453,"Правило: пороги других ролей не выполнены; вход 1 / 277,398 KZT; выход 1 / 76,777 KZT; операций 3/1; дней 3"
100000002398779100,consolidator,0.96,0,0.920497,"Правило: 3 входа или больше, входящих ≥1,5× исходящих; вход 13 / 1,095,690 KZT; выход 1 / 66,000 KZT; операций 28/3; дней 5"
100000002404112100,terminal,0.74556,23,0.16221,"Правило: глубина 4; 1 операция: дальше шли 26% из 1126 узлов колен 1–3; вероятно конечный; вход 1 / 60,000 KZT; выход 0 / 0 KZT; операций 1/0; дней 1"
100000002432143100,terminal,0.81,0,0.312243,"Правило: есть вход, выхода нет в пределах обхода; вход 1 / 81,310 KZT; выход 0 / 0 KZT; операций 1/0; дней 1"
100000002433697100,transit,0.861798,5,0.715577,"Правило: есть вход и выход, отношение сумм 0,5–2; вход 1 / 130,000 KZT; выход 1 / 110,000 KZT; операций 1/1; дней 1"
100000002435265100,terminal,0.87,0,0.498744,"Правило: есть вход, выхода нет в пределах обхода; вход 1 / 132,628 KZT; выход 0 / 0 KZT; операций 3/0; дней 3"
100000002443664100,terminal,0.87,1,0.636054,"Правило: есть вход, выхода нет в пределах обхода; вход 3 / 556,880 KZT; выход 0 / 0 KZT; операций 3/0; дней 1"
100000002445750100,peripheral,0.55,0,0.483002,"Правило: пороги других ролей не выполнены; вход 1 / 70,000 KZT; выход 1 / 10,000 KZT; операций 1/1; дней 2"
100000002448088100,consolidator,0.815,10,0.702393,"Правило: 3 входа или больше, входящих ≥1,5× исходящих; вход 3 / 20,000 KZT; выход 1 / 25,000 KZT; операций 3/1; дней 2"
100000002454724100,terminal,0.87,25,0.496909,"Правило: есть вход, выхода нет в пределах обхода; вход 1 / 125,000 KZT; выход 0 / 0 KZT; операций 3/0; дней 3"
100000002457464100,terminal,0.81,16,0.306237,"Правило: есть вход, выхода нет в пределах обхода; вход 1 / 66,647 KZT; выход 0 / 0 KZT; операций 1/0; дней 1"
100000002459093100,peripheral,0.55,12,0.526096,"Правило: пороги других ролей не выполнены; вход 1 / 500,000 KZT; выход 1 / 55,000 KZT; операций 2/3; дней 4"
100000002459163100,terminal,0.81,41,0.254441,"Правило: есть вход, выхода нет в пределах обхода; вход 1 / 20,180 KZT; выход 0 / 0 KZT; операций 1/0; дней 1"
100000002459164100,terminal,0.81,14,0.252273,"Правило: есть вход, выхода нет в пределах обхода; вход 1 / 20,000 KZT; выход 0 / 0 KZT; операций 1/0; дней 1"
100000002459240100,terminal,0.81,5,0.335847,"Правило: есть вход, выхода нет в пределах обхода; вход 1 / 150,000 KZT; выход 0 / 0 KZT; операций 1/0; дней 1"
100000002459832100,terminal,0.84,10,0.630771,"Правило: есть вход, выхода нет в пределах обхода; вход 2 / 880,606 KZT; выход 0 / 0 KZT; операций 2/0; дней 2"
100000002462183100,terminal,0.87,36,0.490514,"Правило: есть вход, выхода нет в пределах обхода; вход 1 / 107,500 KZT; выход 0 / 0 KZT; операций 3/0; дней 3"
100000002469065100,terminal,0.81,10,0.347149,"Правило: есть вход, выхода нет в пределах обхода; вход 1 / 200,000 KZT; выход 0 / 0 KZT; операций 1/0; дней 1"
100000002472632100,peripheral,0.55,22,0.616165,"Правило: пороги других ролей не выполнены; вход 2 / 502,400 KZT; выход 1 / 20,000 KZT; операций 3/1; дней 3"
100000002474570100,terminal,0.74556,9,0.117597,"Правило: глубина 4; 1 операция: дальше шли 26% из 1126 узлов колен 1–3; вероятно конечный; вход 1 / 6,750 KZT; выход 0 / 0 KZT; операций 1/0; дней 1"
100000002475601100,terminal,0.81,10,0.351778,"Правило: есть вход, выхода нет в пределах обхода; вход 1 / 232,301 KZT; выход 0 / 0 KZT; операций 1/0; дней 1"
100000002478829100,terminal,0.74556,10,0.148057,"Правило: глубина 4; 1 операция: дальше шли 26% из 1126 узлов колен 1–3; вероятно конечный; вход 1 / 34,000 KZT; выход 0 / 0 KZT; операций 1/0; дней 1"
100000002479804100,transit,0.853607,16,0.645539,"Правило: есть вход и выход, отношение сумм 0,5–2; вход 1 / 46,000 KZT; выход 2 / 35,300 KZT; операций 1/2; дней 3"
100000002480800100,terminal,0.84,3,0.603002,"Правило: есть вход, выхода нет в пределах обхода; вход 2 / 569,251 KZT; выход 0 / 0 KZT; операций 2/0; дней 1"
100000002481735100,terminal,0.84,2,0.382973,"Правило: есть вход, выхода нет в пределах обхода; вход 1 / 22,436 KZT; выход 0 / 0 KZT; операций 2/0; дней 2"
100000002481974100,peripheral,0.55,15,0.625017,"Правило: пороги других ролей не выполнены; вход 2 / 89,447 KZT; выход 2 / 318,000 KZT; операций 2/4; дней 5"
100000002487222100,peripheral,0.4,5,0.188375,"Правило: глубина 4; 2 операции: дальше шли 44% из 257 узлов колен 1–3; продолжение неясно; вход 1 / 90,000 KZT; выход 0 / 0 KZT; операций 2/0; дней 2"
100000002488629100,terminal,0.81,12,0.309031,"Правило: есть вход, выхода нет в пределах обхода; вход 1 / 73,050 KZT; выход 0 / 0 KZT; операций 1/0; дней 1"
100000002489253100,terminal,0.81,2,0.296187,"Правило: есть вход, выхода нет в пределах обхода; вход 1 / 51,000 KZT; выход 0 / 0 KZT; операций 1/0; дней 1"
100000002492277100,terminal,0.81,0,0.332511,"Правило: есть вход, выхода нет в пределах обхода; вход 1 / 138,500 KZT; выход 0 / 0 KZT; операций 1/0; дней 1"
100000002505277100,terminal,0.74556,0,0.16221,"Правило: глубина 4; 1 операция: дальше шли 26% из 1126 узлов колен 1–3; вероятно конечный; вход 1 / 60,000 KZT; выход 0 / 0 KZT; операций 1/0; дней 1"
100000002506987100,terminal,0.74556,8,0.143264,"Правило: глубина 4; 1 операция: дальше шли 26% из 1126 узлов колен 1–3; вероятно конечный; вход 1 / 28,200 KZT; выход 0 / 0 KZT; операций 1/0; дней 1"
100000002508637100,peripheral,0.55,10,0.54945,"Правило: пороги других ролей не выполнены; вход 1 / 306,410 KZT; выход 1 / 8,000 KZT; операций 1/1; дней 2"
100000002509598100,terminal,0.81,9,0.360953,"Правило: есть вход, выхода нет в пределах обхода; вход 1 / 305,550 KZT; выход 0 / 0 KZT; операций 1/0; дней 1"
100000002511581100,terminal,0.81,7,0.247268,"Правило: есть вход, выхода нет в пределах обхода; вход 1 / 17,600 KZT; выход 0 / 0 KZT; операций 1/0; дней 1"
100000002511825100,terminal,0.81,0,0.30532,"Правило: есть вход, выхода нет в пределах обхода; вход 1 / 65,000 KZT; выход 0 / 0 KZT; операций 1/0; дней 1"
100000002512742100,terminal,0.74556,9,0.116909,"Правило: глубина 4; 1 операция: дальше шли 26% из 1126 узлов колен 1–3; вероятно конечный; вход 1 / 6,000 KZT; выход 0 / 0 KZT; операций 1/0; дней 1"
100000002513028100,distributor,0.855,0,0.839458,"Правило: ≥3 выхода, seed или исходящих ≥1,5× входящих; вход 1 / 9,500 KZT; выход 3 / 332,709 KZT; операций 1/24; дней 16"
100000002514975100,terminal,0.74556,23,0.131841,"Правило: глубина 4; 1 операция: дальше шли 26% из 1126 узлов колен 1–3; вероятно конечный; вход 1 / 17,920 KZT; выход 0 / 0 KZT; операций 1/0; дней 1"
100000002516862100,peripheral,0.4,0,0.193874,"Правило: глубина 4; 3–5 операций: дальше шли 61% из 211 узлов колен 1–3; продолжение неясно; вход 1 / 81,710 KZT; выход 0 / 0 KZT; операций 5/0; дней 3"
100000002521039100,terminal,0.81,0,0.363955,"Правило: есть вход, выхода нет в пределах обхода; вход 1 / 349,370 KZT; выход 0 / 0 KZT; операций 1/0; дней 1"
100000002527114100,distributor,0.96,4,0.778775,"Правило: ≥3 выхода, seed или исходящих ≥1,5× входящих; вход 3 / 129,000 KZT; выход 111 / 3,289,249 KZT; операций 4/113; дней 25; seed: вход неполон"
100000002528544100,terminal,0.81,10,0.345439,"Правило: есть вход, выхода нет в пределах обхода; вход 1 / 192,912 KZT; выход 0 / 0 KZT; операций 1/0; дней 1"
100000002528978100,terminal,0.74556,8,0.129226,"Правило: глубина 4; 1 операция: дальше шли 26% из 1126 узлов колен 1–3; вероятно конечный; вход 1 / 15,900 KZT; выход 0 / 0 KZT; операций 1/0; дней 1"
100000002529877100,terminal,0.74556,1,0.189046,"Правило: глубина 4; 1 операция: дальше шли 26% из 1126 узлов колен 1–3; вероятно конечный; вход 1 / 232,000 KZT; выход 0 / 0 KZT; операций 1/0; дней 1"
100000002529880100,terminal,0.84,1,0.544672,"Правило: есть вход, выхода нет в пределах обхода; вход 2 / 147,000 KZT; выход 0 / 0 KZT; операций 2/0; дней 1"
100000002530224100,terminal,0.81,1,0.327506,"Правило: есть вход, выхода нет в пределах обхода; вход 1 / 113,000 KZT; выход 0 / 0 KZT; операций 1/0; дней 1"
100000002531406100,transit,0.908683,10,0.792224,"Правило: есть вход и выход, отношение сумм 0,5–2; вход 1 / 520,000 KZT; выход 1 / 500,000 KZT; операций 1/1; дней 2"
100000002534091100,terminal,0.81,3,0.257069,"Правило: есть вход, выхода нет в пределах обхода; вход 1 / 22,200 KZT; выход 0 / 0 KZT; операций 1/0; дней 1"
100000002537811100,peripheral,0.55,6,0.491131,"Правило: пороги других ролей не выполнены; вход 1 / 52,000 KZT; выход 1 / 15,000 KZT; операций 1/1; дней 2"
100000002539625100,terminal,0.81,1,0.319582,"Правило: есть вход, выхода нет в пределах обхода; вход 1 / 94,700 KZT; выход 0 / 0 KZT; операций 1/0; дней 1"
100000002540033100,terminal,0.74556,1,0.121382,"Правило: глубина 4; 1 операция: дальше шли 26% из 1126 узлов колен 1–3; вероятно конечный; вход 1 / 10,000 KZT; выход 0 / 0 KZT; операций 1/0; дней 1"
100000002540623100,terminal,0.81,9,0.322627,"Правило: есть вход, выхода нет в пределах обхода; вход 1 / 100,000 KZT; выход 0 / 0 KZT; операций 1/0; дней 1"
100000002546921100,terminal,0.81,8,0.252273,"Правило: есть вход, выхода нет в пределах обхода; вход 1 / 20,000 KZT; выход 0 / 0 KZT; операций 1/0; дней 1"
100000002547110100,terminal,0.9,1,0.709009,"Правило: есть вход, выхода нет в пределах обхода; вход 6 / 1,500,000 KZT; выход 0 / 0 KZT; операций 10/0; дней 2"
100000002548759100,terminal,0.84,1,0.586876,"Правило: есть вход, выхода нет в пределах обхода; вход 2 / 375,000 KZT; выход 0 / 0 KZT; операций 2/0; дней 1"
100000002550141100,terminal,0.81,15,0.323836,"Правило: есть вход, выхода нет в пределах обхода; вход 1 / 100,586 KZT; выход 0 / 0 KZT; операций 1/0; дней 1"
100000002554175100,terminal,0.81,8,0.261447,"Правило: есть вход, выхода нет в пределах обхода; вход 1 / 24,621 KZT; выход 0 / 0 KZT; операций 1/0; дней 1"
100000002556775100,terminal,0.81,5,0.359868,"Правило: есть вход, выхода нет в пределах обхода; вход 1 / 300,000 KZT; выход 0 / 0 KZT; операций 1/0; дней 1"
100000002558173100,terminal,0.81,16,0.225582,"Правило: есть вход, выхода нет в пределах обхода; вход 1 / 9,300 KZT; выход 0 / 0 KZT; операций 1/0; дней 1"
100000002559089100,terminal,0.84,1,0.607895,"Правило: есть вход, выхода нет в пределах обхода; вход 2 / 715,000 KZT; выход 0 / 0 KZT; операций 2/0; дней 1"
100000002565277100,terminal,0.81,6,0.374298,"Правило: есть вход, выхода нет в пределах обхода; вход 1 / 483,319 KZT; выход 0 / 0 KZT; операций 1/0; дней 1"
100000002566204100,terminal,0.81,9,0.311826,"Правило: есть вход, выхода нет в пределах обхода; вход 1 / 80,805 KZT; выход 0 / 0 KZT; операций 1/0; дней 1"
100000002567887100,terminal,0.81,5,0.295978,"Правило: есть вход, выхода нет в пределах обхода; вход 1 / 50,915 KZT; выход 0 / 0 KZT; операций 1/0; дней 1"
100000002570206100,terminal,0.84,14,0.570606,"Правило: есть вход, выхода нет в пределах обхода; вход 2 / 166,960 KZT; выход 0 / 0 KZT; операций 2/0; дней 2"
100000002575080100,transit,0.898683,31,0.606544,"Правило: есть вход и выход, отношение сумм 0,5–2; вход 1 / 13,000 KZT; выход 1 / 12,500 KZT; операций 1/1; дней 1"
100000002578405100,distributor,0.96,7,0.86674,"Правило: ≥3 выхода, seed или исходящих ≥1,5× входящих; вход 2 / 1,200,351 KZT; выход 116 / 3,108,352 KZT; операций 7/120; дней 22"
100000002578653100,terminal,0.81,0,0.252273,"Правило: есть вход, выхода нет в пределах обхода; вход 1 / 20,000 KZT; выход 0 / 0 KZT; операций 1/0; дней 1"
100000002580377100,peripheral,0.55,2,0.460037,"Правило: пороги других ролей не выполнены; вход 1 / 37,750 KZT; выход 1 / 5,000 KZT; операций 2/1; дней 3"
100000002581346100,terminal,0.81,5,0.340601,"Правило: есть вход, выхода нет в пределах обхода; вход 1 / 166,400 KZT; выход 0 / 0 KZT; операций 1/0; дней 1"
100000002589019100,terminal,0.81,11,0.277795,"Правило: есть вход, выхода нет в пределах обхода; вход 1 / 34,710 KZT; выход 0 / 0 KZT; операций 1/0; дней 1"
100000002591469100,terminal,0.81,13,0.352362,"Правило: есть вход, выхода нет в пределах обхода; вход 1 / 235,670 KZT; выход 0 / 0 KZT; операций 1/0; дней 1"
100000002592567100,peripheral,0.55,2,0.524706,"Правило: пороги других ролей не выполнены; вход 1 / 5,297 KZT; выход 2 / 48,600 KZT; операций 1/2; дней 3"
100000002593038100,terminal,0.81,11,0.268954,"Правило: есть вход, выхода нет в пределах обхода; вход 1 / 28,500 KZT; выход 0 / 0 KZT; операций 1/0; дней 1"
100000002593344100,terminal,0.84,1,0.592326,"Правило: есть вход, выхода нет в пределах обхода; вход 2 / 431,000 KZT; выход 0 / 0 KZT; операций 2/0; дней 1"
100000002594214100,terminal,0.74556,5,0.208841,"Правило: глубина 4; 1 операция: дальше шли 26% из 1126 узлов колен 1–3; вероятно конечный; вход 1 / 1,000,000 KZT; выход 0 / 0 KZT; операций 1/0; дней 1"
100000002596035100,terminal,0.81,6,0.351611,"Правило: есть вход, выхода нет в пределах обхода; вход 1 / 231,570 KZT; выход 0 / 0 KZT; операций 1/0; дней 1"
100000002596039100,terminal,0.74556,15,0.19228,"Правило: глубина 4; 1 операция: дальше шли 26% из 1126 узлов колен 1–3; вероятно конечный; вход 1 / 280,000 KZT; выход 0 / 0 KZT; операций 1/0; дней 1"
100000002597003100,transit,0.782751,0,0.601414,"Правило: есть вход и выход, отношение сумм 0,5–2; вход 1 / 17,700 KZT; выход 1 / 11,000 KZT; операций 1/1; дней 2"
100000002597074100,terminal,0.74556,3,0.118698,"Правило: глубина 4; 1 операция: дальше шли 26% из 1126 узлов колен 1–3; вероятно конечный; вход 1 / 8,000 KZT; выход 0 / 0 KZT; операций 1/0; дней 1"
100000002597623100,terminal,0.81,0,0.244349,"Правило: есть вход, выхода нет в пределах обхода; вход 1 / 16,418 KZT; выход 0 / 0 KZT; операций 1/0; дней 1"
100000002599729100,peripheral,0.4,0,0.179598,"Правило: глубина 4; 2 операции: дальше шли 44% из 257 узлов колен 1–3; продолжение неясно; вход 1 / 65,000 KZT; выход 0 / 0 KZT; операций 2/0; дней 2"
100000002600345100,terminal,0.84,2,0.512999,"Правило: есть вход, выхода нет в пределах обхода; вход 2 / 52,400 KZT; выход 0 / 0 KZT; операций 2/0; дней 2"
100000002603371100,terminal,0.81,0,0.225582,"Правило: есть вход, выхода нет в пределах обхода; вход 1 / 9,300 KZT; выход 0 / 0 KZT; операций 1/0; дней 1"
100000002603478100,terminal,0.81,11,0.258737,"Правило: есть вход, выхода нет в пределах обхода; вход 1 / 23,500 KZT; выход 0 / 0 KZT; операций 1/0; дней 1"
100000002603769100,terminal,0.87,0,0.675234,"Правило: есть вход, выхода нет в пределах обхода; вход 3 / 1,185,368 KZT; выход 0 / 0 KZT; операций 3/0; дней 3"
100000002605184100,terminal,0.81,2,0.333011,"Правило: есть вход, выхода нет в пределах обхода; вход 1 / 140,000 KZT; выход 0 / 0 KZT; операций 1/0; дней 1"
100000002605308100,terminal,0.9,8,0.697566,"Правило: есть вход, выхода нет в пределах обхода; вход 3 / 2,569,522 KZT; выход 0 / 0 KZT; операций 7/0; дней 3"
100000002605548100,terminal,0.84,6,0.554036,"Правило: есть вход, выхода нет в пределах обхода; вход 2 / 116,695 KZT; выход 0 / 0 KZT; операций 2/0; дней 2"
100000002606567100,peripheral,0.55,0,0.476607,"Правило: пороги других ролей не выполнены; вход 1 / 14,095 KZT; выход 1 / 53,000 KZT; операций 1/1; дней 2"
100000002609774100,peripheral,0.55,8,0.463062,"Правило: пороги других ролей не выполнены; вход 1 / 7,700 KZT; выход 1 / 27,500 KZT; операций 1/1; дней 2"
100000002611334100,peripheral,0.55,0,0.473605,"Правило: пороги других ролей не выполнены; вход 1 / 48,288 KZT; выход 1 / 15,500 KZT; операций 1/1; дней 2"
100000002612809100,distributor,0.855,16,0.710599,"Правило: ≥3 выхода, seed или исходящих ≥1,5× входящих; вход 1 / 30,000 KZT; выход 3 / 114,000 KZT; операций 2/4; дней 5"
100000002613776100,terminal,0.84,0,0.402323,"Правило: есть вход, выхода нет в пределах обхода; вход 1 / 30,000 KZT; выход 0 / 0 KZT; операций 2/0; дней 2"
100000002613929100,terminal,0.81,13,0.269121,"Правило: есть вход, выхода нет в пределах обхода; вход 1 / 28,560 KZT; выход 0 / 0 KZT; операций 1/0; дней 1"
100000002614095100,terminal,0.81,7,0.21891,"Правило: есть вход, выхода нет в пределах обхода; вход 1 / 5,300 KZT; выход 0 / 0 KZT; операций 1/0; дней 1"
100000002615479100,terminal,0.81,13,0.350068,"Правило: есть вход, выхода нет в пределах обхода; вход 1 / 220,000 KZT; выход 0 / 0 KZT; операций 1/0; дней 1"
100000002618492100,terminal,0.84,6,0.595184,"Правило: есть вход, выхода нет в пределах обхода; вход 2 / 296,500 KZT; выход 0 / 0 KZT; операций 2/0; дней 2"
100000002621434100,terminal,0.81,1,0.311951,"Правило: есть вход, выхода нет в пределах обхода; вход 1 / 81,000 KZT; выход 0 / 0 KZT; операций 1/0; дней 1"
100000002621915100,terminal,0.81,2,0.216908,"Правило: есть вход, выхода нет в пределах обхода; вход 1 / 5,000 KZT; выход 0 / 0 KZT; операций 1/0; дней 1"
100000002621949100,terminal,0.81,6,0.339934,"Правило: есть вход, выхода нет в пределах обхода; вход 1 / 164,612 KZT; выход 0 / 0 KZT; операций 1/0; дней 1"
100000002622822100,terminal,0.74556,1,0.206249,"Правило: глубина 4; 1 операция: дальше шли 26% из 1126 узлов колен 1–3; вероятно конечный; вход 1 / 750,000 KZT; выход 0 / 0 KZT; операций 1/0; дней 1"
100000002628146100,terminal,0.84,16,0.386342,"Правило: есть вход, выхода нет в пределах обхода; вход 1 / 30,500 KZT; выход 0 / 0 KZT; операций 2/0; дней 1"
100000002628576100,transit,0.833316,5,0.829544,"Правило: есть вход и выход, отношение сумм 0,5–2; вход 2 / 727,882 KZT; выход 2 / 539,000 KZT; операций 3/2; дней 2"
100000002632742100,terminal,0.84,1,0.585953,"Правило: есть вход, выхода нет в пределах обхода; вход 2 / 235,500 KZT; выход 0 / 0 KZT; операций 2/0; дней 2"
100000002633108100,terminal,0.87,8,0.539002,"Правило: есть вход, выхода нет в пределах обхода; вход 1 / 320,000 KZT; выход 0 / 0 KZT; операций 3/0; дней 3"
100000002633701100,terminal,0.81,1,0.356449,"Правило: есть вход, выхода нет в пределах обхода; вход 1 / 266,850 KZT; выход 0 / 0 KZT; операций 1/0; дней 1"
100000002635746100,terminal,0.74556,9,0.116014,"Правило: глубина 4; 1 операция: дальше шли 26% из 1126 узлов колен 1–3; вероятно конечный; вход 1 / 5,300 KZT; выход 0 / 0 KZT; операций 1/0; дней 1"
100000002635780100,terminal,0.81,13,0.339517,"Правило: есть вход, выхода нет в пределах обхода; вход 1 / 163,000 KZT; выход 0 / 0 KZT; операций 1/0; дней 1"
100000002644285100,terminal,0.81,9,0.375966,"Правило: есть вход, выхода нет в пределах обхода; вход 1 / 500,000 KZT; выход 0 / 0 KZT; операций 1/0; дней 1"
100000002645046100,terminal,0.74556,9,0.124042,"Правило: глубина 4; 1 операция: дальше шли 26% из 1126 узлов колен 1–3; вероятно конечный; вход 1 / 12,000 KZT; выход 0 / 0 KZT; операций 1/0; дней 1"
100000002645609100,terminal,0.9,0,0.685622,"Правило: есть вход, выхода нет в пределах обхода; вход 4 / 546,821 KZT; выход 0 / 0 KZT; операций 5/0; дней 5"
100000002645993100,distributor,0.885,0,0.788805,"Правило: ≥3 выхода, seed или исходящих ≥1,5× входящих; вход 2 / 49,650 KZT; выход 5 / 86,980 KZT; операций 4/9; дней 2"
100000002646745100,terminal,0.81,7,0.23434,"Правило: есть вход, выхода нет в пределах обхода; вход 1 / 12,300 KZT; выход 0 / 0 KZT; операций 1/0; дней 1"
100000002646887100,terminal,0.81,27,0.261197,"Правило: есть вход, выхода нет в пределах обхода; вход 1 / 24,354 KZT; выход 0 / 0 KZT; операций 1/0; дней 1"
100000002648315100,transit,0.780707,13,0.681387,"Правило: есть вход и выход, отношение сумм 0,5–2; вход 1 / 132,000 KZT; выход 2 / 76,000 KZT; операций 1/3; дней 4"
100000002653187100,terminal,0.74556,11,0.127552,"Правило: глубина 4; 1 операция: дальше шли 26% из 1126 узлов колен 1–3; вероятно конечный; вход 1 / 15,000 KZT; выход 0 / 0 KZT; операций 1/0; дней 1"
100000002653948100,terminal,0.81,5,0.314995,"Правило: есть вход, выхода нет в пределах обхода; вход 1 / 85,200 KZT; выход 0 / 0 KZT; операций 1/0; дней 1"
100000002659103100,terminal,0.74556,34,0.182738,"Правило: глубина 4; 1 операция: дальше шли 26% из 1126 узлов колен 1–3; вероятно конечный; вход 1 / 165,000 KZT; выход 0 / 0 KZT; операций 1/0; дней 1"
100000002659265100,terminal,0.74556,1,0.179022,"Правило: глубина 4; 1 операция: дальше шли 26% из 1126 узлов колен 1–3; вероятно конечный; вход 1 / 141,000 KZT; выход 0 / 0 KZT; операций 1/0; дней 1"
100000002660298100,terminal,0.74556,8,0.146108,"Правило: глубина 4; 1 операция: дальше шли 26% из 1126 узлов колен 1–3; вероятно конечный; вход 1 / 30,900 KZT; выход 0 / 0 KZT; операций 1/0; дней 1"
100000002662768100,terminal,0.81,16,0.313994,"Правило: есть вход, выхода нет в пределах обхода; вход 1 / 84,300 KZT; выход 0 / 0 KZT; операций 1/0; дней 1"
100000002663511100,terminal,0.81,3,0.356699,"Правило: есть вход, выхода нет в пределах обхода; вход 1 / 268,940 KZT; выход 0 / 0 KZT; операций 1/0; дней 1"
100000002666248100,terminal,0.81,6,0.308239,"Правило: есть вход, выхода нет в пределах обхода; вход 1 / 70,032 KZT; выход 0 / 0 KZT; операций 1/0; дней 1"
100000002670463100,terminal,0.74556,9,0.146658,"Правило: глубина 4; 1 операция: дальше шли 26% из 1126 узлов колен 1–3; вероятно конечный; вход 1 / 31,500 KZT; выход 0 / 0 KZT; операций 1/0; дней 1"
100000002670860100,terminal,0.84,9,0.612477,"Правило: есть вход, выхода нет в пределах обхода; вход 2 / 450,000 KZT; выход 0 / 0 KZT; операций 2/0; дней 2"
100000002670960100,terminal,0.81,9,0.374131,"Правило: есть вход, выхода нет в пределах обхода; вход 1 / 480,310 KZT; выход 0 / 0 KZT; операций 1/0; дней 1"
100000002671326100,peripheral,0.4,27,0.240702,"Правило: глубина 4; 2 операции: дальше шли 44% из 257 узлов колен 1–3; продолжение неясно; вход 1 / 1,050,000 KZT; выход 0 / 0 KZT; операций 2/0; дней 2"
100000002671806100,terminal,0.81,11,0.23459,"Правило: есть вход, выхода нет в пределах обхода; вход 1 / 12,440 KZT; выход 0 / 0 KZT; операций 1/0; дней 1"
100000002677201100,transit,0.765302,1,0.708286,"Правило: есть вход и выход, отношение сумм 0,5–2; вход 1 / 150,000 KZT; выход 1 / 87,750 KZT; операций 1/1; дней 2"
100000002679516100,terminal,0.87,11,0.5876,"Правило: есть вход, выхода нет в пределах обхода; вход 3 / 102,335 KZT; выход 0 / 0 KZT; операций 3/0; дней 3"
100000002680477100,terminal,0.81,9,0.26274,"Правило: есть вход, выхода нет в пределах обхода; вход 1 / 25,000 KZT; выход 0 / 0 KZT; операций 1/0; дней 1"
100000002681449100,transit,0.831813,0,0.777315,"Правило: есть вход и выход, отношение сумм 0,5–2; вход 2 / 94,638 KZT; выход 2 / 133,000 KZT; операций 2/2; дней 3"
100000002681544100,terminal,0.84,0,0.552068,"Правило: есть вход, выхода нет в пределах обхода; вход 2 / 166,072 KZT; выход 0 / 0 KZT; операций 2/0; дней 1"
100000002686226100,peripheral,0.4,14,0.227368,"Правило: глубина 4; 2 операции: дальше шли 44% из 257 узлов колен 1–3; продолжение неясно; вход 1 / 430,000 KZT; выход 0 / 0 KZT; операций 2/0; дней 2"
100000002689717100,terminal,0.74556,8,0.155787,"Правило: глубина 4; 1 операция: дальше шли 26% из 1126 узлов колен 1–3; вероятно конечный; вход 1 / 47,500 KZT; выход 0 / 0 KZT; операций 1/0; дней 1"
100000002691583100,terminal,0.81,23,0.3582,"Правило: есть вход, выхода нет в пределах обхода; вход 1 / 285,200 KZT; выход 0 / 0 KZT; операций 1/0; дней 1"
100000002691858100,terminal,0.81,16,0.296771,"Правило: есть вход, выхода нет в пределах обхода; вход 1 / 51,500 KZT; выход 0 / 0 KZT; операций 1/0; дней 1"
100000002692044100,terminal,0.81,11,0.320959,"Правило: есть вход, выхода нет в пределах обхода; вход 1 / 97,000 KZT; выход 0 / 0 KZT; операций 1/0; дней 1"
100000002692750100,consolidator,0.855,12,0.810245,"Правило: 3 входа или больше, входящих ≥1,5× исходящих; вход 3 / 112,830 KZT; выход 1 / 77,000 KZT; операций 3/8; дней 10"
100000002695812100,terminal,0.74556,8,0.171683,"Правило: глубина 4; 1 операция: дальше шли 26% из 1126 узлов колен 1–3; вероятно конечный; вход 1 / 95,000 KZT; выход 0 / 0 KZT; операций 1/0; дней 1"
100000002696152100,peripheral,0.55,29,0.544101,"Правило: пороги других ролей не выполнены; вход 1 / 21,800 KZT; выход 2 / 69,000 KZT; операций 3/8; дней 10"
100000002697752100,terminal,0.84,3,0.576056,"Правило: есть вход, выхода нет в пределах обхода; вход 2 / 190,785 KZT; выход 0 / 0 KZT; операций 2/0; дней 2"
100000002700161100,terminal,0.74556,6,0.150787,"Правило: глубина 4; 1 операция: дальше шли 26% из 1126 узлов колен 1–3; вероятно конечный; вход 1 / 39,000 KZT; выход 0 / 0 KZT; операций 1/0; дней 1"
100000002702968100,terminal,0.74556,8,0.14675,"Правило: глубина 4; 1 операция: дальше шли 26% из 1126 узлов колен 1–3; вероятно конечный; вход 1 / 31,600 KZT; выход 0 / 0 KZT; операций 1/0; дней 1"
100000002703376100,terminal,0.81,14,0.289472,"Правило: есть вход, выхода нет в пределах обхода; вход 1 / 46,501 KZT; выход 0 / 0 KZT; операций 1/0; дней 1"
100000002704875100,terminal,0.9,3,0.638035,"Правило: есть вход, выхода нет в пределах обхода; вход 3 / 244,891 KZT; выход 0 / 0 KZT; операций 4/0; дней 4"
100000002705460100,terminal,0.81,2,0.320125,"Правило: есть вход, выхода нет в пределах обхода; вход 1 / 95,000 KZT; выход 0 / 0 KZT; операций 1/0; дней 1"
100000002706810100,terminal,0.74556,9,0.154021,"Правило: глубина 4; 1 операция: дальше шли 26% из 1126 узлов колен 1–3; вероятно конечный; вход 1 / 45,000 KZT; выход 0 / 0 KZT; операций 1/0; дней 1"
100000002707106100,peripheral,0.4,8,0.131613,"Правило: глубина 4; 2 операции: дальше шли 44% из 257 узлов колен 1–3; продолжение неясно; вход 1 / 15,000 KZT; выход 0 / 0 KZT; операций 2/0; дней 2"
100000002708624100,terminal,0.81,22,0.26274,"Правило: есть вход, выхода нет в пределах обхода; вход 1 / 25,000 KZT; выход 0 / 0 KZT; операций 1/0; дней 1"
100000002710570100,terminal,0.81,26,0.350443,"Правило: есть вход, выхода нет в пределах обхода; вход 1 / 225,015 KZT; выход 0 / 0 KZT; операций 1/0; дней 1"
100000002712416100,terminal,0.84,1,0.554147,"Правило: есть вход, выхода нет в пределах обхода; вход 2 / 116,800 KZT; выход 0 / 0 KZT; операций 2/0; дней 2"
100000002713074100,transit,0.789396,14,0.800473,"Правило: есть вход и выход, отношение сумм 0,5–2; вход 2 / 700,000 KZT; выход 1 / 430,000 KZT; операций 2/2; дней 3"
100000002713974100,terminal,0.74556,15,0.157439,"Правило: глубина 4; 1 операция: дальше шли 26% из 1126 узлов колен 1–3; вероятно конечный; вход 1 / 50,000 KZT; выход 0 / 0 KZT; операций 1/0; дней 1"
100000002718366100,terminal,0.9,1,0.725802,"Правило: есть вход, выхода нет в пределах обхода; вход 6 / 2,525,000 KZT; выход 0 / 0 KZT; операций 10/0; дней 5"
100000002720627100,terminal,0.81,6,0.346356,"Правило: есть вход, выхода нет в пределах обхода; вход 1 / 199,300 KZT; выход 0 / 0 KZT; операций 1/0; дней 1"
100000002721825100,terminal,0.81,0,0.232338,"Правило: есть вход, выхода нет в пределах обхода; вход 1 / 11,000 KZT; выход 0 / 0 KZT; операций 1/0; дней 1"
100000002722108100,terminal,0.84,9,0.552123,"Правило: есть вход, выхода нет в пределах обхода; вход 1 / 800,000 KZT; выход 0 / 0 KZT; операций 2/0; дней 2"
100000002723439100,peripheral,0.4,29,0.137791,"Правило: глубина 4; 2 операции: дальше шли 44% из 257 узлов колен 1–3; продолжение неясно; вход 1 / 18,000 KZT; выход 0 / 0 KZT; операций 2/0; дней 2"
100000002723538100,distributor,0.96,3,0.916373,"Правило: ≥3 выхода, seed или исходящих ≥1,5× входящих; вход 3 / 105,647 KZT; выход 12 / 560,499 KZT; операций 3/14; дней 11"
100000002723674100,terminal,0.74556,10,0.145053,"Правило: глубина 4; 1 операция: дальше шли 26% из 1126 узлов колен 1–3; вероятно конечный; вход 1 / 30,000 KZT; выход 0 / 0 KZT; операций 1/0; дней 1"
100000002726055100,terminal,0.74556,10,0.121382,"Правило: глубина 4; 1 операция: дальше шли 26% из 1126 узлов колен 1–3; вероятно конечный; вход 1 / 10,000 KZT; выход 0 / 0 KZT; операций 1/0; дней 1"
100000002727288100,terminal,0.81,2,0.243473,"Правило: есть вход, выхода нет в пределах обхода; вход 1 / 16,000 KZT; выход 0 / 0 KZT; операций 1/0; дней 1"
100000002728246100,terminal,0.74556,5,0.121382,"Правило: глубина 4; 1 операция: дальше шли 26% из 1126 узлов колен 1–3; вероятно конечный; вход 1 / 10,000 KZT; выход 0 / 0 KZT; операций 1/0; дней 1"
100000002729875100,terminal,0.74556,8,0.166338,"Правило: глубина 4; 1 операция: дальше шли 26% из 1126 узлов колен 1–3; вероятно конечный; вход 1 / 76,000 KZT; выход 0 / 0 KZT; операций 1/0; дней 1"
100000002731501100,distributor,0.96,21,0.846989,"Правило: ≥3 выхода, seed или исходящих ≥1,5× входящих; вход 3 / 570,370 KZT; выход 7 / 833,960 KZT; операций 7/20; дней 17"
100000002733083100,terminal,0.74556,8,0.128194,"Правило: глубина 4; 1 операция: дальше шли 26% из 1126 узлов колен 1–3; вероятно конечный; вход 1 / 15,200 KZT; выход 0 / 0 KZT; операций 1/0; дней 1"
100000002733905100,consolidator,0.855,4,0.798768,"Правило: 3 входа или больше, входящих ≥1,5× исходящих; вход 3 / 100,000 KZT; выход 2 / 717,839 KZT; операций 5/3; дней 5"
100000002734815100,terminal,0.74556,1,0.175054,"Правило: глубина 4; 1 операция: дальше шли 26% из 1126 узлов колен 1–3; вероятно конечный; вход 1 / 110,000 KZT; выход 0 / 0 KZT; операций 1/0; дней 1"
100000002736033100,peripheral,0.55,14,0.458358,"Правило: пороги других ролей не выполнены; вход 1 / 34,530 KZT; выход 1 / 11,000 KZT; операций 1/1; дней 2"
100000002736316100,terminal,0.87,0,0.625011,"Правило: есть вход, выхода нет в пределах обхода; вход 3 / 266,921 KZT; выход 0 / 0 KZT; операций 3/0; дней 2"
100000002737980100,terminal,0.81,2,0.276044,"Правило: есть вход, выхода нет в пределах обхода; вход 1 / 32,900 KZT; выход 0 / 0 KZT; операций 1/0; дней 1"
100000002738256100,transit,0.875906,39,0.683832,"Правило: есть вход и выход, отношение сумм 0,5–2; вход 1 / 150,200 KZT; выход 1 / 175,000 KZT; операций 1/1; дней 2"
100000002741024100,transit,0.757782,0,0.85976,"Правило: есть вход и выход, отношение сумм 0,5–2; вход 5 / 817,981 KZT; выход 6 / 434,989 KZT; операций 9/7; дней 12"
100000002742067100,terminal,0.81,2,0.235091,"Правило: есть вход, выхода нет в пределах обхода; вход 1 / 12,730 KZT; выход 0 / 0 KZT; операций 1/0; дней 1"
100000002744581100,terminal,0.81,13,0.233506,"Правило: есть вход, выхода нет в пределах обхода; вход 1 / 12,000 KZT; выход 0 / 0 KZT; операций 1/0; дней 1"
100000002748040100,terminal,0.74556,8,0.132185,"Правило: глубина 4; 1 операция: дальше шли 26% из 1126 узлов колен 1–3; вероятно конечный; вход 1 / 18,000 KZT; выход 0 / 0 KZT; операций 1/0; дней 1"
100000002748180100,distributor,0.96,9,0.824536,"Правило: ≥3 выхода, seed или исходящих ≥1,5× входящих; вход 1 / 9,900 KZT; выход 8 / 679,743 KZT; операций 1/9; дней 6"
100000002748511100,terminal,0.74556,2,0.134364,"Правило: глубина 4; 1 операция: дальше шли 26% из 1126 узлов колен 1–3; вероятно конечный; вход 1 / 20,000 KZT; выход 0 / 0 KZT; операций 1/0; дней 1"
100000002748532100,consolidator,0.855,1,0.884111,"Правило: 3 входа или больше, входящих ≥1,5× исходящих; вход 3 / 355,575 KZT; выход 2 / 646,685 KZT; операций 3/7; дней 7"
100000002748581100,terminal,0.81,8,0.284635,"Правило: есть вход, выхода нет в пределах обхода; вход 1 / 41,180 KZT; выход 0 / 0 KZT; операций 1/0; дней 1"
100000002748761100,terminal,0.87,9,0.562845,"Правило: есть вход, выхода нет в пределах обхода; вход 1 / 796,800 KZT; выход 0 / 0 KZT; операций 3/0; дней 2"
100000002750332100,terminal,0.81,13,0.232839,"Правило: есть вход, выхода нет в пределах обхода; вход 1 / 11,360 KZT; выход 0 / 0 KZT; операций 1/0; дней 1"
100000002750956100,terminal,0.81,0,0.291141,"Правило: есть вход, выхода нет в пределах обхода; вход 1 / 47,416 KZT; выход 0 / 0 KZT; операций 1/0; дней 1"
100000002752565100,terminal,0.74556,3,0.161154,"Правило: глубина 4; 1 операция: дальше шли 26% из 1126 узлов колен 1–3; вероятно конечный; вход 1 / 57,000 KZT; выход 0 / 0 KZT; операций 1/0; дней 1"
100000002753146100,terminal,0.87,9,0.563179,"Правило: есть вход, выхода нет в пределах обхода; вход 1 / 803,540 KZT; выход 0 / 0 KZT; операций 3/0; дней 2"
100000002755292100,terminal,0.81,5,0.348108,"Правило: есть вход, выхода нет в пределах обхода; вход 1 / 203,400 KZT; выход 0 / 0 KZT; операций 1/0; дней 1"
100000002757240100,terminal,0.81,0,0.296562,"Правило: есть вход, выхода нет в пределах обхода; вход 1 / 51,183 KZT; выход 0 / 0 KZT; операций 1/0; дней 1"
100000002757791100,terminal,0.81,12,0.309031,"Правило: есть вход, выхода нет в пределах обхода; вход 1 / 73,050 KZT; выход 0 / 0 KZT; операций 1/0; дней 1"
100000002757797100,terminal,0.81,11,0.322627,"Правило: есть вход, выхода нет в пределах обхода; вход 1 / 100,000 KZT; выход 0 / 0 KZT; операций 1/0; дней 1"
100000002760175100,terminal,0.81,6,0.344104,"Правило: есть вход, выхода нет в пределах обхода; вход 1 / 187,410 KZT; выход 0 / 0 KZT; операций 1/0; дней 1"
100000002762076100,peripheral,0.55,13,0.492377,"Правило: пороги других ролей не выполнены; вход 2 / 140,350 KZT; выход 1 / 30,000 KZT; операций 2/1; дней 3"
100000002769809100,terminal,0.81,19,0.327673,"Правило: есть вход, выхода нет в пределах обхода; вход 1 / 113,422 KZT; выход 0 / 0 KZT; операций 1/0; дней 1"
100000002773323100,peripheral,0.55,1,0.627597,"Правило: пороги других ролей не выполнены; вход 2 / 285,000 KZT; выход 1 / 1,171,644 KZT; операций 2/2; дней 3"
100000002774456100,terminal,0.81,6,0.295728,"Правило: есть вход, выхода нет в пределах обхода; вход 1 / 50,363 KZT; выход 0 / 0 KZT; операций 1/0; дней 1"
100000002778085100,terminal,0.81,2,0.30607,"Правило: есть вход, выхода нет в пределах обхода; вход 1 / 66,208 KZT; выход 0 / 0 KZT; операций 1/0; дней 1"
100000002779485100,terminal,0.84,15,0.464378,"Правило: есть вход, выхода нет в пределах обхода; вход 1 / 91,000 KZT; выход 0 / 0 KZT; операций 2/0; дней 2"
100000002781227100,distributor,0.855,1,0.772798,"Правило: ≥3 выхода, seed или исходящих ≥1,5× входящих; вход 2 / 191,168 KZT; выход 3 / 212,420 KZT; операций 8/10; дней 10"
100000002784085100,terminal,0.81,13,0.347149,"Правило: есть вход, выхода нет в пределах обхода; вход 1 / 200,000 KZT; выход 0 / 0 KZT; операций 1/0; дней 1"
100000002791494100,terminal,0.74556,8,0.169045,"Правило: глубина 4; 1 операция: дальше шли 26% из 1126 узлов колен 1–3; вероятно конечный; вход 1 / 85,860 KZT; выход 0 / 0 KZT; операций 1/0; дней 1"
100000002793851100,terminal,0.81,2,0.232588,"Правило: есть вход, выхода нет в пределах обхода; вход 1 / 11,052 KZT; выход 0 / 0 KZT; операций 1/0; дней 1"
100000002793881100,terminal,0.87,1,0.643283,"Правило: есть вход, выхода нет в пределах обхода; вход 3 / 785,600 KZT; выход 0 / 0 KZT; операций 3/0; дней 1"
100000002794197100,terminal,0.81,13,0.273041,"Правило: есть вход, выхода нет в пределах обхода; вход 1 / 30,100 KZT; выход 0 / 0 KZT; операций 1/0; дней 1"
100000002794374100,terminal,0.74556,1,0.17533,"Правило: глубина 4; 1 операция: дальше шли 26% из 1126 узлов колен 1–3; вероятно конечный; вход 1 / 111,000 KZT; выход 0 / 0 KZT; операций 1/0; дней 1"
100000002796853100,peripheral,0.55,1,0.503264,"Правило: пороги других ролей не выполнены; вход 1 / 199,000 KZT; выход 1 / 46,168 KZT; операций 8/5; дней 7"
100000002799941100,terminal,0.81,19,0.379844,"Правило: есть вход, выхода нет в пределах обхода; вход 1 / 600,000 KZT; выход 0 / 0 KZT; операций 1/0; дней 1"
100000002807334100,terminal,0.81,5,0.299648,"Правило: есть вход, выхода нет в пределах обхода; вход 1 / 54,715 KZT; выход 0 / 0 KZT; операций 1/0; дней 1"
100000002809568100,terminal,0.81,0,0.228668,"Правило: есть вход, выхода нет в пределах обхода; вход 1 / 10,000 KZT; выход 0 / 0 KZT; операций 1/0; дней 1"
100000002809896100,terminal,0.81,8,0.281549,"Правило: есть вход, выхода нет в пределах обхода; вход 1 / 38,000 KZT; выход 0 / 0 KZT; операций 1/0; дней 1"
100000002810870100,terminal,0.81,4,0.276711,"Правило: есть вход, выхода нет в пределах обхода; вход 1 / 33,677 KZT; выход 0 / 0 KZT; операций 1/0; дней 1"
100000002812641100,transit,0.818071,13,0.513279,"Правило: есть вход и выход, отношение сумм 0,5–2; вход 1 / 10,000 KZT; выход 1 / 7,024 KZT; операций 1/1; дней 2"
100000002815005100,terminal,0.81,1,0.374048,"Правило: есть вход, выхода нет в пределах обхода; вход 1 / 476,500 KZT; выход 0 / 0 KZT; операций 1/0; дней 1"
100000002818726100,terminal,0.81,0,0.232005,"Правило: есть вход, выхода нет в пределах обхода; вход 1 / 10,879 KZT; выход 0 / 0 KZT; операций 1/0; дней 1"
100000002820010100,terminal,0.81,12,0.271707,"Правило: есть вход, выхода нет в пределах обхода; вход 1 / 30,000 KZT; выход 0 / 0 KZT; операций 1/0; дней 1"
100000002821425100,terminal,0.81,9,0.356991,"Правило: есть вход, выхода нет в пределах обхода; вход 1 / 275,000 KZT; выход 0 / 0 KZT; операций 1/0; дней 1"
100000002822472100,terminal,0.84,9,0.591291,"Правило: есть вход, выхода нет в пределах обхода; вход 2 / 266,722 KZT; выход 0 / 0 KZT; операций 2/0; дней 2"
100000002824176100,terminal,0.81,12,0.334012,"Правило: есть вход, выхода нет в пределах обхода; вход 1 / 144,000 KZT; выход 0 / 0 KZT; операций 1/0; дней 1"
100000002826669100,terminal,0.9,3,0.519207,"Правило: есть вход, выхода нет в пределах обхода; вход 1 / 159,900 KZT; выход 0 / 0 KZT; операций 4/0; дней 4"
100000002830055100,terminal,0.81,4,0.237218,"Правило: есть вход, выхода нет в пределах обхода; вход 1 / 14,000 KZT; выход 0 / 0 KZT; операций 1/0; дней 1"
100000002831727100,peripheral,0.55,19,0.502908,"Правило: пороги других ролей не выполнены; вход 1 / 6,000 KZT; выход 1 / 77,000 KZT; операций 1/3; дней 4"
100000002832753100,terminal,0.74556,31,0.12473,"Правило: глубина 4; 1 операция: дальше шли 26% из 1126 узлов колен 1–3; вероятно конечный; вход 1 / 12,500 KZT; выход 0 / 0 KZT; операций 1/0; дней 1"
100000002835874100,terminal,0.74556,1,0.161636,"Правило: глубина 4; 1 операция: дальше шли 26% из 1126 узлов колен 1–3; вероятно конечный; вход 1 / 58,700 KZT; выход 0 / 0 KZT; операций 1/0; дней 1"
100000002836052100,terminal,0.81,6,0.239887,"Правило: есть вход, выхода нет в пределах обхода; вход 1 / 15,000 KZT; выход 0 / 0 KZT; операций 1/0; дней 1"
100000002836736100,terminal,0.84,12,0.599999,"Правило: есть вход, выхода нет в пределах обхода; вход 2 / 509,000 KZT; выход 0 / 0 KZT; операций 2/0; дней 1"
100000002838519100,terminal,0.81,8,0.289723,"Правило: есть вход, выхода нет в пределах обхода; вход 1 / 46,900 KZT; выход 0 / 0 KZT; операций 1/0; дней 1"
100000002838861100,consolidator,0.925,13,0.878438,"Правило: 3 входа или больше, входящих ≥1,5× исходящих; вход 5 / 554,524 KZT; выход 1 / 10,000 KZT; операций 5/1; дней 5"
100000002842321100,terminal,0.81,5,0.339016,"Правило: есть вход, выхода нет в пределах обхода; вход 1 / 160,000 KZT; выход 0 / 0 KZT; операций 1/0; дней 1"
100000002842337100,terminal,0.81,13,0.294227,"Правило: есть вход, выхода нет в пределах обхода; вход 1 / 50,000 KZT; выход 0 / 0 KZT; операций 1/0; дней 1"
100000002844652100,terminal,0.81,13,0.303818,"Правило: есть вход, выхода нет в пределах обхода; вход 1 / 61,360 KZT; выход 0 / 0 KZT; операций 1/0; дней 1"
100000002844897100,terminal,0.81,13,0.231921,"Правило: есть вход, выхода нет в пределах обхода; вход 1 / 10,800 KZT; выход 0 / 0 KZT; операций 1/0; дней 1"
100000002845605100,terminal,0.81,0,0.3014,"Правило: есть вход, выхода нет в пределах обхода; вход 1 / 57,567 KZT; выход 0 / 0 KZT; операций 1/0; дней 1"
100000002847207100,terminal,0.81,6,0.289139,"Правило: есть вход, выхода нет в пределах обхода; вход 1 / 46,243 KZT; выход 0 / 0 KZT; операций 1/0; дней 1"
100000002849158100,consolidator,0.835,1,0.874708,"Правило: 3 входа или больше, входящих ≥1,5× исходящих; вход 3 / 723,000 KZT; выход 1 / 1,313,000 KZT; операций 3/3; дней 3"
100000002852402100,terminal,0.81,2,0.300065,"Правило: есть вход, выхода нет в пределах обхода; вход 1 / 55,000 KZT; выход 0 / 0 KZT; операций 1/0; дней 1"
100000002858835100,terminal,0.81,4,0.261281,"Правило: есть вход, выхода нет в пределах обхода; вход 1 / 24,400 KZT; выход 0 / 0 KZT; операций 1/0; дней 1"
100000002860934100,peripheral,0.4,17,0.227368,"Правило: глубина 4; 3–5 операций: дальше шли 61% из 211 узлов колен 1–3; продолжение неясно; вход 1 / 279,500 KZT; выход 0 / 0 KZT; операций 4/0; дней 4"
100000002861485100,terminal,0.81,2,0.269955,"Правило: есть вход, выхода нет в пределах обхода; вход 1 / 29,323 KZT; выход 0 / 0 KZT; операций 1/0; дней 1"
100000002862113100,terminal,0.84,8,0.428124,"Правило: есть вход, выхода нет в пределах обхода; вход 1 / 47,405 KZT; выход 0 / 0 KZT; операций 2/0; дней 2"
100000002863356100,peripheral,0.55,4,0.409492,"Правило: пороги других ролей не выполнены; вход 1 / 45,000 KZT; выход 1 / 20,000 KZT; операций 1/1; дней 2"
100000002864256100,terminal,0.81,6,0.332177,"Правило: есть вход, выхода нет в пределах обхода; вход 1 / 135,780 KZT; выход 0 / 0 KZT; операций 1/0; дней 1"
100000002864680100,terminal,0.81,11,0.300732,"Правило: есть вход, выхода нет в пределах обхода; вход 1 / 55,932 KZT; выход 0 / 0 KZT; операций 1/0; дней 1"
100000002870463100,consolidator,0.855,12,0.806342,"Правило: 3 входа или больше, входящих ≥1,5× исходящих; вход 3 / 207,000 KZT; выход 1 / 10,000 KZT; операций 4/1; дней 4"
100000002870937100,terminal,0.81,13,0.313744,"Правило: есть вход, выхода нет в пределах обхода; вход 1 / 83,700 KZT; выход 0 / 0 KZT; операций 1/0; дней 1"
100000002871199100,terminal,0.81,8,0.258361,"Правило: есть вход, выхода нет в пределах обхода; вход 1 / 23,186 KZT; выход 0 / 0 KZT; операций 1/0; дней 1"
100000002872399100,terminal,0.9,13,0.596465,"Правило: есть вход, выхода нет в пределах обхода; вход 1 / 1,090,000 KZT; выход 0 / 0 KZT; операций 9/0; дней 8"
100000002876914100,terminal,0.74556,9,0.124042,"Правило: глубина 4; 1 операция: дальше шли 26% из 1126 узлов колен 1–3; вероятно конечный; вход 1 / 12,000 KZT; выход 0 / 0 KZT; операций 1/0; дней 1"
100000002877262100,terminal,0.81,1,0.322627,"Правило: есть вход, выхода нет в пределах обхода; вход 1 / 100,000 KZT; выход 0 / 0 KZT; операций 1/0; дней 1"
100000002878467100,terminal,0.84,1,0.579114,"Правило: есть вход, выхода нет в пределах обхода; вход 2 / 200,000 KZT; выход 0 / 0 KZT; операций 2/0; дней 2"
100000002878483100,terminal,0.74556,9,0.116909,"Правило: глубина 4; 1 операция: дальше шли 26% из 1126 узлов колен 1–3; вероятно конечный; вход 1 / 6,000 KZT; выход 0 / 0 KZT; операций 1/0; дней 1"
100000002881669100,terminal,0.81,11,0.249228,"Правило: есть вход, выхода нет в пределах обхода; вход 1 / 18,600 KZT; выход 0 / 0 KZT; операций 1/0; дней 1"
100000002883402100,terminal,0.87,1,0.635087,"Правило: есть вход, выхода нет в пределах обхода; вход 3 / 300,000 KZT; выход 0 / 0 KZT; операций 3/0; дней 3"
100000002884708100,peripheral,0.4,1,0.241558,"Правило: глубина 4; 2 операции: дальше шли 44% из 257 узлов колен 1–3; продолжение неясно; вход 1 / 1,171,644 KZT; выход 0 / 0 KZT; операций 2/0; дней 2"
100000002886166100,terminal,0.87,21,0.509186,"Правило: есть вход, выхода нет в пределах обхода; вход 1 / 185,000 KZT; выход 0 / 0 KZT; операций 3/0; дней 2"
100000002890167100,terminal,0.81,2,0.328841,"Правило: есть вход, выхода нет в пределах обхода; вход 1 / 118,150 KZT; выход 0 / 0 KZT; операций 1/0; дней 1"
100000002891765100,terminal,0.81,8,0.300566,"Правило: есть вход, выхода нет в пределах обхода; вход 1 / 55,576 KZT; выход 0 / 0 KZT; операций 1/0; дней 1"
100000002893020100,terminal,0.81,8,0.249103,"Правило: есть вход, выхода нет в пределах обхода; вход 1 / 18,340 KZT; выход 0 / 0 KZT; операций 1/0; дней 1"
100000002894076100,terminal,0.9,13,0.697154,"Правило: есть вход, выхода нет в пределах обхода; вход 4 / 1,122,782 KZT; выход 0 / 0 KZT; операций 6/0; дней 3"
100000002896506100,terminal,0.74556,10,0.154021,"Правило: глубина 4; 1 операция: дальше шли 26% из 1126 узлов колен 1–3; вероятно конечный; вход 1 / 45,000 KZT; выход 0 / 0 KZT; операций 1/0; дней 1"
100000002901457100,distributor,0.855,3,0.837678,"Правило: ≥3 выхода, seed или исходящих ≥1,5× входящих; вход 1 / 340,000 KZT; выход 3 / 119,000 KZT; операций 1/3; дней 4"
100000002904919100,peripheral,0.55,3,0.475384,"Правило: пороги других ролей не выполнены; вход 1 / 60,325 KZT; выход 1 / 5,500 KZT; операций 1/1; дней 2"
100000002906470100,terminal,0.81,19,0.331218,"Правило: есть вход, выхода нет в пределах обхода; вход 1 / 130,000 KZT; выход 0 / 0 KZT; операций 1/0; дней 1"
100000002908521100,terminal,0.81,7,0.287012,"Правило: есть вход, выхода нет в пределах обхода; вход 1 / 44,500 KZT; выход 0 / 0 KZT; операций 1/0; дней 1"
100000002911170100,terminal,0.84,25,0.519872,"Правило: есть вход, выхода нет в пределах обхода; вход 1 / 300,000 KZT; выход 0 / 0 KZT; операций 2/0; дней 2"
100000002913340100,terminal,0.81,7,0.25907,"Правило: есть вход, выхода нет в пределах обхода; вход 1 / 23,600 KZT; выход 0 / 0 KZT; операций 1/0; дней 1"
100000002914245100,terminal,0.81,10,0.333261,"Правило: есть вход, выхода нет в пределах обхода; вход 1 / 140,611 KZT; выход 0 / 0 KZT; операций 1/0; дней 1"
100000002916006100,peripheral,0.55,18,0.174331,"Правило: пороги других ролей не выполнены; вход 0 / 0 KZT; выход 1 / 32,000 KZT; операций 0/1; дней 1; seed: вход неполон"
100000002921047100,peripheral,0.55,13,0.597793,"Правило: пороги других ролей не выполнены; вход 2 / 338,000 KZT; выход 1 / 163,000 KZT; операций 2/1; дней 2"
100000002922000100,terminal,0.74556,34,0.20001,"Правило: глубина 4; 1 операция: дальше шли 26% из 1126 узлов колен 1–3; вероятно конечный; вход 1 / 448,000 KZT; выход 0 / 0 KZT; операций 1/0; дней 1"
100000002926970100,terminal,0.81,8,0.314703,"Правило: есть вход, выхода нет в пределах обхода; вход 1 / 85,000 KZT; выход 0 / 0 KZT; операций 1/0; дней 1"
100000002933386100,peripheral,0.55,0,0.479499,"Правило: пороги других ролей не выполнены; вход 1 / 15,000 KZT; выход 1 / 58,000 KZT; операций 1/1; дней 2"
100000002934441100,terminal,0.84,0,0.503135,"Правило: есть вход, выхода нет в пределах обхода; вход 2 / 60,846 KZT; выход 0 / 0 KZT; операций 2/0; дней 1"
100000002936322100,terminal,0.84,10,0.628102,"Правило: есть вход, выхода нет в пределах обхода; вход 2 / 787,133 KZT; выход 0 / 0 KZT; операций 2/0; дней 2"
100000002938501100,transit,0.77048,2,0.489132,"Правило: есть вход и выход, отношение сумм 0,5–2; вход 1 / 8,395 KZT; выход 1 / 5,000 KZT; операций 1/1; дней 2"
100000002939838100,terminal,0.87,10,0.660332,"Правило: есть вход, выхода нет в пределах обхода; вход 3 / 571,233 KZT; выход 0 / 0 KZT; операций 3/0; дней 3"
100000002941114100,peripheral,0.55,6,0.567299,"Правило: пороги других ролей не выполнены; вход 2 / 128,510 KZT; выход 1 / 15,000 KZT; операций 15/1; дней 12"
100000002943472100,terminal,0.81,1,0.341727,"Правило: есть вход, выхода нет в пределах обхода; вход 1 / 170,000 KZT; выход 0 / 0 KZT; операций 1/0; дней 1"
100000002945031100,terminal,0.81,0,0.239887,"Правило: есть вход, выхода нет в пределах обхода; вход 1 / 15,000 KZT; выход 0 / 0 KZT; операций 1/0; дней 1"
100000002945626100,terminal,0.87,1,0.655038,"Правило: есть вход, выхода нет в пределах обхода; вход 3 / 584,000 KZT; выход 0 / 0 KZT; операций 3/0; дней 2"
100000002947299100,terminal,0.81,0,0.314703,"Правило: есть вход, выхода нет в пределах обхода; вход 1 / 85,000 KZT; выход 0 / 0 KZT; операций 1/0; дней 1"
100000002948492100,terminal,0.81,8,0.259279,"Правило: есть вход, выхода нет в пределах обхода; вход 1 / 23,660 KZT; выход 0 / 0 KZT; операций 1/0; дней 1"
100000002951898100,terminal,0.81,8,0.282883,"Правило: есть вход, выхода нет в пределах обхода; вход 1 / 39,990 KZT; выход 0 / 0 KZT; операций 1/0; дней 1"
100000002952631100,terminal,0.81,2,0.291558,"Правило: есть вход, выхода нет в пределах обхода; вход 1 / 48,050 KZT; выход 0 / 0 KZT; операций 1/0; дней 1"
100000002952756100,terminal,0.81,9,0.290098,"Правило: есть вход, выхода нет в пределах обхода; вход 1 / 47,000 KZT; выход 0 / 0 KZT; операций 1/0; дней 1"
100000002954780100,terminal,0.81,1,0.33176,"Правило: есть вход, выхода нет в пределах обхода; вход 1 / 133,400 KZT; выход 0 / 0 KZT; операций 1/0; дней 1"
100000002956769100,terminal,0.87,1,0.645174,"Правило: есть вход, выхода нет в пределах обхода; вход 3 / 840,000 KZT; выход 0 / 0 KZT; операций 3/0; дней 1"
100000002956779100,terminal,0.81,10,0.369335,"Правило: есть вход, выхода нет в пределах обхода; вход 1 / 411,000 KZT; выход 0 / 0 KZT; операций 1/0; дней 1"
100000002956898100,terminal,0.84,2,0.594739,"Правило: есть вход, выхода нет в пределах обхода; вход 2 / 290,240 KZT; выход 0 / 0 KZT; операций 2/0; дней 2"
100000002957306100,terminal,0.84,6,0.607528,"Правило: есть вход, выхода нет в пределах обхода; вход 2 / 398,490 KZT; выход 0 / 0 KZT; операций 2/0; дней 2"
100000002957787100,distributor,0.96,0,0.938337,"Правило: ≥3 выхода, seed или исходящих ≥1,5× входящих; вход 4 / 84,956 KZT; выход 34 / 1,276,154 KZT; операций 7/41; дней 8"
100000002958139100,terminal,0.84,1,0.504748,"Правило: есть вход, выхода нет в пределах обхода; вход 1 / 209,500 KZT; выход 0 / 0 KZT; операций 2/0; дней 2"
100000002958286100,terminal,0.81,13,0.355364,"Правило: есть вход, выхода нет в пределах обхода; вход 1 / 257,000 KZT; выход 0 / 0 KZT; операций 1/0; дней 1"
100000002958343100,peripheral,0.55,13,0.591965,"Правило: пороги других ролей не выполнены; вход 1 / 2,900,000 KZT; выход 2 / 1,390,000 KZT; операций 4/17; дней 15"
100000002958345100,terminal,0.81,9,0.361036,"Правило: есть вход, выхода нет в пределах обхода; вход 1 / 307,000 KZT; выход 0 / 0 KZT; операций 1/0; дней 1"
100000002963189100,distributor,0.96,8,0.932765,"Правило: ≥3 выхода, seed или исходящих ≥1,5× входящих; вход 1 / 490,000 KZT; выход 7 / 5,219,000 KZT; операций 3/15; дней 7"
100000002964966100,terminal,0.81,16,0.347149,"Правило: есть вход, выхода нет в пределах обхода; вход 1 / 200,000 KZT; выход 0 / 0 KZT; операций 1/0; дней 1"
100000002968096100,terminal,0.74556,15,0.164847,"Правило: глубина 4; 1 операция: дальше шли 26% из 1126 узлов колен 1–3; вероятно конечный; вход 1 / 70,000 KZT; выход 0 / 0 KZT; операций 1/0; дней 1"
100000002969048100,terminal,0.81,12,0.325671,"Правило: есть вход, выхода нет в пределах обхода; вход 1 / 108,470 KZT; выход 0 / 0 KZT; операций 1/0; дней 1"
100000002970466100,peripheral,0.55,0,0.553843,"Правило: пороги других ролей не выполнены; вход 1 / 23,317 KZT; выход 2 / 93,000 KZT; операций 1/3; дней 4"
100000002971593100,terminal,0.74556,5,0.156407,"Правило: глубина 4; 1 операция: дальше шли 26% из 1126 узлов колен 1–3; вероятно конечный; вход 1 / 49,050 KZT; выход 0 / 0 KZT; операций 1/0; дней 1"
100000002973903100,terminal,0.87,11,0.580149,"Правило: есть вход, выхода нет в пределах обхода; вход 3 / 92,880 KZT; выход 0 / 0 KZT; операций 3/0; дней 3"
100000002974256100,terminal,0.81,11,0.222997,"Правило: есть вход, выхода нет в пределах обхода; вход 1 / 7,200 KZT; выход 0 / 0 KZT; операций 1/0; дней 1"
100000002975287100,terminal,0.81,14,0.239887,"Правило: есть вход, выхода нет в пределах обхода; вход 1 / 15,000 KZT; выход 0 / 0 KZT; операций 1/0; дней 1"
100000002975437100,peripheral,0.55,26,0.511905,"Правило: пороги других ролей не выполнены; вход 1 / 530,000 KZT; выход 1 / 8,500 KZT; операций 2/1; дней 2"
100000002981489100,terminal,0.74556,5,0.121382,"Правило: глубина 4; 1 операция: дальше шли 26% из 1126 узлов колен 1–3; вероятно конечный; вход 1 / 10,000 KZT; выход 0 / 0 KZT; операций 1/0; дней 1"
100000002981527100,terminal,0.81,13,0.340976,"Правило: есть вход, выхода нет в пределах обхода; вход 1 / 168,000 KZT; выход 0 / 0 KZT; операций 1/0; дней 1"
100000002982252100,terminal,0.81,4,0.254775,"Правило: есть вход, выхода нет в пределах обхода; вход 1 / 20,320 KZT; выход 0 / 0 KZT; операций 1/0; дней 1"
100000002983426100,terminal,0.81,8,0.316413,"Правило: есть вход, выхода нет в пределах обхода; вход 1 / 88,945 KZT; выход 0 / 0 KZT; операций 1/0; дней 1"
100000002983879100,terminal,0.84,0,0.579948,"Правило: есть вход, выхода нет в пределах обхода; вход 2 / 200,050 KZT; выход 0 / 0 KZT; операций 2/0; дней 2"
100000002984403100,transit,0.855614,22,0.653546,"Правило: есть вход и выход, отношение сумм 0,5–2; вход 1 / 20,000 KZT; выход 1 / 25,000 KZT; операций 1/1; дней 2"
100000002986245100,terminal,0.74556,9,0.116611,"Правило: глубина 4; 1 операция: дальше шли 26% из 1126 узлов колен 1–3; вероятно конечный; вход 1 / 5,750 KZT; выход 0 / 0 KZT; операций 1/0; дней 1"
100000002988894100,distributor,0.835,6,0.82595,"Правило: ≥3 выхода, seed или исходящих ≥1,5× входящих; вход 1 / 306,121 KZT; выход 3 / 77,500 KZT; операций 1/3; дней 3"
100000002989353100,transit,0.802273,9,0.732304,"Правило: есть вход и выход, отношение сумм 0,5–2; вход 1 / 500,000 KZT; выход 2 / 321,160 KZT; операций 2/2; дней 3"
100000002990675100,terminal,0.81,5,0.296479,"Правило: есть вход, выхода нет в пределах обхода; вход 1 / 51,143 KZT; выход 0 / 0 KZT; операций 1/0; дней 1"
100000002991079100,peripheral,0.55,2,0.550851,"Правило: пороги других ролей не выполнены; вход 2 / 148,900 KZT; выход 1 / 11,000 KZT; операций 3/1; дней 2"
100000002992171100,terminal,0.81,4,0.238344,"Правило: есть вход, выхода нет в пределах обхода; вход 1 / 14,627 KZT; выход 0 / 0 KZT; операций 1/0; дней 1"
100000002994441100,terminal,0.74556,3,0.114913,"Правило: глубина 4; 1 операция: дальше шли 26% из 1126 узлов колен 1–3; вероятно конечный; вход 1 / 5,000 KZT; выход 0 / 0 KZT; операций 1/0; дней 1"
100000002999140100,peripheral,0.4,11,0.123386,"Правило: глубина 4; 2 операции: дальше шли 44% из 257 узлов колен 1–3; продолжение неясно; вход 1 / 10,000 KZT; выход 0 / 0 KZT; операций 2/0; дней 2"
100000003001138100,terminal,0.74556,17,0.145053,"Правило: глубина 4; 1 операция: дальше шли 26% из 1126 узлов колен 1–3; вероятно конечный; вход 1 / 30,000 KZT; выход 0 / 0 KZT; операций 1/0; дней 1"
100000003001564100,peripheral,0.55,2,0.531879,"Правило: пороги других ролей не выполнены; вход 1 / 23,520 KZT; выход 1 / 180,000 KZT; операций 1/1; дней 2"
100000003001661100,distributor,0.925,17,0.884603,"Правило: ≥3 выхода, seed или исходящих ≥1,5× входящих; вход 1 / 110,000 KZT; выход 5 / 439,500 KZT; операций 1/8; дней 9"
100000003003821100,terminal,0.81,6,0.283384,"Правило: есть вход, выхода нет в пределах обхода; вход 1 / 40,000 KZT; выход 0 / 0 KZT; операций 1/0; дней 1"
100000003004487100,consolidator,0.89,26,0.886902,"Правило: 3 входа или больше, входящих ≥1,5× исходящих; вход 4 / 183,703 KZT; выход 2 / 265,015 KZT; операций 9/3; дней 9"
100000003005167100,terminal,0.74556,9,0.117987,"Правило: глубина 4; 1 операция: дальше шли 26% из 1126 узлов колен 1–3; вероятно конечный; вход 1 / 7,000 KZT; выход 0 / 0 KZT; операций 1/0; дней 1"
100000003006633100,terminal,0.81,14,0.228668,"Правило: есть вход, выхода нет в пределах обхода; вход 1 / 10,000 KZT; выход 0 / 0 KZT; операций 1/0; дней 1"
100000003009900100,terminal,0.81,8,0.243014,"Правило: есть вход, выхода нет в пределах обхода; вход 1 / 15,998 KZT; выход 0 / 0 KZT; операций 1/0; дней 1"
100000003010908100,terminal,0.74556,8,0.130396,"Правило: глубина 4; 1 операция: дальше шли 26% из 1126 узлов колен 1–3; вероятно конечный; вход 1 / 17,000 KZT; выход 0 / 0 KZT; операций 1/0; дней 1"
100000003014659100,terminal,0.81,6,0.357575,"Правило: есть вход, выхода нет в пределах обхода; вход 1 / 280,000 KZT; выход 0 / 0 KZT; операций 1/0; дней 1"
100000003016438100,transit,0.813007,1,0.766036,"Правило: есть вход и выход, отношение сумм 0,5–2; вход 1 / 200,000 KZT; выход 1 / 300,000 KZT; операций 1/3; дней 3"
100000003016635100,coordinator,0.979751,2,0.893542,"Правило: ≥2 входа и выхода, посредничество в верхних 10%; вход 8 / 586,981 KZT; выход 73 / 9,414,081 KZT; операций 36/151; дней 21; seed: вход неполон"
100000003016773100,terminal,0.81,1,0.289556,"Правило: есть вход, выхода нет в пределах обхода; вход 1 / 46,555 KZT; выход 0 / 0 KZT; операций 1/0; дней 1"
100000003022835100,terminal,0.81,6,0.3303,"Правило: есть вход, выхода нет в пределах обхода; вход 1 / 125,000 KZT; выход 0 / 0 KZT; операций 1/0; дней 1"
100000003024542100,terminal,0.81,6,0.224415,"Правило: есть вход, выхода нет в пределах обхода; вход 1 / 8,500 KZT; выход 0 / 0 KZT; операций 1/0; дней 1"
100000003025903100,peripheral,0.4,10,0.238237,"Правило: глубина 4; 6+ операций: дальше шли 83% из 129 узлов колен 1–3; вероятно продолжение; вход 1 / 386,300 KZT; выход 0 / 0 KZT; операций 6/0; дней 6"
100000003031003100,terminal,0.87,1,0.626679,"Правило: есть вход, выхода нет в пределах обхода; вход 3 / 280,090 KZT; выход 0 / 0 KZT; операций 3/0; дней 2"
100000003031633100,terminal,0.84,1,0.514901,"Правило: есть вход, выхода нет в пределах обхода; вход 1 / 414,000 KZT; выход 0 / 0 KZT; операций 2/0; дней 1"
100000003031761100,terminal,0.81,10,0.373213,"Правило: есть вход, выхода нет в пределах обхода; вход 1 / 460,408 KZT; выход 0 / 0 KZT; операций 1/0; дней 1"
100000003031890100,terminal,0.9,21,0.544852,"Правило: есть вход, выхода нет в пределах обхода; вход 1 / 215,000 KZT; выход 0 / 0 KZT; операций 10/0; дней 10"
100000003034546100,terminal,0.84,1,0.539445,"Правило: есть вход, выхода нет в пределах обхода; вход 1 / 486,715 KZT; выход 0 / 0 KZT; операций 2/0; дней 2"
100000003035737100,peripheral,0.55,15,0.620435,"Правило: пороги других ролей не выполнены; вход 2 / 809,170 KZT; выход 1 / 6,545 KZT; операций 3/1; дней 4"
100000003036198100,terminal,0.81,0,0.239887,"Правило: есть вход, выхода нет в пределах обхода; вход 1 / 15,000 KZT; выход 0 / 0 KZT; операций 1/0; дней 1"
100000003037476100,peripheral,0.4,1,0.290637,"Правило: глубина 4; 3–5 операций: дальше шли 61% из 211 узлов колен 1–3; продолжение неясно; вход 3 / 555,000 KZT; выход 0 / 0 KZT; операций 3/0; дней 2"
100000003037660100,terminal,0.81,6,0.298022,"Правило: есть вход, выхода нет в пределах обхода; вход 1 / 53,000 KZT; выход 0 / 0 KZT; операций 1/0; дней 1"
100000003039473100,terminal,0.81,2,0.257903,"Правило: есть вход, выхода нет в пределах обхода; вход 1 / 23,000 KZT; выход 0 / 0 KZT; операций 1/0; дней 1"
100000003040087100,terminal,0.74556,8,0.143906,"Правило: глубина 4; 1 операция: дальше шли 26% из 1126 узлов колен 1–3; вероятно конечный; вход 1 / 29,000 KZT; выход 0 / 0 KZT; операций 1/0; дней 1"
100000003042994100,terminal,0.87,2,0.534219,"Правило: есть вход, выхода нет в пределах обхода; вход 1 / 286,086 KZT; выход 0 / 0 KZT; операций 3/0; дней 3"
100000003044431100,terminal,0.84,0,0.520117,"Правило: есть вход, выхода нет в пределах обхода; вход 2 / 60,000 KZT; выход 0 / 0 KZT; операций 2/0; дней 2"
100000003044518100,terminal,0.81,13,0.277462,"Правило: есть вход, выхода нет в пределах обхода; вход 1 / 34,423 KZT; выход 0 / 0 KZT; операций 1/0; дней 1"
100000003047800100,terminal,0.74556,9,0.124318,"Правило: глубина 4; 1 операция: дальше шли 26% из 1126 узлов колен 1–3; вероятно конечный; вход 1 / 12,212 KZT; выход 0 / 0 KZT; операций 1/0; дней 1"
100000003050771100,terminal,0.81,0,0.350944,"Правило: есть вход, выхода нет в пределах обхода; вход 1 / 229,000 KZT; выход 0 / 0 KZT; операций 1/0; дней 1"
100000003054328100,transit,0.826291,9,0.700395,"Правило: есть вход и выход, отношение сумм 0,5–2; вход 1 / 140,000 KZT; выход 2 / 193,720 KZT; операций 1/2; дней 2"
100000003057225100,terminal,0.81,2,0.352445,"Правило: есть вход, выхода нет в пределах обхода; вход 1 / 236,000 KZT; выход 0 / 0 KZT; операций 1/0; дней 1"
100000003060187100,terminal,0.81,19,0.318915,"Правило: есть вход, выхода нет в пределах обхода; вход 1 / 93,046 KZT; выход 0 / 0 KZT; операций 1/0; дней 1"
100000003060517100,terminal,0.81,14,0.361536,"Правило: есть вход, выхода нет в пределах обхода; вход 1 / 315,955 KZT; выход 0 / 0 KZT; операций 1/0; дней 1"
100000003061115100,terminal,0.74556,3,0.154021,"Правило: глубина 4; 1 операция: дальше шли 26% из 1126 узлов колен 1–3; вероятно конечный; вход 1 / 45,000 KZT; выход 0 / 0 KZT; операций 1/0; дней 1"
100000003062895100,terminal,0.84,1,0.599298,"Правило: есть вход, выхода нет в пределах обхода; вход 2 / 328,444 KZT; выход 0 / 0 KZT; операций 2/0; дней 2"
100000003066385100,terminal,0.84,0,0.452612,"Правило: есть вход, выхода нет в пределах обхода; вход 2 / 20,000 KZT; выход 0 / 0 KZT; операций 2/0; дней 2"
100000003068941100,consolidator,0.855,0,0.778984,"Правило: 3 входа или больше, входящих ≥1,5× исходящих; вход 3 / 94,000 KZT; выход 1 / 25,000 KZT; операций 3/2; дней 4"
100000003069463100,transit,0.792013,23,0.604888,"Правило: есть вход и выход, отношение сумм 0,5–2; вход 1 / 11,500 KZT; выход 1 / 17,920 KZT; операций 1/1; дней 2"
100000003071649100,terminal,0.81,1,0.344521,"Правило: есть вход, выхода нет в пределах обхода; вход 1 / 189,500 KZT; выход 0 / 0 KZT; операций 1/0; дней 1"
100000003071930100,consolidator,0.855,13,0.849491,"Правило: 3 входа или больше, входящих ≥1,5× исходящих; вход 3 / 477,610 KZT; выход 1 / 5,000 KZT; операций 4/1; дней 5"
100000003072205100,peripheral,0.4,1,0.236573,"Правило: глубина 4; 2 операции: дальше шли 44% из 257 узлов колен 1–3; продолжение неясно; вход 2 / 163,000 KZT; выход 0 / 0 KZT; операций 2/0; дней 1"
100000003072676100,terminal,0.81,14,0.274709,"Правило: есть вход, выхода нет в пределах обхода; вход 1 / 31,545 KZT; выход 0 / 0 KZT; операций 1/0; дней 1"
100000003073398100,terminal,0.81,12,0.318748,"Правило: есть вход, выхода нет в пределах обхода; вход 1 / 92,960 KZT; выход 0 / 0 KZT; операций 1/0; дней 1"
100000003073635100,terminal,0.81,3,0.330926,"Правило: есть вход, выхода нет в пределах обхода; вход 1 / 129,231 KZT; выход 0 / 0 KZT; операций 1/0; дней 1"
100000003074515100,terminal,0.74556,1,0.174274,"Правило: глубина 4; 1 операция: дальше шли 26% из 1126 узлов колен 1–3; вероятно конечный; вход 1 / 105,000 KZT; выход 0 / 0 KZT; операций 1/0; дней 1"
100000003078839100,peripheral,0.4,3,0.129656,"Правило: глубина 4; 2 операции: дальше шли 44% из 257 узлов колен 1–3; продолжение неясно; вход 1 / 14,000 KZT; выход 0 / 0 KZT; операций 2/0; дней 2"
100000003083865100,terminal,0.74556,8,0.127552,"Правило: глубина 4; 1 операция: дальше шли 26% из 1126 узлов колен 1–3; вероятно конечный; вход 1 / 15,000 KZT; выход 0 / 0 KZT; операций 1/0; дней 1"
100000003084870100,terminal,0.74556,9,0.117436,"Правило: глубина 4; 1 операция: дальше шли 26% из 1126 узлов колен 1–3; вероятно конечный; вход 1 / 6,500 KZT; выход 0 / 0 KZT; операций 1/0; дней 1"
100000003086040100,terminal,0.81,3,0.231671,"Правило: есть вход, выхода нет в пределах обхода; вход 1 / 10,500 KZT; выход 0 / 0 KZT; операций 1/0; дней 1"
100000003087877100,terminal,0.81,10,0.318415,"Правило: есть вход, выхода нет в пределах обхода; вход 1 / 91,486 KZT; выход 0 / 0 KZT; операций 1/0; дней 1"
100000003089018100,terminal,0.81,1,0.351152,"Правило: есть вход, выхода нет в пределах обхода; вход 1 / 230,000 KZT; выход 0 / 0 KZT; операций 1/0; дней 1"
100000003089553100,terminal,0.81,1,0.335847,"Правило: есть вход, выхода нет в пределах обхода; вход 1 / 150,000 KZT; выход 0 / 0 KZT; операций 1/0; дней 1"
100000003091142100,terminal,0.74556,3,0.151475,"Правило: глубина 4; 1 операция: дальше шли 26% из 1126 узлов колен 1–3; вероятно конечный; вход 1 / 40,000 KZT; выход 0 / 0 KZT; операций 1/0; дней 1"
100000003093299100,terminal,0.81,0,0.239887,"Правило: есть вход, выхода нет в пределах обхода; вход 1 / 15,000 KZT; выход 0 / 0 KZT; операций 1/0; дней 1"
100000003095610100,terminal,0.81,8,0.259362,"Правило: есть вход, выхода нет в пределах обхода; вход 1 / 23,665 KZT; выход 0 / 0 KZT; операций 1/0; дней 1"
100000003096787100,terminal,0.74556,8,0.129937,"Правило: глубина 4; 1 операция: дальше шли 26% из 1126 узлов колен 1–3; вероятно конечный; вход 1 / 16,400 KZT; выход 0 / 0 KZT; операций 1/0; дней 1"
100000003097324100,terminal,0.84,1,0.576979,"Правило: есть вход, выхода нет в пределах обхода; вход 2 / 294,000 KZT; выход 0 / 0 KZT; операций 2/0; дней 1"
100000003097947100,terminal,0.74556,3,0.159411,"Правило: глубина 4; 1 операция: дальше шли 26% из 1126 узлов колен 1–3; вероятно конечный; вход 1 / 52,980 KZT; выход 0 / 0 KZT; операций 1/0; дней 1"
100000003102157100,terminal,0.84,0,0.449621,"Правило: есть вход, выхода нет в пределах обхода; вход 1 / 96,746 KZT; выход 0 / 0 KZT; операций 2/0; дней 1"
100000003104347100,peripheral,0.55,20,0.563851,"Правило: пороги других ролей не выполнены; вход 1 / 418,000 KZT; выход 1 / 32,000 KZT; операций 1/1; дней 2"
100000003105089100,terminal,0.74556,10,0.121382,"Правило: глубина 4; 1 операция: дальше шли 26% из 1126 узлов колен 1–3; вероятно конечный; вход 1 / 10,000 KZT; выход 0 / 0 KZT; операций 1/0; дней 1"
100000003105929100,peripheral,0.55,5,0.585015,"Правило: пороги других ролей не выполнены; вход 1 / 429,567 KZT; выход 1 / 156,354 KZT; операций 2/1; дней 2"
100000003109805100,terminal,0.81,14,0.280131,"Правило: есть вход, выхода нет в пределах обхода; вход 1 / 36,929 KZT; выход 0 / 0 KZT; операций 1/0; дней 1"
100000003111305100,terminal,0.9,1,0.676959,"Правило: есть вход, выхода нет в пределах обхода; вход 4 / 509,338 KZT; выход 0 / 0 KZT; операций 4/0; дней 3"
100000003112436100,terminal,0.81,10,0.322627,"Правило: есть вход, выхода нет в пределах обхода; вход 1 / 100,000 KZT; выход 0 / 0 KZT; операций 1/0; дней 1"
100000003112578100,terminal,0.81,9,0.324003,"Правило: есть вход, выхода нет в пределах обхода; вход 1 / 101,080 KZT; выход 0 / 0 KZT; операций 1/0; дней 1"
100000003115284100,consolidator,0.96,6,0.950669,"Правило: 3 входа или больше, входящих ≥1,5× исходящих; вход 8 / 2,160,500 KZT; выход 2 / 517,000 KZT; операций 15/4; дней 6"
100000003116106100,terminal,0.84,5,0.540224,"Правило: есть вход, выхода нет в пределах обхода; вход 1 / 494,050 KZT; выход 0 / 0 KZT; операций 2/0; дней 2"
100000003119550100,terminal,0.81,4,0.255526,"Правило: есть вход, выхода нет в пределах обхода; вход 1 / 21,000 KZT; выход 0 / 0 KZT; операций 1/0; дней 1"
100000003122817100,terminal,0.81,23,0.371379,"Правило: есть вход, выхода нет в пределах обхода; вход 1 / 444,680 KZT; выход 0 / 0 KZT; операций 1/0; дней 1"
100000003123296100,terminal,0.84,11,0.442615,"Правило: есть вход, выхода нет в пределах обхода; вход 1 / 86,200 KZT; выход 0 / 0 KZT; операций 2/0; дней 1"
100000003125997100,terminal,0.74556,1,0.169412,"Правило: глубина 4; 1 операция: дальше шли 26% из 1126 узлов колен 1–3; вероятно конечный; вход 1 / 87,750 KZT; выход 0 / 0 KZT; операций 1/0; дней 1"
100000003128638100,terminal,0.74556,1,0.193542,"Правило: глубина 4; 1 операция: дальше шли 26% из 1126 узлов колен 1–3; вероятно конечный; вход 1 / 300,000 KZT; выход 0 / 0 KZT; операций 1/0; дней 1"
100000003131016100,peripheral,0.55,3,0.53527,"Правило: пороги других ролей не выполнены; вход 1 / 405,700 KZT; выход 1 / 126,000 KZT; операций 7/4; дней 9"
100000003131693100,terminal,0.81,6,0.364789,"Правило: есть вход, выхода нет в пределах обхода; вход 1 / 353,277 KZT; выход 0 / 0 KZT; операций 1/0; дней 1"
100000003132484100,terminal,0.81,1,0.317289,"Правило: есть вход, выхода нет в пределах обхода; вход 1 / 90,000 KZT; выход 0 / 0 KZT; операций 1/0; дней 1"
100000003133045100,terminal,0.74556,27,0.164412,"Правило: глубина 4; 1 операция: дальше шли 26% из 1126 узлов колен 1–3; вероятно конечный; вход 1 / 68,000 KZT; выход 0 / 0 KZT; операций 1/0; дней 1"
100000003134474100,terminal,0.81,5,0.328132,"Правило: есть вход, выхода нет в пределах обхода; вход 1 / 116,000 KZT; выход 0 / 0 KZT; операций 1/0; дней 1"
100000003134550100,terminal,0.74556,1,0.173059,"Правило: глубина 4; 1 операция: дальше шли 26% из 1126 узлов колен 1–3; вероятно конечный; вход 1 / 100,000 KZT; выход 0 / 0 KZT; операций 1/0; дней 1"
100000003134934100,terminal,0.9,3,0.664169,"Правило: есть вход, выхода нет в пределах обхода; вход 4 / 379,354 KZT; выход 0 / 0 KZT; операций 4/0; дней 3"
100000003134937100,terminal,0.81,2,0.231504,"Правило: есть вход, выхода нет в пределах обхода; вход 1 / 10,286 KZT; выход 0 / 0 KZT; операций 1/0; дней 1"
100000003146511100,terminal,0.74556,0,0.121382,"Правило: глубина 4; 1 операция: дальше шли 26% из 1126 узлов колен 1–3; вероятно конечный; вход 1 / 10,000 KZT; выход 0 / 0 KZT; операций 1/0; дней 1"
100000003147719100,terminal,0.81,1,0.322627,"Правило: есть вход, выхода нет в пределах обхода; вход 1 / 100,000 KZT; выход 0 / 0 KZT; операций 1/0; дней 1"
100000003148220100,peripheral,0.55,42,0.435971,"Правило: пороги других ролей не выполнены; вход 1 / 5,650 KZT; выход 2 / 43,400 KZT; операций 1/4; дней 5"
100000003149149100,terminal,0.81,5,0.353946,"Правило: есть вход, выхода нет в пределах обхода; вход 1 / 245,000 KZT; выход 0 / 0 KZT; операций 1/0; дней 1"
100000003152964100,peripheral,0.55,3,0.52019,"Правило: пороги других ролей не выполнены; вход 1 / 141,847 KZT; выход 1 / 5,500 KZT; операций 1/1; дней 2"
100000003154105100,distributor,0.96,10,0.887937,"Правило: ≥3 выхода, seed или исходящих ≥1,5× входящих; вход 1 / 60,000 KZT; выход 7 / 338,000 KZT; операций 1/9; дней 6"
100000003157333100,terminal,0.81,12,0.271707,"Правило: есть вход, выхода нет в пределах обхода; вход 1 / 30,000 KZT; выход 0 / 0 KZT; операций 1/0; дней 1"
100000003157679100,terminal,0.9,1,0.678738,"Правило: есть вход, выхода нет в пределах обхода; вход 4 / 541,000 KZT; выход 0 / 0 KZT; операций 4/0; дней 3"
100000003158727100,terminal,0.87,1,0.637244,"Правило: есть вход, выхода нет в пределах обхода; вход 3 / 367,940 KZT; выход 0 / 0 KZT; операций 3/0; дней 2"
100000003159641100,consolidator,0.89,2,0.848056,"Правило: 3 входа или больше, входящих ≥1,5× исходящих; вход 4 / 64,000 KZT; выход 1 / 197,800 KZT; операций 7/1; дней 5"
100000003163256100,transit,0.889279,2,0.628023,"Правило: есть вход и выход, отношение сумм 0,5–2; вход 1 / 13,485 KZT; выход 1 / 15,000 KZT; операций 1/1; дней 2"
100000003163886100,terminal,0.81,10,0.375966,"Правило: есть вход, выхода нет в пределах обхода; вход 1 / 500,000 KZT; выход 0 / 0 KZT; операций 1/0; дней 1"
100000003164661100,terminal,0.87,24,0.562578,"Правило: есть вход, выхода нет в пределах обхода; вход 1 / 596,200 KZT; выход 0 / 0 KZT; операций 3/0; дней 3"
100000003166017100,terminal,0.74556,8,0.127552,"Правило: глубина 4; 1 операция: дальше шли 26% из 1126 узлов колен 1–3; вероятно конечный; вход 1 / 15,000 KZT; выход 0 / 0 KZT; операций 1/0; дней 1"
100000003166755100,terminal,0.81,0,0.260864,"Правило: есть вход, выхода нет в пределах обхода; вход 1 / 24,010 KZT; выход 0 / 0 KZT; операций 1/0; дней 1"
100000003171006100,terminal,0.84,1,0.597441,"Правило: есть вход, выхода нет в пределах обхода; вход 2 / 485,000 KZT; выход 0 / 0 KZT; операций 2/0; дней 1"
100000003171587100,transit,0.800267,10,0.843058,"Правило: есть вход и выход, отношение сумм 0,5–2; вход 2 / 700,000 KZT; выход 2 / 431,300 KZT; операций 2/7; дней 8"
100000003173783100,peripheral,0.4,25,0.145437,"Правило: глубина 4; 2 операции: дальше шли 44% из 257 узлов колен 1–3; продолжение неясно; вход 1 / 23,500 KZT; выход 0 / 0 KZT; операций 2/0; дней 2"
100000003177533100,peripheral,0.4,15,0.13398,"Правило: глубина 4; 3–5 операций: дальше шли 61% из 211 узлов колен 1–3; продолжение неясно; вход 1 / 20,000 KZT; выход 0 / 0 KZT; операций 3/0; дней 1"
100000003178549100,distributor,0.89,14,0.834428,"Правило: ≥3 выхода, seed или исходящих ≥1,5× входящих; вход 2 / 250,000 KZT; выход 4 / 89,080 KZT; операций 2/4; дней 5"
100000003180305100,terminal,0.74556,5,0.179321,"Правило: глубина 4; 1 операция: дальше шли 26% из 1126 узлов колен 1–3; вероятно конечный; вход 1 / 144,000 KZT; выход 0 / 0 KZT; операций 1/0; дней 1"
100000003180820100,terminal,0.74556,1,0.17377,"Правило: глубина 4; 1 операция: дальше шли 26% из 1126 узлов колен 1–3; вероятно конечный; вход 1 / 101,000 KZT; выход 0 / 0 KZT; операций 1/0; дней 1"
100000003186579100,peripheral,0.4,3,0.19495,"Правило: глубина 4; 2 операции: дальше шли 44% из 257 узлов колен 1–3; продолжение неясно; вход 1 / 110,000 KZT; выход 0 / 0 KZT; операций 2/0; дней 2"
100000003187359100,terminal,0.81,4,0.249854,"Правило: есть вход, выхода нет в пределах обхода; вход 1 / 19,072 KZT; выход 0 / 0 KZT; операций 1/0; дней 1"
100000003188607100,peripheral,0.55,13,0.346269,"Правило: пороги других ролей не выполнены; вход 1 / 18,000 KZT; выход 1 / 5,000 KZT; операций 1/1; дней 2"
100000003190207100,peripheral,0.55,18,0.585004,"Правило: пороги других ролей не выполнены; вход 1 / 5,000 KZT; выход 1 / 377,000 KZT; операций 1/8; дней 8"
100000003191430100,terminal,0.81,2,0.34302,"Правило: есть вход, выхода нет в пределах обхода; вход 1 / 180,000 KZT; выход 0 / 0 KZT; операций 1/0; дней 1"
100000003192220100,terminal,0.84,2,0.443916,"Правило: есть вход, выхода нет в пределах обхода; вход 1 / 60,000 KZT; выход 0 / 0 KZT; операций 2/0; дней 2"
100000003192309100,peripheral,0.55,7,0.47088,"Правило: пороги других ролей не выполнены; вход 1 / 17,200 KZT; выход 1 / 213,000 KZT; операций 1/1; дней 2"
100000003194831100,terminal,0.74556,9,0.117345,"Правило: глубина 4; 1 операция: дальше шли 26% из 1126 узлов колен 1–3; вероятно конечный; вход 1 / 6,265 KZT; выход 0 / 0 KZT; операций 1/0; дней 1"
100000003199390100,terminal,0.74556,5,0.191248,"Правило: глубина 4; 1 операция: дальше шли 26% из 1126 узлов колен 1–3; вероятно конечный; вход 1 / 260,000 KZT; выход 0 / 0 KZT; операций 1/0; дней 1"
100000003200071100,peripheral,0.55,45,0.171028,"Правило: пороги других ролей не выполнены; вход 0 / 0 KZT; выход 1 / 30,000 KZT; операций 0/1; дней 1; seed: вход неполон"
100000003204491100,transit,0.812915,3,0.708995,"Правило: есть вход и выход, отношение сумм 0,5–2; вход 1 / 140,000 KZT; выход 1 / 100,000 KZT; операций 1/2; дней 1"
100000003205210100,terminal,0.81,6,0.332427,"Правило: есть вход, выхода нет в пределах обхода; вход 1 / 137,563 KZT; выход 0 / 0 KZT; операций 1/0; дней 1"
100000003207060100,terminal,0.74556,3,0.159526,"Правило: глубина 4; 1 операция: дальше шли 26% из 1126 узлов колен 1–3; вероятно конечный; вход 1 / 53,000 KZT; выход 0 / 0 KZT; операций 1/0; дней 1"
100000003213473100,distributor,0.96,0,0.882365,"Правило: ≥3 выхода, seed или исходящих ≥1,5× входящих; вход 1 / 57,500 KZT; выход 11 / 240,000 KZT; операций 2/12; дней 12"
100000003214786100,terminal,0.74556,3,0.114913,"Правило: глубина 4; 1 операция: дальше шли 26% из 1126 узлов колен 1–3; вероятно конечный; вход 1 / 5,000 KZT; выход 0 / 0 KZT; операций 1/0; дней 1"
100000003215448100,transit,0.851698,3,0.776247,"Правило: есть вход и выход, отношение сумм 0,5–2; вход 1 / 91,309 KZT; выход 2 / 124,000 KZT; операций 1/4; дней 4"
100000003216073100,transit,0.736042,10,0.664348,"Правило: есть вход и выход, отношение сумм 0,5–2; вход 1 / 37,001 KZT; выход 1 / 70,000 KZT; операций 1/1; дней 2"
100000003218308100,terminal,0.81,0,0.232755,"Правило: есть вход, выхода нет в пределах обхода; вход 1 / 11,165 KZT; выход 0 / 0 KZT; операций 1/0; дней 1"
100000003219438100,terminal,0.81,17,0.275377,"Правило: есть вход, выхода нет в пределах обхода; вход 1 / 32,000 KZT; выход 0 / 0 KZT; операций 1/0; дней 1"
100000003220685100,peripheral,0.4,5,0.232157,"Правило: глубина 4; 2 операции: дальше шли 44% из 257 узлов колен 1–3; продолжение неясно; вход 1 / 1,306,000 KZT; выход 0 / 0 KZT; операций 2/0; дней 1"
100000003221384100,terminal,0.81,2,0.376633,"Правило: есть вход, выхода нет в пределах обхода; вход 1 / 511,200 KZT; выход 0 / 0 KZT; операций 1/0; дней 1"
100000003221510100,peripheral,0.55,0,0.558558,"Правило: пороги других ролей не выполнены; вход 1 / 24,000 KZT; выход 2 / 120,000 KZT; операций 1/3; дней 3"
100000003230328100,peripheral,0.4,0,0.211923,"Правило: глубина 4; 3–5 операций: дальше шли 61% из 211 узлов колен 1–3; продолжение неясно; вход 3 / 26,572 KZT; выход 0 / 0 KZT; операций 3/0; дней 3"
100000003230329100,terminal,0.74556,1,0.175054,"Правило: глубина 4; 1 операция: дальше шли 26% из 1126 узлов колен 1–3; вероятно конечный; вход 1 / 110,000 KZT; выход 0 / 0 KZT; операций 1/0; дней 1"
100000003232675100,peripheral,0.4,0,0.155761,"Правило: глубина 4; 2 операции: дальше шли 44% из 257 узлов колен 1–3; продолжение неясно; вход 1 / 44,000 KZT; выход 0 / 0 KZT; операций 2/0; дней 1"
100000003235780100,terminal,0.84,0,0.523342,"Правило: есть вход, выхода нет в пределах обхода; вход 2 / 65,000 KZT; выход 0 / 0 KZT; операций 2/0; дней 2"
100000003237045100,peripheral,0.55,2,0.508235,"Правило: пороги других ролей не выполнены; вход 1 / 340,200 KZT; выход 1 / 150,000 KZT; операций 2/1; дней 2"
100000003239379100,terminal,0.81,11,0.318498,"Правило: есть вход, выхода нет в пределах обхода; вход 1 / 92,500 KZT; выход 0 / 0 KZT; операций 1/0; дней 1"
100000003239859100,terminal,0.81,11,0.249228,"Правило: есть вход, выхода нет в пределах обхода; вход 1 / 18,600 KZT; выход 0 / 0 KZT; операций 1/0; дней 1"
100000003241965100,terminal,0.81,8,0.239887,"Правило: есть вход, выхода нет в пределах обхода; вход 1 / 15,000 KZT; выход 0 / 0 KZT; операций 1/0; дней 1"
100000003242289100,distributor,0.96,14,0.949091,"Правило: ≥3 выхода, seed или исходящих ≥1,5× входящих; вход 3 / 550,791 KZT; выход 23 / 2,377,741 KZT; операций 8/26; дней 17"
100000003242795100,terminal,0.81,5,0.326756,"Правило: есть вход, выхода нет в пределах обхода; вход 1 / 111,000 KZT; выход 0 / 0 KZT; операций 1/0; дней 1"
100000003246024100,peripheral,0.55,3,0.411805,"Правило: пороги других ролей не выполнены; вход 1 / 25,000 KZT; выход 1 / 5,000 KZT; операций 1/1; дней 1"
100000003247600100,terminal,0.74556,0,0.161476,"Правило: глубина 4; 1 операция: дальше шли 26% из 1126 узлов колен 1–3; вероятно конечный; вход 1 / 58,000 KZT; выход 0 / 0 KZT; операций 1/0; дней 1"
100000003249054100,consolidator,0.96,0,0.842339,"Правило: 3 входа или больше, входящих ≥1,5× исходящих; вход 7 / 99,700 KZT; выход 1 / 15,000 KZT; операций 11/1; дней 9"
100000003252446100,terminal,0.74556,1,0.174779,"Правило: глубина 4; 1 операция: дальше шли 26% из 1126 узлов колен 1–3; вероятно конечный; вход 1 / 108,600 KZT; выход 0 / 0 KZT; операций 1/0; дней 1"
100000003254277100,transit,0.884234,0,0.675925,"Правило: есть вход и выход, отношение сумм 0,5–2; вход 1 / 49,200 KZT; выход 1 / 44,997 KZT; операций 1/1; дней 1"
100000003254723100,terminal,0.9,15,0.549423,"Правило: есть вход, выхода нет в пределах обхода; вход 1 / 269,850 KZT; выход 0 / 0 KZT; операций 6/0; дней 6"
100000003265158100,consolidator,0.835,11,0.839443,"Правило: 3 входа или больше, входящих ≥1,5× исходящих; вход 3 / 146,100 KZT; выход 2 / 154,200 KZT; операций 3/4; дней 3"
100000003265658100,peripheral,0.75,48,0.019203,Правило: наблюдаемых связей нет; вход 0 / 0 KZT; выход 0 / 0 KZT; операций 0/0; дней 0; seed: вход неполон
100000003270419100,terminal,0.81,28,0.335847,"Правило: есть вход, выхода нет в пределах обхода; вход 1 / 150,000 KZT; выход 0 / 0 KZT; операций 1/0; дней 1"
100000003271151100,terminal,0.81,3,0.330759,"Правило: есть вход, выхода нет в пределах обхода; вход 1 / 127,294 KZT; выход 0 / 0 KZT; операций 1/0; дней 1"
100000003275398100,peripheral,0.55,21,0.484892,"Правило: пороги других ролей не выполнены; вход 1 / 300,000 KZT; выход 1 / 20,000 KZT; операций 1/1; дней 2"
100000003278020100,terminal,0.81,0,0.34473,"Правило: есть вход, выхода нет в пределах обхода; вход 1 / 190,000 KZT; выход 0 / 0 KZT; операций 1/0; дней 1"
100000003284932100,terminal,0.81,6,0.307238,"Правило: есть вход, выхода нет в пределах обхода; вход 1 / 69,925 KZT; выход 0 / 0 KZT; операций 1/0; дней 1"
100000003286537100,terminal,0.84,1,0.547897,"Правило: есть вход, выхода нет в пределах обхода; вход 2 / 153,000 KZT; выход 0 / 0 KZT; операций 2/0; дней 1"
100000003289281100,terminal,0.74556,3,0.151475,"Правило: глубина 4; 1 операция: дальше шли 26% из 1126 узлов колен 1–3; вероятно конечный; вход 1 / 40,000 KZT; выход 0 / 0 KZT; операций 1/0; дней 1"
100000003289405100,terminal,0.81,10,0.36504,"Правило: есть вход, выхода нет в пределах обхода; вход 1 / 355,000 KZT; выход 0 / 0 KZT; операций 1/0; дней 1"
100000003292191100,terminal,0.81,1,0.327047,"Правило: есть вход, выхода нет в пределах обхода; вход 1 / 112,000 KZT; выход 0 / 0 KZT; операций 1/0; дней 1"
100000003292979100,terminal,0.81,6,0.292058,"Правило: есть вход, выхода нет в пределах обхода; вход 1 / 48,950 KZT; выход 0 / 0 KZT; операций 1/0; дней 1"
100000003293377100,terminal,0.81,5,0.294227,"Правило: есть вход, выхода нет в пределах обхода; вход 1 / 50,000 KZT; выход 0 / 0 KZT; операций 1/0; дней 1"
100000003299365100,transit,0.91,6,0.683218,"Правило: есть вход и выход, отношение сумм 0,5–2; вход 1 / 200,000 KZT; выход 1 / 200,000 KZT; операций 1/1; дней 1"
100000003321423100,terminal,0.84,29,0.470217,"Правило: есть вход, выхода нет в пределах обхода; вход 1 / 100,000 KZT; выход 0 / 0 KZT; операций 2/0; дней 2"
100000003321895100,peripheral,0.55,2,0.621347,"Правило: пороги других ролей не выполнены; вход 1 / 24,000 KZT; выход 2 / 553,830 KZT; операций 1/3; дней 4"
100000003336565100,terminal,0.81,4,0.244766,"Правило: есть вход, выхода нет в пределах обхода; вход 1 / 16,550 KZT; выход 0 / 0 KZT; операций 1/0; дней 1"
100000003338583100,terminal,0.81,21,0.256443,"Правило: есть вход, выхода нет в пределах обхода; вход 1 / 21,765 KZT; выход 0 / 0 KZT; операций 1/0; дней 1"
100000003345947100,peripheral,0.4,15,0.18065,"Правило: глубина 4; 6+ операций: дальше шли 83% из 129 узлов колен 1–3; вероятно продолжение; вход 1 / 79,500 KZT; выход 0 / 0 KZT; операций 6/0; дней 1"
100000003349739100,peripheral,0.75,49,0.019203,Правило: наблюдаемых связей нет; вход 0 / 0 KZT; выход 0 / 0 KZT; операций 0/0; дней 0; seed: вход неполон
100000003360542100,peripheral,0.55,6,0.551907,"Правило: пороги других ролей не выполнены; вход 2 / 317,000 KZT; выход 2 / 51,800 KZT; операций 3/5; дней 8"
100000003366154100,distributor,0.795,6,0.794098,"Правило: ≥3 выхода, seed или исходящих ≥1,5× входящих; вход 1 / 125,000 KZT; выход 3 / 289,170 KZT; операций 1/3; дней 1"
100000003366471100,peripheral,0.55,3,0.596147,"Правило: пороги других ролей не выполнены; вход 2 / 329,789 KZT; выход 1 / 20,000 KZT; операций 5/1; дней 4"
100000003370425100,terminal,0.74556,0,0.134364,"Правило: глубина 4; 1 операция: дальше шли 26% из 1126 узлов колен 1–3; вероятно конечный; вход 1 / 20,000 KZT; выход 0 / 0 KZT; операций 1/0; дней 1"
100000003377795100,terminal,0.81,13,0.222496,"Правило: есть вход, выхода нет в пределах обхода; вход 1 / 7,000 KZT; выход 0 / 0 KZT; операций 1/0; дней 1"
100000003390036100,peripheral,0.55,6,0.623738,"Правило: пороги других ролей не выполнены; вход 2 / 231,300 KZT; выход 2 / 62,000 KZT; операций 4/2; дней 5"
100000003404627100,terminal,0.9,35,0.685288,"Правило: есть вход, выхода нет в пределах обхода; вход 4 / 877,700 KZT; выход 0 / 0 KZT; операций 5/0; дней 2"
100000003406094100,distributor,0.855,2,0.786533,"Правило: ≥3 выхода, seed или исходящих ≥1,5× входящих; вход 1 / 70,000 KZT; выход 3 / 47,000 KZT; операций 4/3; дней 7"
100000003447411100,peripheral,0.4,15,0.226542,"Правило: глубина 4; 3–5 операций: дальше шли 61% из 211 узлов колен 1–3; продолжение неясно; вход 1 / 302,000 KZT; выход 0 / 0 KZT; операций 3/0; дней 3"
100000003448713100,terminal,0.74556,15,0.191615,"Правило: глубина 4; 1 операция: дальше шли 26% из 1126 узлов колен 1–3; вероятно конечный; вход 1 / 266,750 KZT; выход 0 / 0 KZT; операций 1/0; дней 1"
100000003449074100,terminal,0.81,0,0.228668,"Правило: есть вход, выхода нет в пределах обхода; вход 1 / 10,000 KZT; выход 0 / 0 KZT; операций 1/0; дней 1"
100000003457710100,peripheral,0.55,5,0.580166,"Правило: пороги других ролей не выполнены; вход 1 / 326,555 KZT; выход 1 / 1,306,000 KZT; операций 1/2; дней 1"
100000003470579100,peripheral,0.4,23,0.223514,"Правило: глубина 4; 2 операции: дальше шли 44% из 257 узлов колен 1–3; продолжение неясно; вход 1 / 357,000 KZT; выход 0 / 0 KZT; операций 2/0; дней 2"
100000003476560100,terminal,0.81,6,0.294227,"Правило: есть вход, выхода нет в пределах обхода; вход 1 / 50,000 KZT; выход 0 / 0 KZT; операций 1/0; дней 1"
100000003481025100,terminal,0.74556,0,0.119455,"Правило: глубина 4; 1 операция: дальше шли 26% из 1126 узлов колен 1–3; вероятно конечный; вход 1 / 9,000 KZT; выход 0 / 0 KZT; операций 1/0; дней 1"
100000003484058100,peripheral,0.55,8,0.505133,"Правило: пороги других ролей не выполнены; вход 1 / 110,000 KZT; выход 1 / 6,000 KZT; операций 1/1; дней 2"
100000003486846100,peripheral,0.4,2,0.151798,"Правило: глубина 4; 2 операции: дальше шли 44% из 257 узлов колен 1–3; продолжение неясно; вход 1 / 27,000 KZT; выход 0 / 0 KZT; операций 2/0; дней 2"
100000003486970100,terminal,0.81,5,0.335847,"Правило: есть вход, выхода нет в пределах обхода; вход 1 / 150,000 KZT; выход 0 / 0 KZT; операций 1/0; дней 1"
100000003497735100,terminal,0.81,19,0.3303,"Правило: есть вход, выхода нет в пределах обхода; вход 1 / 125,000 KZT; выход 0 / 0 KZT; операций 1/0; дней 1"
100000003500764100,terminal,0.74556,14,0.136153,"Правило: глубина 4; 1 операция: дальше шли 26% из 1126 узлов колен 1–3; вероятно конечный; вход 1 / 21,000 KZT; выход 0 / 0 KZT; операций 1/0; дней 1"
100000003509750100,transit,0.926027,12,0.73775,"Правило: есть вход и выход, отношение сумм 0,5–2; вход 3 / 82,290 KZT; выход 3 / 78,400 KZT; операций 4/5; дней 7"
100000003528285100,coordinator,0.978754,3,0.949153,"Правило: ≥2 входа и выхода, посредничество в верхних 10%; вход 4 / 118,870 KZT; выход 4 / 548,000 KZT; операций 5/6; дней 9"
100000003557488100,peripheral,0.55,26,0.634325,"Правило: пороги других ролей не выполнены; вход 1 / 664,992 KZT; выход 2 / 138,000 KZT; операций 3/4; дней 5"
100000003561031100,peripheral,0.55,3,0.39965,"Правило: пороги других ролей не выполнены; вход 1 / 13,300 KZT; выход 1 / 5,000 KZT; операций 1/1; дней 2"
100000003567087100,terminal,0.81,4,0.304235,"Правило: есть вход, выхода нет в пределах обхода; вход 1 / 62,115 KZT; выход 0 / 0 KZT; операций 1/0; дней 1"
100000003568904100,terminal,0.74556,0,0.156315,"Правило: глубина 4; 1 операция: дальше шли 26% из 1126 узлов колен 1–3; вероятно конечный; вход 1 / 49,000 KZT; выход 0 / 0 KZT; операций 1/0; дней 1"
100000003574895100,transit,0.813245,0,0.620678,"Правило: есть вход и выход, отношение сумм 0,5–2; вход 1 / 27,968 KZT; выход 1 / 20,000 KZT; операций 1/1; дней 1"
100000003581109100,terminal,0.81,0,0.285677,"Правило: есть вход, выхода нет в пределах обхода; вход 1 / 42,750 KZT; выход 0 / 0 KZT; операций 1/0; дней 1"
100000003582677100,distributor,0.89,0,0.704535,"Правило: ≥3 выхода, seed или исходящих ≥1,5× входящих; вход 2 / 29,757 KZT; выход 4 / 56,000 KZT; операций 2/5; дней 4"
100000003589877100,distributor,0.96,1,0.895377,"Правило: ≥3 выхода, seed или исходящих ≥1,5× входящих; вход 2 / 176,000 KZT; выход 6 / 416,129 KZT; операций 2/6; дней 4"
100000003594472100,terminal,0.81,26,0.252273,"Правило: есть вход, выхода нет в пределах обхода; вход 1 / 20,000 KZT; выход 0 / 0 KZT; операций 1/0; дней 1"
100000003603979100,terminal,0.87,21,0.510143,"Правило: есть вход, выхода нет в пределах обхода; вход 1 / 165,000 KZT; выход 0 / 0 KZT; операций 3/0; дней 3"
100000003610172100,terminal,0.81,5,0.307697,"Правило: есть вход, выхода нет в пределах обхода; вход 1 / 70,000 KZT; выход 0 / 0 KZT; операций 1/0; дней 1"
100000003616818100,peripheral,0.55,21,0.559314,"Правило: пороги других ролей не выполнены; вход 3 / 78,000 KZT; выход 3 / 240,100 KZT; операций 4/8; дней 9"
100000003617552100,terminal,0.81,24,0.26274,"Правило: есть вход, выхода нет в пределах обхода; вход 1 / 25,000 KZT; выход 0 / 0 KZT; операций 1/0; дней 1"
100000003622955100,terminal,0.74556,6,0.127552,"Правило: глубина 4; 1 операция: дальше шли 26% из 1126 узлов колен 1–3; вероятно конечный; вход 1 / 15,000 KZT; выход 0 / 0 KZT; операций 1/0; дней 1"
100000003626268100,terminal,0.74556,3,0.114913,"Правило: глубина 4; 1 операция: дальше шли 26% из 1126 узлов колен 1–3; вероятно конечный; вход 1 / 5,000 KZT; выход 0 / 0 KZT; операций 1/0; дней 1"
100000003631015100,terminal,0.74556,30,0.191523,"Правило: глубина 4; 1 операция: дальше шли 26% из 1126 узлов колен 1–3; вероятно конечный; вход 1 / 266,000 KZT; выход 0 / 0 KZT; операций 1/0; дней 1"
100000003632533100,terminal,0.74556,14,0.121382,"Правило: глубина 4; 1 операция: дальше шли 26% из 1126 узлов колен 1–3; вероятно конечный; вход 1 / 10,000 KZT; выход 0 / 0 KZT; операций 1/0; дней 1"
100000003635170100,transit,0.923413,29,0.882178,"Правило: есть вход и выход, отношение сумм 0,5–2; вход 3 / 268,500 KZT; выход 4 / 253,500 KZT; операций 13/10; дней 14"
100000003635660100,terminal,0.81,3,0.249437,"Правило: есть вход, выхода нет в пределах обхода; вход 1 / 18,985 KZT; выход 0 / 0 KZT; операций 1/0; дней 1"
100000003636627100,peripheral,0.55,12,0.451807,"Правило: пороги других ролей не выполнены; вход 1 / 77,000 KZT; выход 1 / 10,000 KZT; операций 8/1; дней 9"
100000003646145100,terminal,0.74556,16,0.114913,"Правило: глубина 4; 1 операция: дальше шли 26% из 1126 узлов колен 1–3; вероятно конечный; вход 1 / 5,000 KZT; выход 0 / 0 KZT; операций 1/0; дней 1"
100000003647799100,terminal,0.81,5,0.322627,"Правило: есть вход, выхода нет в пределах обхода; вход 1 / 100,000 KZT; выход 0 / 0 KZT; операций 1/0; дней 1"
100000003650146100,terminal,0.81,2,0.23801,"Правило: есть вход, выхода нет в пределах обхода; вход 1 / 14,400 KZT; выход 0 / 0 KZT; операций 1/0; дней 1"
100000003664994100,peripheral,0.4,5,0.221863,"Правило: глубина 4; 2 операции: дальше шли 44% из 257 узлов колен 1–3; продолжение неясно; вход 1 / 338,271 KZT; выход 0 / 0 KZT; операций 2/0; дней 2"
100000003671721100,terminal,0.81,8,0.216908,"Правило: есть вход, выхода нет в пределах обхода; вход 1 / 5,000 KZT; выход 0 / 0 KZT; операций 1/0; дней 1"
100000003677936100,peripheral,0.55,0,0.491999,"Правило: пороги других ролей не выполнены; вход 1 / 71,000 KZT; выход 1 / 13,000 KZT; операций 1/2; дней 2"
100000003684369100,coordinator,0.979253,6,0.892837,"Правило: ≥2 входа и выхода, посредничество в верхних 10%; вход 24 / 3,848,436 KZT; выход 62 / 8,588,655 KZT; операций 58/67; дней 16; seed: вход неполон"
100000003692843100,peripheral,0.4,2,0.231833,"Правило: глубина 4; 2 операции: дальше шли 44% из 257 узлов колен 1–3; продолжение неясно; вход 1 / 510,000 KZT; выход 0 / 0 KZT; операций 2/0; дней 2"
100000003696422100,peripheral,0.4,26,0.196754,"Правило: глубина 4; 2 операции: дальше шли 44% из 257 узлов колен 1–3; продолжение неясно; вход 1 / 118,000 KZT; выход 0 / 0 KZT; операций 2/0; дней 2"
100000003701161100,peripheral,0.55,20,0.696302,"Правило: пороги других ролей не выполнены; вход 4 / 1,527,103 KZT; выход 3 / 349,000 KZT; операций 13/7; дней 14"
100000003711830100,terminal,0.81,3,0.294227,"Правило: есть вход, выхода нет в пределах обхода; вход 1 / 50,000 KZT; выход 0 / 0 KZT; операций 1/0; дней 1"
100000003713616100,terminal,0.81,2,0.242848,"Правило: есть вход, выхода нет в пределах обхода; вход 1 / 15,893 KZT; выход 0 / 0 KZT; операций 1/0; дней 1"
100000003718221100,distributor,0.89,20,0.879146,"Правило: ≥3 выхода, seed или исходящих ≥1,5× входящих; вход 2 / 350,000 KZT; выход 4 / 423,500 KZT; операций 6/8; дней 11"
100000003718715100,peripheral,0.4,15,0.245564,"Правило: глубина 4; 3–5 операций: дальше шли 61% из 211 узлов колен 1–3; продолжение неясно; вход 1 / 915,000 KZT; выход 0 / 0 KZT; операций 3/0; дней 3"
100000003724440100,terminal,0.84,0,0.508551,"Правило: есть вход, выхода нет в пределах обхода; вход 2 / 50,000 KZT; выход 0 / 0 KZT; операций 2/0; дней 2"
100000003736419100,peripheral,0.55,3,0.418089,"Правило: пороги других ролей не выполнены; вход 1 / 23,300 KZT; выход 1 / 10,000 KZT; операций 1/1; дней 1"
100000003739818100,terminal,0.81,6,0.301233,"Правило: есть вход, выхода нет в пределах обхода; вход 1 / 57,293 KZT; выход 0 / 0 KZT; операций 1/0; дней 1"
100000003741418100,consolidator,0.96,0,0.862946,"Правило: 3 входа или больше, входящих ≥1,5× исходящих; вход 9 / 151,900 KZT; выход 3 / 39,920 KZT; операций 13/3; дней 11"
100000003747133100,consolidator,0.925,0,0.898356,"Правило: 3 входа или больше, входящих ≥1,5× исходящих; вход 5 / 237,068 KZT; выход 2 / 250,000 KZT; операций 8/2; дней 8"
100000003760160100,terminal,0.81,5,0.32467,"Правило: есть вход, выхода нет в пределах обхода; вход 1 / 104,470 KZT; выход 0 / 0 KZT; операций 1/0; дней 1"
100000003770083100,peripheral,0.75,50,0.019203,Правило: наблюдаемых связей нет; вход 0 / 0 KZT; выход 0 / 0 KZT; операций 0/0; дней 0; seed: вход неполон
100000003781406100,terminal,0.84,11,0.405971,"Правило: есть вход, выхода нет в пределах обхода; вход 1 / 45,000 KZT; выход 0 / 0 KZT; операций 2/0; дней 1"
100000003782913100,terminal,0.74556,8,0.186546,"Правило: глубина 4; 1 операция: дальше шли 26% из 1126 узлов колен 1–3; вероятно конечный; вход 1 / 200,000 KZT; выход 0 / 0 KZT; операций 1/0; дней 1"
100000003786516100,terminal,0.74556,0,0.114913,"Правило: глубина 4; 1 операция: дальше шли 26% из 1126 узлов колен 1–3; вероятно конечный; вход 1 / 5,000 KZT; выход 0 / 0 KZT; операций 1/0; дней 1"
100000003792647100,terminal,0.74556,14,0.118698,"Правило: глубина 4; 1 операция: дальше шли 26% из 1126 узлов колен 1–3; вероятно конечный; вход 1 / 8,000 KZT; выход 0 / 0 KZT; операций 1/0; дней 1"
100000003795588100,terminal,0.84,3,0.513567,"Правило: есть вход, выхода нет в пределах обхода; вход 1 / 400,000 KZT; выход 0 / 0 KZT; операций 2/0; дней 1"
100000003796063100,distributor,0.96,0,0.929184,"Правило: ≥3 выхода, seed или исходящих ≥1,5× входящих; вход 1 / 35,000 KZT; выход 15 / 959,150 KZT; операций 1/23; дней 11"
100000003798151100,terminal,0.87,2,0.54206,"Правило: есть вход, выхода нет в пределах обхода; вход 1 / 350,000 KZT; выход 0 / 0 KZT; операций 3/0; дней 3"
100000003809101100,peripheral,0.55,18,0.609414,"Правило: пороги других ролей не выполнены; вход 2 / 166,050 KZT; выход 2 / 55,200 KZT; операций 3/4; дней 5"
100000003814002100,terminal,0.81,5,0.271707,"Правило: есть вход, выхода нет в пределах обхода; вход 1 / 30,000 KZT; выход 0 / 0 KZT; операций 1/0; дней 1"
100000003819173100,terminal,0.74556,15,0.179183,"Правило: глубина 4; 1 операция: дальше шли 26% из 1126 узлов колен 1–3; вероятно конечный; вход 1 / 143,777 KZT; выход 0 / 0 KZT; операций 1/0; дней 1"
100000003823811100,distributor,0.855,18,0.76914,"Правило: ≥3 выхода, seed или исходящих ≥1,5× входящих; вход 1 / 30,000 KZT; выход 3 / 66,130 KZT; операций 1/3; дней 4"
100000003824464100,terminal,0.81,20,0.347149,"Правило: есть вход, выхода нет в пределах обхода; вход 1 / 200,000 KZT; выход 0 / 0 KZT; операций 1/0; дней 1"
100000003831201100,terminal,0.87,0,0.435521,"Правило: есть вход, выхода нет в пределах обхода; вход 1 / 40,500 KZT; выход 0 / 0 KZT; операций 3/0; дней 3"
100000003831324100,terminal,0.84,13,0.596073,"Правило: есть вход, выхода нет в пределах обхода; вход 2 / 300,000 KZT; выход 0 / 0 KZT; операций 2/0; дней 2"
100000003832231100,terminal,0.81,6,0.278337,"Правило: есть вход, выхода нет в пределах обхода; вход 1 / 35,000 KZT; выход 0 / 0 KZT; операций 1/0; дней 1"
100000003834495100,consolidator,0.855,3,0.783499,"Правило: 3 входа или больше, входящих ≥1,5× исходящих; вход 3 / 602,441 KZT; выход 1 / 20,000 KZT; операций 5/1; дней 4"
100000003835149100,peripheral,0.55,11,0.59052,"Правило: пороги других ролей не выполнены; вход 1 / 248,500 KZT; выход 2 / 4,600,440 KZT; операций 1/13; дней 12"
100000003838587100,terminal,0.74556,8,0.116909,"Правило: глубина 4; 1 операция: дальше шли 26% из 1126 узлов колен 1–3; вероятно конечный; вход 1 / 6,000 KZT; выход 0 / 0 KZT; операций 1/0; дней 1"
100000003843844100,peripheral,0.55,0,0.541109,"Правило: пороги других ролей не выполнены; вход 1 / 16,680 KZT; выход 1 / 238,000 KZT; операций 1/1; дней 2"
100000003854444100,distributor,0.96,19,0.940639,"Правило: ≥3 выхода, seed или исходящих ≥1,5× входящих; вход 1 / 210,000 KZT; выход 14 / 2,322,909 KZT; операций 4/14; дней 10"
100000003865939100,terminal,0.81,46,0.312368,"Правило: есть вход, выхода нет в пределах обхода; вход 1 / 81,465 KZT; выход 0 / 0 KZT; операций 1/0; дней 1"
100000003873332100,distributor,0.89,19,0.856036,"Правило: ≥3 выхода, seed или исходящих ≥1,5× входящих; вход 1 / 23,468 KZT; выход 4 / 286,000 KZT; операций 1/8; дней 9"
100000003877908100,terminal,0.81,6,0.283384,"Правило: есть вход, выхода нет в пределах обхода; вход 1 / 40,000 KZT; выход 0 / 0 KZT; операций 1/0; дней 1"
100000003880331100,distributor,0.96,15,0.943197,"Правило: ≥3 выхода, seed или исходящих ≥1,5× входящих; вход 1 / 100,000 KZT; выход 16 / 3,904,908 KZT; операций 1/31; дней 8"
100000003886323100,peripheral,0.55,2,0.535304,"Правило: пороги других ролей не выполнены; вход 2 / 78,168 KZT; выход 1 / 7,650 KZT; операций 6/1; дней 6"
100000003888197100,terminal,0.81,5,0.313494,"Правило: есть вход, выхода нет в пределах обхода; вход 1 / 83,167 KZT; выход 0 / 0 KZT; операций 1/0; дней 1"
100000003888271100,peripheral,0.55,33,0.492232,"Правило: пороги других ролей не выполнены; вход 1 / 12,177 KZT; выход 2 / 25,590 KZT; операций 2/3; дней 5"
100000003888527100,terminal,0.81,5,0.271707,"Правило: есть вход, выхода нет в пределах обхода; вход 1 / 30,000 KZT; выход 0 / 0 KZT; операций 1/0; дней 1"
100000003896956100,peripheral,0.55,2,0.458636,"Правило: пороги других ролей не выполнены; вход 1 / 10,000 KZT; выход 1 / 27,000 KZT; операций 1/2; дней 3"
100000003899325100,terminal,0.81,15,0.295478,"Правило: есть вход, выхода нет в пределах обхода; вход 1 / 50,120 KZT; выход 0 / 0 KZT; операций 1/0; дней 1"
100000003899899100,peripheral,0.55,2,0.580444,"Правило: пороги других ролей не выполнены; вход 2 / 218,500 KZT; выход 1 / 10,000 KZT; операций 5/1; дней 5"
100000003900547100,terminal,0.81,2,0.259779,"Правило: есть вход, выхода нет в пределах обхода; вход 1 / 23,700 KZT; выход 0 / 0 KZT; операций 1/0; дней 1"
100000003904497100,terminal,0.74556,1,0.121382,"Правило: глубина 4; 1 операция: дальше шли 26% из 1126 узлов колен 1–3; вероятно конечный; вход 1 / 10,000 KZT; выход 0 / 0 KZT; операций 1/0; дней 1"
100000003917461100,peripheral,0.55,11,0.5689,"Правило: пороги других ролей не выполнены; вход 1 / 10,000 KZT; выход 2 / 140,000 KZT; операций 1/5; дней 5"
100000003920950100,terminal,0.81,0,0.362037,"Правило: есть вход, выхода нет в пределах обхода; вход 1 / 323,290 KZT; выход 0 / 0 KZT; операций 1/0; дней 1"
100000003922499100,terminal,0.81,11,0.294227,"Правило: есть вход, выхода нет в пределах обхода; вход 1 / 50,000 KZT; выход 0 / 0 KZT; операций 1/0; дней 1"
100000003923946100,distributor,0.87,12,0.787791,"Правило: ≥3 выхода, seed или исходящих ≥1,5× входящих; вход 1 / 282,000 KZT; выход 4 / 675,000 KZT; операций 3/4; дней 3"
100000003927792100,terminal,0.81,2,0.235841,"Правило: есть вход, выхода нет в пределах обхода; вход 1 / 13,067 KZT; выход 0 / 0 KZT; операций 1/0; дней 1"
100000003934614100,transit,0.81722,17,0.581756,"Правило: есть вход и выход, отношение сумм 0,5–2; вход 2 / 17,000 KZT; выход 1 / 11,500 KZT; операций 2/2; дней 3"
100000003942602100,transit,0.91,4,0.595473,"Правило: есть вход и выход, отношение сумм 0,5–2; вход 1 / 30,000 KZT; выход 1 / 30,000 KZT; операций 1/1; дней 1"
100000003943247100,terminal,0.81,0,0.283384,"Правило: есть вход, выхода нет в пределах обхода; вход 1 / 40,000 KZT; выход 0 / 0 KZT; операций 1/0; дней 1"
100000003943483100,terminal,0.81,11,0.228668,"Правило: есть вход, выхода нет в пределах обхода; вход 1 / 10,000 KZT; выход 0 / 0 KZT; операций 1/0; дней 1"
100000003946524100,transit,0.91721,6,0.826593,"Правило: есть вход и выход, отношение сумм 0,5–2; вход 2 / 133,757 KZT; выход 2 / 144,750 KZT; операций 2/2; дней 4"
100000003950749100,terminal,0.74556,2,0.117987,"Правило: глубина 4; 1 операция: дальше шли 26% из 1126 узлов колен 1–3; вероятно конечный; вход 1 / 7,000 KZT; выход 0 / 0 KZT; операций 1/0; дней 1"
100000003951827100,transit,0.746492,0,0.555113,"Правило: есть вход и выход, отношение сумм 0,5–2; вход 1 / 9,000 KZT; выход 2 / 17,000 KZT; операций 1/2; дней 3"
100000003962994100,terminal,0.81,2,0.228668,"Правило: есть вход, выхода нет в пределах обхода; вход 1 / 10,000 KZT; выход 0 / 0 KZT; операций 1/0; дней 1"
100000003964910100,terminal,0.84,14,0.615068,"Правило: есть вход, выхода нет в пределах обхода; вход 2 / 1,000,000 KZT; выход 0 / 0 KZT; операций 2/0; дней 1"
100000003968044100,distributor,0.855,3,0.815403,"Правило: ≥3 выхода, seed или исходящих ≥1,5× входящих; вход 1 / 40,000 KZT; выход 3 / 311,000 KZT; операций 1/4; дней 5"
100000003970394100,terminal,0.81,11,0.314703,"Правило: есть вход, выхода нет в пределах обхода; вход 1 / 85,000 KZT; выход 0 / 0 KZT; операций 1/0; дней 1"
100000003971049100,terminal,0.9,14,0.476569,"Правило: есть вход, выхода нет в пределах обхода; вход 1 / 55,900 KZT; выход 0 / 0 KZT; операций 7/0; дней 7"
100000003975102100,peripheral,0.55,2,0.496036,"Правило: пороги других ролей не выполнены; вход 1 / 25,650 KZT; выход 2 / 88,500 KZT; операций 1/2; дней 3; seed: вход неполон"
100000003977183100,distributor,0.89,12,0.72256,"Правило: ≥3 выхода, seed или исходящих ≥1,5× входящих; вход 2 / 123,800 KZT; выход 4 / 766,000 KZT; операций 2/6; дней 6; seed: вход неполон"
100000003980083100,terminal,0.81,45,0.271707,"Правило: есть вход, выхода нет в пределах обхода; вход 1 / 30,000 KZT; выход 0 / 0 KZT; операций 1/0; дней 1"
100000003985389100,peripheral,0.4,15,0.245222,"Правило: глубина 4; 6+ операций: дальше шли 83% из 129 узлов колен 1–3; вероятно продолжение; вход 1 / 422,698 KZT; выход 0 / 0 KZT; операций 16/0; дней 15"
100000003986141100,terminal,0.81,14,0.218743,"Правило: есть вход, выхода нет в пределах обхода; вход 1 / 5,286 KZT; выход 0 / 0 KZT; операций 1/0; дней 1"
100000003988112100,transit,0.825288,18,0.657891,"Правило: есть вход и выход, отношение сумм 0,5–2; вход 1 / 92,000 KZT; выход 1 / 64,000 KZT; операций 2/5; дней 3"
100000003989033100,peripheral,0.4,9,0.241717,"Правило: глубина 4; 6+ операций: дальше шли 83% из 129 узлов колен 1–3; вероятно продолжение; вход 1 / 373,400 KZT; выход 0 / 0 KZT; операций 13/0; дней 12"
100000003996562100,terminal,0.81,0,0.223289,"Правило: есть вход, выхода нет в пределах обхода; вход 1 / 7,700 KZT; выход 0 / 0 KZT; операций 1/0; дней 1"
100000004004621100,terminal,0.87,0,0.563067,"Правило: есть вход, выхода нет в пределах обхода; вход 3 / 75,389 KZT; выход 0 / 0 KZT; операций 3/0; дней 2"
100000004005964100,transit,0.851338,21,0.725387,"Правило: есть вход и выход, отношение сумм 0,5–2; вход 3 / 97,900 KZT; выход 3 / 72,000 KZT; операций 9/5; дней 9"
100000004006327100,peripheral,0.4,1,0.22593,"Правило: глубина 4; 3–5 операций: дальше шли 61% из 211 узлов колен 1–3; продолжение неясно; вход 1 / 300,000 KZT; выход 0 / 0 KZT; операций 3/0; дней 3"
100000004007116100,distributor,0.89,21,0.734611,"Правило: ≥3 выхода, seed или исходящих ≥1,5× входящих; вход 3 / 764,704 KZT; выход 4 / 148,000 KZT; операций 24/6; дней 18; seed: вход неполон"
100000004007197100,terminal,0.81,21,0.231254,"Правило: есть вход, выхода нет в пределах обхода; вход 1 / 10,048 KZT; выход 0 / 0 KZT; операций 1/0; дней 1"
100000004013952100,terminal,0.74556,3,0.116335,"Правило: глубина 4; 1 операция: дальше шли 26% из 1126 узлов колен 1–3; вероятно конечный; вход 1 / 5,500 KZT; выход 0 / 0 KZT; операций 1/0; дней 1"
100000004015047100,consolidator,0.96,12,0.854772,"Правило: 3 входа или больше, входящих ≥1,5× исходящих; вход 9 / 919,104 KZT; выход 1 / 69,195 KZT; операций 18/7; дней 14"
100000004017410100,distributor,0.925,17,0.903954,"Правило: ≥3 выхода, seed или исходящих ≥1,5× входящих; вход 2 / 193,650 KZT; выход 5 / 1,330,915 KZT; операций 6/11; дней 9"
100000004019056100,terminal,0.74556,0,0.157439,"Правило: глубина 4; 1 операция: дальше шли 26% из 1126 узлов колен 1–3; вероятно конечный; вход 1 / 50,000 KZT; выход 0 / 0 KZT; операций 1/0; дней 1"
100000004019124100,terminal,0.87,2,0.554363,"Правило: есть вход, выхода нет в пределах обхода; вход 3 / 193,000 KZT; выход 0 / 0 KZT; операций 3/0; дней 3; seed: вход неполон"
100000004021459100,peripheral,0.75,51,0.019203,Правило: наблюдаемых связей нет; вход 0 / 0 KZT; выход 0 / 0 KZT; операций 0/0; дней 0; seed: вход неполон
100000004030553100,terminal,0.74556,10,0.164847,"Правило: глубина 4; 1 операция: дальше шли 26% из 1126 узлов колен 1–3; вероятно конечный; вход 1 / 70,000 KZT; выход 0 / 0 KZT; операций 1/0; дней 1"
100000004035925100,peripheral,0.4,2,0.24113,"Правило: глубина 4; 2 операции: дальше шли 44% из 257 узлов колен 1–3; продолжение неясно; вход 1 / 1,111,588 KZT; выход 0 / 0 KZT; операций 2/0; дней 2"
100000004041163100,peripheral,0.55,2,0.566369,"Правило: пороги других ролей не выполнены; вход 1 / 50,000 KZT; выход 2 / 866,000 KZT; операций 1/6; дней 5; seed: вход неполон"
100000004041294100,peripheral,0.4,22,0.127258,"Правило: глубина 4; 2 операции: дальше шли 44% из 257 узлов колен 1–3; продолжение неясно; вход 1 / 17,800 KZT; выход 0 / 0 KZT; операций 2/0; дней 1"
100000004047887100,terminal,0.74556,5,0.145053,"Правило: глубина 4; 1 операция: дальше шли 26% из 1126 узлов колен 1–3; вероятно конечный; вход 1 / 30,000 KZT; выход 0 / 0 KZT; операций 1/0; дней 1"
100000004049912100,terminal,0.74556,19,0.121382,"Правило: глубина 4; 1 операция: дальше шли 26% из 1126 узлов колен 1–3; вероятно конечный; вход 1 / 10,000 KZT; выход 0 / 0 KZT; операций 1/0; дней 1"
100000004058740100,terminal,0.81,4,0.271707,"Правило: есть вход, выхода нет в пределах обхода; вход 1 / 30,000 KZT; выход 0 / 0 KZT; операций 1/0; дней 1"
100000004064431100,peripheral,0.55,21,0.375184,"Правило: пороги других ролей не выполнены; вход 1 / 26,000 KZT; выход 1 / 10,000 KZT; операций 1/1; дней 2"
100000004066370100,peripheral,0.4,16,0.179598,"Правило: глубина 4; 2 операции: дальше шли 44% из 257 узлов колен 1–3; продолжение неясно; вход 1 / 65,000 KZT; выход 0 / 0 KZT; операций 2/0; дней 2"
100000004066647100,terminal,0.81,19,0.296187,"Правило: есть вход, выхода нет в пределах обхода; вход 1 / 51,000 KZT; выход 0 / 0 KZT; операций 1/0; дней 1"
100000004070318100,coordinator,0.978256,0,0.964774,"Правило: ≥2 входа и выхода, посредничество в верхних 10%; вход 4 / 207,247 KZT; выход 19 / 551,860 KZT; операций 6/37; дней 17"
100000004070530100,terminal,0.74556,5,0.134364,"Правило: глубина 4; 1 операция: дальше шли 26% из 1126 узлов колен 1–3; вероятно конечный; вход 1 / 20,000 KZT; выход 0 / 0 KZT; операций 1/0; дней 1"
100000004071070100,peripheral,0.55,3,0.435515,"Правило: пороги других ролей не выполнены; вход 2 / 41,000 KZT; выход 1 / 6,000 KZT; операций 5/1; дней 6"
100000004071080100,consolidator,0.96,3,0.881018,"Правило: 3 входа или больше, входящих ≥1,5× исходящих; вход 9 / 238,600 KZT; выход 2 / 46,500 KZT; операций 16/5; дней 12"
100000004071444100,peripheral,0.55,3,0.552675,"Правило: пороги других ролей не выполнены; вход 1 / 247,350 KZT; выход 1 / 100,000 KZT; операций 1/1; дней 2"
100000004076740100,distributor,0.96,17,0.874703,"Правило: ≥3 выхода, seed или исходящих ≥1,5× входящих; вход 3 / 93,250 KZT; выход 6 / 125,000 KZT; операций 5/10; дней 12"
100000004077081100,distributor,0.89,0,0.857905,"Правило: ≥3 выхода, seed или исходящих ≥1,5× входящих; вход 1 / 140,000 KZT; выход 4 / 615,000 KZT; операций 1/6; дней 5"
100000004094958100,transit,0.902695,37,0.604731,"Правило: есть вход и выход, отношение сумм 0,5–2; вход 1 / 39,000 KZT; выход 1 / 40,000 KZT; операций 1/1; дней 1"
100000004096559100,terminal,0.81,13,0.289055,"Правило: есть вход, выхода нет в пределах обхода; вход 1 / 46,200 KZT; выход 0 / 0 KZT; операций 1/0; дней 1"
100000004097972100,peripheral,0.55,3,0.545657,"Правило: пороги других ролей не выполнены; вход 1 / 118,878 KZT; выход 2 / 10,000 KZT; операций 1/2; дней 2"
100000004099450100,terminal,0.81,3,0.273792,"Правило: есть вход, выхода нет в пределах обхода; вход 1 / 31,000 KZT; выход 0 / 0 KZT; операций 1/0; дней 1"
100000004105288100,terminal,0.84,6,0.581727,"Правило: есть вход, выхода нет в пределах обхода; вход 2 / 215,000 KZT; выход 0 / 0 KZT; операций 2/0; дней 2"
100000004107228100,terminal,0.74556,3,0.114913,"Правило: глубина 4; 1 операция: дальше шли 26% из 1126 узлов колен 1–3; вероятно конечный; вход 1 / 5,000 KZT; выход 0 / 0 KZT; операций 1/0; дней 1"
100000004114962100,terminal,0.84,5,0.569883,"Правило: есть вход, выхода нет в пределах обхода; вход 2 / 165,000 KZT; выход 0 / 0 KZT; операций 2/0; дней 2"
100000004130144100,terminal,0.81,13,0.347149,"Правило: есть вход, выхода нет в пределах обхода; вход 1 / 200,000 KZT; выход 0 / 0 KZT; операций 1/0; дней 1"
100000004134060100,terminal,0.81,1,0.31633,"Правило: есть вход, выхода нет в пределах обхода; вход 1 / 88,179 KZT; выход 0 / 0 KZT; операций 1/0; дней 1"
100000004135268100,distributor,0.855,39,0.799378,"Правило: ≥3 выхода, seed или исходящих ≥1,5× входящих; вход 2 / 1,239,000 KZT; выход 3 / 1,000,200 KZT; операций 3/4; дней 4"
100000004140487100,distributor,0.96,0,0.872801,"Правило: ≥3 выхода, seed или исходящих ≥1,5× входящих; вход 1 / 24,510 KZT; выход 10 / 262,600 KZT; операций 1/19; дней 7"
100000004140994100,terminal,0.81,7,0.249353,"Правило: есть вход, выхода нет в пределах обхода; вход 1 / 18,650 KZT; выход 0 / 0 KZT; операций 1/0; дней 1"
100000004144536100,terminal,0.9,21,0.637535,"Правило: есть вход, выхода нет в пределах обхода; вход 4 / 168,000 KZT; выход 0 / 0 KZT; операций 6/0; дней 5"
100000004150593100,distributor,0.96,2,0.92269,"Правило: ≥3 выхода, seed или исходящих ≥1,5× входящих; вход 1 / 57,000 KZT; выход 11 / 871,165 KZT; операций 2/16; дней 7"
100000004156082100,distributor,0.96,2,0.945644,"Правило: ≥3 выхода, seed или исходящих ≥1,5× входящих; вход 5 / 377,366 KZT; выход 26 / 2,319,556 KZT; операций 7/29; дней 7"
100000004158362100,terminal,0.81,0,0.233506,"Правило: есть вход, выхода нет в пределах обхода; вход 1 / 12,000 KZT; выход 0 / 0 KZT; операций 1/0; дней 1"
100000004159526100,peripheral,0.55,8,0.645958,"Правило: пороги других ролей не выполнены; вход 4 / 275,037 KZT; выход 4 / 68,000 KZT; операций 4/6; дней 7"
100000004160650100,distributor,0.96,21,0.850948,"Правило: ≥3 выхода, seed или исходящих ≥1,5× входящих; вход 2 / 75,100 KZT; выход 10 / 1,489,827 KZT; операций 4/40; дней 16"
100000004167082100,terminal,0.74556,0,0.125487,"Правило: глубина 4; 1 операция: дальше шли 26% из 1126 узлов колен 1–3; вероятно конечный; вход 1 / 13,300 KZT; выход 0 / 0 KZT; операций 1/0; дней 1"
100000004174835100,peripheral,0.75,52,0.019203,Правило: наблюдаемых связей нет; вход 0 / 0 KZT; выход 0 / 0 KZT; операций 0/0; дней 0; seed: вход неполон
100000004177936100,terminal,0.74556,3,0.121382,"Правило: глубина 4; 1 операция: дальше шли 26% из 1126 узлов колен 1–3; вероятно конечный; вход 1 / 10,000 KZT; выход 0 / 0 KZT; операций 1/0; дней 1"
100000004180097100,peripheral,0.55,10,0.611294,"Правило: пороги других ролей не выполнены; вход 3 / 104,854 KZT; выход 3 / 47,800 KZT; операций 5/7; дней 6"
100000004183610100,peripheral,0.55,15,0.606879,"Правило: пороги других ролей не выполнены; вход 1 / 22,000 KZT; выход 1 / 915,000 KZT; операций 1/3; дней 4"
100000004184158100,terminal,0.81,3,0.348275,"Правило: есть вход, выхода нет в пределах обхода; вход 1 / 203,805 KZT; выход 0 / 0 KZT; операций 1/0; дней 1"
100000004185681100,terminal,0.81,0,0.228668,"Правило: есть вход, выхода нет в пределах обхода; вход 1 / 10,000 KZT; выход 0 / 0 KZT; операций 1/0; дней 1"
100000004186824100,peripheral,0.55,2,0.548593,"Правило: пороги других ролей не выполнены; вход 2 / 451,700 KZT; выход 1 / 7,000 KZT; операций 7/1; дней 7"
100000004188160100,distributor,0.925,2,0.771125,"Правило: ≥3 выхода, seed или исходящих ≥1,5× входящих; вход 2 / 87,862 KZT; выход 5 / 133,846 KZT; операций 5/6; дней 8"
100000004192107100,terminal,0.81,16,0.26274,"Правило: есть вход, выхода нет в пределах обхода; вход 1 / 25,000 KZT; выход 0 / 0 KZT; операций 1/0; дней 1"
100000004192865100,terminal,0.81,24,0.306321,"Правило: есть вход, выхода нет в пределах обхода; вход 1 / 66,666 KZT; выход 0 / 0 KZT; операций 1/0; дней 1"
100000004193835100,peripheral,0.55,2,0.342299,"Правило: пороги других ролей не выполнены; вход 1 / 47,000 KZT; выход 1 / 5,000 KZT; операций 1/1; дней 1; seed: вход неполон"
100000004200745100,peripheral,0.4,11,0.208223,"Правило: глубина 4; 3–5 операций: дальше шли 61% из 211 узлов колен 1–3; продолжение неясно; вход 1 / 130,000 KZT; выход 0 / 0 KZT; операций 4/0; дней 4"
100000004206046100,terminal,0.81,2,0.232672,"Правило: есть вход, выхода нет в пределах обхода; вход 1 / 11,075 KZT; выход 0 / 0 KZT; операций 1/0; дней 1"
100000004209339100,transit,0.783179,29,0.786065,"Правило: есть вход и выход, отношение сумм 0,5–2; вход 1 / 138,500 KZT; выход 2 / 238,500 KZT; операций 6/11; дней 11"
100000004213658100,terminal,0.81,4,0.2642,"Правило: есть вход, выхода нет в пределах обхода; вход 1 / 25,347 KZT; выход 0 / 0 KZT; операций 1/0; дней 1"
100000004217419100,peripheral,0.55,3,0.545524,"Правило: пороги других ролей не выполнены; вход 2 / 118,200 KZT; выход 1 / 7,700 KZT; операций 3/1; дней 3"
100000004218576100,terminal,0.81,4,0.265159,"Правило: есть вход, выхода нет в пределах обхода; вход 1 / 26,144 KZT; выход 0 / 0 KZT; операций 1/0; дней 1"
100000004221668100,transit,0.814932,12,0.793039,"Правило: есть вход и выход, отношение сумм 0,5–2; вход 4 / 1,128,300 KZT; выход 3 / 731,440 KZT; операций 8/10; дней 13"
100000004222274100,terminal,0.74556,0,0.128446,"Правило: глубина 4; 1 операция: дальше шли 26% из 1126 узлов колен 1–3; вероятно конечный; вход 1 / 15,500 KZT; выход 0 / 0 KZT; операций 1/0; дней 1"
100000004225615100,terminal,0.84,1,0.445006,"Правило: есть вход, выхода нет в пределах обхода; вход 1 / 90,000 KZT; выход 0 / 0 KZT; операций 2/0; дней 1"
100000004226848100,terminal,0.81,6,0.360619,"Правило: есть вход, выхода нет в пределах обхода; вход 1 / 301,866 KZT; выход 0 / 0 KZT; операций 1/0; дней 1"
100000004232712100,terminal,0.74556,5,0.12473,"Правило: глубина 4; 1 операция: дальше шли 26% из 1126 узлов колен 1–3; вероятно конечный; вход 1 / 12,500 KZT; выход 0 / 0 KZT; операций 1/0; дней 1"
100000004235471100,terminal,0.74556,5,0.184275,"Правило: глубина 4; 1 операция: дальше шли 26% из 1126 узлов колен 1–3; вероятно конечный; вход 1 / 180,000 KZT; выход 0 / 0 KZT; операций 1/0; дней 1"
100000004241142100,terminal,0.74556,0,0.142942,"Правило: глубина 4; 1 операция: дальше шли 26% из 1126 узлов колен 1–3; вероятно конечный; вход 1 / 27,102 KZT; выход 0 / 0 KZT; операций 1/0; дней 1"
100000004254434100,terminal,0.84,4,0.404358,"Правило: есть вход, выхода нет в пределах обхода; вход 1 / 44,445 KZT; выход 0 / 0 KZT; операций 2/0; дней 1"
100000004257714100,terminal,0.81,7,0.297313,"Правило: есть вход, выхода нет в пределах обхода; вход 1 / 52,220 KZT; выход 0 / 0 KZT; операций 1/0; дней 1"
100000004260869100,terminal,0.74556,2,0.121382,"Правило: глубина 4; 1 операция: дальше шли 26% из 1126 узлов колен 1–3; вероятно конечный; вход 1 / 10,000 KZT; выход 0 / 0 KZT; операций 1/0; дней 1"
100000004261340100,peripheral,0.4,0,0.179292,"Правило: глубина 4; 3–5 операций: дальше шли 61% из 211 узлов колен 1–3; продолжение неясно; вход 1 / 48,500 KZT; выход 0 / 0 KZT; операций 4/0; дней 4"
100000004263867100,terminal,0.74556,9,0.119455,"Правило: глубина 4; 1 операция: дальше шли 26% из 1126 узлов колен 1–3; вероятно конечный; вход 1 / 9,000 KZT; выход 0 / 0 KZT; операций 1/0; дней 1"
100000004265639100,terminal,0.74556,3,0.121382,"Правило: глубина 4; 1 операция: дальше шли 26% из 1126 узлов колен 1–3; вероятно конечный; вход 1 / 10,000 KZT; выход 0 / 0 KZT; операций 1/0; дней 1"
100000004268036100,terminal,0.74556,9,0.116335,"Правило: глубина 4; 1 операция: дальше шли 26% из 1126 узлов колен 1–3; вероятно конечный; вход 1 / 5,500 KZT; выход 0 / 0 KZT; операций 1/0; дней 1"
100000004269433100,peripheral,0.55,6,0.435412,"Правило: пороги других ролей не выполнены; вход 0 / 0 KZT; выход 1 / 1,372,000 KZT; операций 0/67; дней 16; seed: вход неполон"
100000004272302100,terminal,0.74556,0,0.121382,"Правило: глубина 4; 1 операция: дальше шли 26% из 1126 узлов колен 1–3; вероятно конечный; вход 1 / 10,000 KZT; выход 0 / 0 KZT; операций 1/0; дней 1"
100000004278574100,transit,0.72,5,0.601093,"Правило: есть вход и выход, отношение сумм 0,5–2; вход 1 / 25,000 KZT; выход 1 / 12,500 KZT; операций 1/1; дней 2"
100000004285800100,peripheral,0.55,3,0.338762,"Правило: пороги других ролей не выполнены; вход 1 / 5,000 KZT; выход 1 / 15,000 KZT; операций 1/1; дней 2"
100000004286573100,terminal,0.81,11,0.244849,"Правило: есть вход, выхода нет в пределах обхода; вход 1 / 16,590 KZT; выход 0 / 0 KZT; операций 1/0; дней 1"
100000004291560100,terminal,0.81,0,0.290765,"Правило: есть вход, выхода нет в пределах обхода; вход 1 / 47,190 KZT; выход 0 / 0 KZT; операций 1/0; дней 1"
100000004291663100,terminal,0.74556,0,0.140121,"Правило: глубина 4; 1 операция: дальше шли 26% из 1126 узлов колен 1–3; вероятно конечный; вход 1 / 25,000 KZT; выход 0 / 0 KZT; операций 1/0; дней 1"
100000004292885100,terminal,0.81,7,0.327256,"Правило: есть вход, выхода нет в пределах обхода; вход 1 / 112,700 KZT; выход 0 / 0 KZT; операций 1/0; дней 1"
100000004299488100,consolidator,0.96,3,0.929527,"Правило: 3 входа или больше, входящих ≥1,5× исходящих; вход 6 / 1,749,000 KZT; выход 2 / 344,999 KZT; операций 22/14; дней 12"
100000004315838100,peripheral,0.55,5,0.523238,"Правило: пороги других ролей не выполнены; вход 2 / 50,000 KZT; выход 1 / 18,000 KZT; операций 2/1; дней 3"
100000004318918100,terminal,0.81,6,0.310241,"Правило: есть вход, выхода нет в пределах обхода; вход 1 / 75,600 KZT; выход 0 / 0 KZT; операций 1/0; дней 1"
100000004321983100,peripheral,0.55,12,0.426696,"Правило: пороги других ролей не выполнены; вход 1 / 10,840 KZT; выход 2 / 36,200 KZT; операций 1/3; дней 3"
100000004325327100,transit,0.936652,0,0.774723,"Правило: есть вход и выход, отношение сумм 0,5–2; вход 2 / 70,817 KZT; выход 1 / 70,000 KZT; операций 3/1; дней 4"
100000004326224100,terminal,0.74556,5,0.16221,"Правило: глубина 4; 1 операция: дальше шли 26% из 1126 узлов колен 1–3; вероятно конечный; вход 1 / 60,000 KZT; выход 0 / 0 KZT; операций 1/0; дней 1"
100000004330371100,peripheral,0.55,2,0.61939,"Правило: пороги других ролей не выполнены; вход 2 / 264,171 KZT; выход 2 / 90,681 KZT; операций 12/6; дней 8"
100000004331458100,terminal,0.84,37,0.589067,"Правило: есть вход, выхода нет в пределах обхода; вход 2 / 250,000 KZT; выход 0 / 0 KZT; операций 2/0; дней 2"
100000004336228100,terminal,0.84,3,0.417481,"Правило: есть вход, выхода нет в пределах обхода; вход 1 / 51,407 KZT; выход 0 / 0 KZT; операций 2/0; дней 1"
100000004336312100,consolidator,0.855,17,0.741084,"Правило: 3 входа или больше, входящих ≥1,5× исходящих; вход 3 / 90,415 KZT; выход 2 / 72,650 KZT; операций 7/3; дней 6"
100000004340038100,peripheral,0.55,0,0.470268,"Правило: пороги других ролей не выполнены; вход 1 / 9,978 KZT; выход 1 / 49,000 KZT; операций 1/1; дней 2"
100000004350094100,terminal,0.74556,3,0.134364,"Правило: глубина 4; 1 операция: дальше шли 26% из 1126 узлов колен 1–3; вероятно конечный; вход 1 / 20,000 KZT; выход 0 / 0 KZT; операций 1/0; дней 1"
100000004351795100,coordinator,0.979626,14,0.980231,"Правило: ≥2 входа и выхода, посредничество в верхних 10%; вход 3 / 118,333 KZT; выход 14 / 1,715,161 KZT; операций 3/37; дней 19"
100000004356593100,peripheral,0.55,0,0.471492,"Правило: пороги других ролей не выполнены; вход 1 / 50,000 KZT; выход 1 / 10,000 KZT; операций 1/1; дней 2"
100000004358004100,distributor,0.96,16,0.755534,"Правило: ≥3 выхода, seed или исходящих ≥1,5× входящих; вход 0 / 0 KZT; выход 11 / 980,850 KZT; операций 0/17; дней 12; seed: вход неполон"
100000004360785100,terminal,0.81,2,0.319666,"Правило: есть вход, выхода нет в пределах обхода; вход 1 / 94,705 KZT; выход 0 / 0 KZT; операций 1/0; дней 1"
100000004368189100,peripheral,0.55,9,0.529187,"Правило: пороги других ролей не выполнены; вход 1 / 384,600 KZT; выход 2 / 28,200 KZT; операций 1/2; дней 3"
100000004377043100,terminal,0.74556,17,0.116565,"Правило: глубина 4; 1 операция: дальше шли 26% из 1126 узлов колен 1–3; вероятно конечный; вход 1 / 5,700 KZT; выход 0 / 0 KZT; операций 1/0; дней 1"
100000004379306100,terminal,0.74556,3,0.127552,"Правило: глубина 4; 1 операция: дальше шли 26% из 1126 узлов колен 1–3; вероятно конечный; вход 1 / 15,000 KZT; выход 0 / 0 KZT; операций 1/0; дней 1"
100000004386258100,transit,0.804946,11,0.762323,"Правило: есть вход и выход, отношение сумм 0,5–2; вход 3 / 61,700 KZT; выход 3 / 40,000 KZT; операций 3/3; дней 3"
100000004386286100,terminal,0.74556,11,0.12473,"Правило: глубина 4; 1 операция: дальше шли 26% из 1126 узлов колен 1–3; вероятно конечный; вход 1 / 12,500 KZT; выход 0 / 0 KZT; операций 1/0; дней 1"
100000004386331100,transit,0.891471,11,0.684654,"Правило: есть вход и выход, отношение сумм 0,5–2; вход 1 / 20,000 KZT; выход 2 / 17,500 KZT; операций 1/2; дней 3"
100000004388209100,terminal,0.81,4,0.233089,"Правило: есть вход, выхода нет в пределах обхода; вход 1 / 11,800 KZT; выход 0 / 0 KZT; операций 1/0; дней 1"
100000004388353100,terminal,0.84,6,0.522119,"Правило: есть вход, выхода нет в пределах обхода; вход 2 / 62,960 KZT; выход 0 / 0 KZT; операций 2/0; дней 2"
100000004388983100,peripheral,0.55,44,0.474637,"Правило: пороги других ролей не выполнены; вход 0 / 0 KZT; выход 2 / 450,816 KZT; операций 0/23; дней 5; seed: вход неполон"
100000004390333100,distributor,0.96,0,0.911391,"Правило: ≥3 выхода, seed или исходящих ≥1,5× входящих; вход 2 / 64,558 KZT; выход 9 / 506,500 KZT; операций 2/14; дней 9"
100000004394765100,consolidator,0.855,2,0.876916,"Правило: 3 входа или больше, входящих ≥1,5× исходящих; вход 3 / 603,844 KZT; выход 2 / 82,500 KZT; операций 10/2; дней 7"
100000004398811100,distributor,0.855,10,0.785343,"Правило: ≥3 выхода, seed или исходящих ≥1,5× входящих; вход 1 / 426,000 KZT; выход 3 / 1,040,672 KZT; операций 1/4; дней 4"
100000004399686100,terminal,0.84,11,0.534363,"Правило: есть вход, выхода нет в пределах обхода; вход 1 / 806,000 KZT; выход 0 / 0 KZT; операций 2/0; дней 1"
100000004400305100,distributor,0.96,0,0.956609,"Правило: ≥3 выхода, seed или исходящих ≥1,5× входящих; вход 7 / 222,800 KZT; выход 82 / 5,830,181 KZT; операций 9/101; дней 22"
100000004400361100,terminal,0.81,10,0.228668,"Правило: есть вход, выхода нет в пределах обхода; вход 1 / 10,000 KZT; выход 0 / 0 KZT; операций 1/0; дней 1"
100000004400480100,terminal,0.74556,9,0.136612,"Правило: глубина 4; 1 операция: дальше шли 26% из 1126 узлов колен 1–3; вероятно конечный; вход 1 / 21,700 KZT; выход 0 / 0 KZT; операций 1/0; дней 1"
100000004403548100,terminal,0.74556,3,0.114913,"Правило: глубина 4; 1 операция: дальше шли 26% из 1126 узлов колен 1–3; вероятно конечный; вход 1 / 5,000 KZT; выход 0 / 0 KZT; операций 1/0; дней 1"
100000004403641100,terminal,0.74556,1,0.18377,"Правило: глубина 4; 1 операция: дальше шли 26% из 1126 узлов колен 1–3; вероятно конечный; вход 1 / 171,500 KZT; выход 0 / 0 KZT; операций 1/0; дней 1"
100000004403675100,transit,0.833467,18,0.851569,"Правило: есть вход и выход, отношение сумм 0,5–2; вход 4 / 182,980 KZT; выход 5 / 264,699 KZT; операций 8/6; дней 8"
100000004407753100,peripheral,0.55,17,0.507301,"Правило: пороги других ролей не выполнены; вход 1 / 250,000 KZT; выход 1 / 100,000 KZT; операций 4/1; дней 4"
100000004408683100,terminal,0.87,2,0.569162,"Правило: есть вход, выхода нет в пределах обхода; вход 2 / 112,920 KZT; выход 0 / 0 KZT; операций 3/0; дней 3"
100000004410489100,terminal,0.81,0,0.299231,"Правило: есть вход, выхода нет в пределах обхода; вход 1 / 54,000 KZT; выход 0 / 0 KZT; операций 1/0; дней 1"
100000004417753100,terminal,0.84,3,0.558629,"Правило: есть вход, выхода нет в пределах обхода; вход 2 / 192,099 KZT; выход 0 / 0 KZT; операций 2/0; дней 1"
100000004418967100,terminal,0.74556,1,0.173059,"Правило: глубина 4; 1 операция: дальше шли 26% из 1126 узлов колен 1–3; вероятно конечный; вход 1 / 100,000 KZT; выход 0 / 0 KZT; операций 1/0; дней 1"
100000004420041100,distributor,0.96,11,0.907599,"Правило: ≥3 выхода, seed или исходящих ≥1,5× входящих; вход 1 / 69,638 KZT; выход 7 / 651,830 KZT; операций 1/11; дней 8"
100000004424023100,transit,0.72,12,0.674269,"Правило: есть вход и выход, отношение сумм 0,5–2; вход 1 / 50,000 KZT; выход 1 / 100,000 KZT; операций 1/1; дней 2"
100000004433250100,terminal,0.74556,0,0.118698,"Правило: глубина 4; 1 операция: дальше шли 26% из 1126 узлов колен 1–3; вероятно конечный; вход 1 / 8,000 KZT; выход 0 / 0 KZT; операций 1/0; дней 1"
100000004435304100,terminal,0.81,4,0.266077,"Правило: есть вход, выхода нет в пределах обхода; вход 1 / 26,200 KZT; выход 0 / 0 KZT; операций 1/0; дней 1"
100000004441291100,terminal,0.81,0,0.252273,"Правило: есть вход, выхода нет в пределах обхода; вход 1 / 20,000 KZT; выход 0 / 0 KZT; операций 1/0; дней 1"
100000004445291100,terminal,0.84,22,0.37352,"Правило: есть вход, выхода нет в пределах обхода; вход 1 / 19,500 KZT; выход 0 / 0 KZT; операций 2/0; дней 2"
100000004449824100,terminal,0.74556,9,0.119455,"Правило: глубина 4; 1 операция: дальше шли 26% из 1126 узлов колен 1–3; вероятно конечный; вход 1 / 9,000 KZT; выход 0 / 0 KZT; операций 1/0; дней 1"
100000004450649100,peripheral,0.55,5,0.59003,"Правило: пороги других ролей не выполнены; вход 2 / 192,528 KZT; выход 2 / 46,527 KZT; операций 2/2; дней 4"
100000004451012100,distributor,0.815,19,0.76985,"Правило: ≥3 выхода, seed или исходящих ≥1,5× входящих; вход 1 / 91,245 KZT; выход 3 / 65,740 KZT; операций 1/3; дней 2"
100000004456564100,terminal,0.84,8,0.344939,"Правило: есть вход, выхода нет в пределах обхода; вход 1 / 10,000 KZT; выход 0 / 0 KZT; операций 2/0; дней 2"
100000004463277100,terminal,0.81,24,0.278337,"Правило: есть вход, выхода нет в пределах обхода; вход 1 / 35,000 KZT; выход 0 / 0 KZT; операций 1/0; дней 1"
100000004467157100,peripheral,0.55,17,0.376463,"Правило: пороги других ролей не выполнены; вход 1 / 20,000 KZT; выход 1 / 7,000 KZT; операций 3/1; дней 4"
100000004472936100,terminal,0.74556,0,0.114913,"Правило: глубина 4; 1 операция: дальше шли 26% из 1126 узлов колен 1–3; вероятно конечный; вход 1 / 5,000 KZT; выход 0 / 0 KZT; операций 1/0; дней 1"
100000004475818100,distributor,0.815,0,0.649465,"Правило: ≥3 выхода, seed или исходящих ≥1,5× входящих; вход 1 / 13,000 KZT; выход 3 / 53,989 KZT; операций 1/3; дней 2"
100000004479404100,peripheral,0.55,34,0.660304,"Правило: пороги других ролей не выполнены; вход 2 / 1,492,000 KZT; выход 1 / 300,000 KZT; операций 8/2; дней 8"
100000004480280100,peripheral,0.55,15,0.62753,"Правило: пороги других ролей не выполнены; вход 1 / 146,694 KZT; выход 2 / 295,850 KZT; операций 1/7; дней 7"
100000004486525100,consolidator,0.96,0,0.917917,"Правило: 3 входа или больше, входящих ≥1,5× исходящих; вход 8 / 360,924 KZT; выход 2 / 271,045 KZT; операций 21/3; дней 5"
100000004488265100,terminal,0.81,3,0.281882,"Правило: есть вход, выхода нет в пределах обхода; вход 1 / 38,740 KZT; выход 0 / 0 KZT; операций 1/0; дней 1"
100000004491749100,terminal,0.81,12,0.294227,"Правило: есть вход, выхода нет в пределах обхода; вход 1 / 50,000 KZT; выход 0 / 0 KZT; операций 1/0; дней 1"
100000004491881100,terminal,0.81,4,0.245558,"Правило: есть вход, выхода нет в пределах обхода; вход 1 / 17,144 KZT; выход 0 / 0 KZT; операций 1/0; дней 1"
100000004493586100,terminal,0.81,0,0.223122,"Правило: есть вход, выхода нет в пределах обхода; вход 1 / 7,500 KZT; выход 0 / 0 KZT; операций 1/0; дней 1"
100000004494983100,terminal,0.81,4,0.278337,"Правило: есть вход, выхода нет в пределах обхода; вход 1 / 35,000 KZT; выход 0 / 0 KZT; операций 1/0; дней 1"
100000004497606100,terminal,0.81,4,0.241805,"Правило: есть вход, выхода нет в пределах обхода; вход 1 / 15,534 KZT; выход 0 / 0 KZT; операций 1/0; дней 1"
100000004500444100,peripheral,0.55,8,0.592688,"Правило: пороги других ролей не выполнены; вход 2 / 180,000 KZT; выход 1 / 74,000 KZT; операций 7/5; дней 8"
100000004500781100,peripheral,0.4,8,0.191641,"Правило: глубина 4; 3–5 операций: дальше шли 61% из 211 узлов колен 1–3; продолжение неясно; вход 1 / 74,000 KZT; выход 0 / 0 KZT; операций 5/0; дней 3"
100000004502048100,terminal,0.74556,19,0.125786,"Правило: глубина 4; 1 операция: дальше шли 26% из 1126 узлов колен 1–3; вероятно конечный; вход 1 / 13,888 KZT; выход 0 / 0 KZT; операций 1/0; дней 1"
100000004508696100,distributor,0.835,2,0.76821,"Правило: ≥3 выхода, seed или исходящих ≥1,5× входящих; вход 1 / 7,000 KZT; выход 3 / 111,000 KZT; операций 1/4; дней 3"
100000004509286100,terminal,0.81,6,0.283384,"Правило: есть вход, выхода нет в пределах обхода; вход 1 / 40,000 KZT; выход 0 / 0 KZT; операций 1/0; дней 1"
100000004526651100,terminal,0.74556,1,0.14753,"Правило: глубина 4; 1 операция: дальше шли 26% из 1126 узлов колен 1–3; вероятно конечный; вход 1 / 33,000 KZT; выход 0 / 0 KZT; операций 1/0; дней 1"
100000004527381100,peripheral,0.55,2,0.474694,"Правило: пороги других ролей не выполнены; вход 1 / 119,333 KZT; выход 1 / 273,866 KZT; операций 1/1; дней 1"
100000004539443100,terminal,0.84,6,0.503358,"Правило: есть вход, выхода нет в пределах обхода; вход 2 / 61,990 KZT; выход 0 / 0 KZT; операций 2/0; дней 1"
100000004544958100,peripheral,0.55,6,0.569445,"Правило: пороги других ролей не выполнены; вход 1 / 168,000 KZT; выход 2 / 23,200 KZT; операций 3/2; дней 4"
100000004549591100,terminal,0.74556,2,0.156315,"Правило: глубина 4; 1 операция: дальше шли 26% из 1126 узлов колен 1–3; вероятно конечный; вход 1 / 49,000 KZT; выход 0 / 0 KZT; операций 1/0; дней 1"
100000004552204100,peripheral,0.55,16,0.475528,"Правило: пороги других ролей не выполнены; вход 1 / 22,500 KZT; выход 2 / 10,000 KZT; операций 2/2; дней 4"
100000004553349100,terminal,0.81,0,0.223414,"Правило: есть вход, выхода нет в пределах обхода; вход 1 / 7,755 KZT; выход 0 / 0 KZT; операций 1/0; дней 1"
100000004559194100,terminal,0.9,2,0.549556,"Правило: есть вход, выхода нет в пределах обхода; вход 1 / 282,145 KZT; выход 0 / 0 KZT; операций 6/0; дней 5"
100000004564736100,terminal,0.84,20,0.359897,"Правило: есть вход, выхода нет в пределах обхода; вход 1 / 15,000 KZT; выход 0 / 0 KZT; операций 2/0; дней 2"
100000004569484100,distributor,0.89,8,0.848252,"Правило: ≥3 выхода, seed или исходящих ≥1,5× входящих; вход 2 / 98,312 KZT; выход 4 / 156,000 KZT; операций 3/4; дней 6"
100000004569637100,terminal,0.74556,3,0.116335,"Правило: глубина 4; 1 операция: дальше шли 26% из 1126 узлов колен 1–3; вероятно конечный; вход 1 / 5,500 KZT; выход 0 / 0 KZT; операций 1/0; дней 1"
100000004571634100,terminal,0.74556,0,0.134364,"Правило: глубина 4; 1 операция: дальше шли 26% из 1126 узлов колен 1–3; вероятно конечный; вход 1 / 20,000 KZT; выход 0 / 0 KZT; операций 1/0; дней 1"
100000004573782100,terminal,0.81,13,0.239887,"Правило: есть вход, выхода нет в пределах обхода; вход 1 / 15,000 KZT; выход 0 / 0 KZT; операций 1/0; дней 1"
100000004580202100,distributor,0.855,20,0.73869,"Правило: ≥3 выхода, seed или исходящих ≥1,5× входящих; вход 1 / 9,000 KZT; выход 3 / 45,000 KZT; операций 1/4; дней 4"
100000004580254100,terminal,0.84,0,0.473631,"Правило: есть вход, выхода нет в пределах обхода; вход 2 / 27,940 KZT; выход 0 / 0 KZT; операций 2/0; дней 2"
100000004584730100,terminal,0.74556,34,0.155168,"Правило: глубина 4; 1 операция: дальше шли 26% из 1126 узлов колен 1–3; вероятно конечный; вход 1 / 47,000 KZT; выход 0 / 0 KZT; операций 1/0; дней 1"
100000004586598100,peripheral,0.4,15,0.246421,"Правило: глубина 4; 3–5 операций: дальше шли 61% из 211 узлов колен 1–3; продолжение неясно; вход 1 / 761,255 KZT; выход 0 / 0 KZT; операций 4/0; дней 4"
100000004587414100,terminal,0.84,5,0.619761,"Правило: есть вход, выхода нет в пределах обхода; вход 2 / 533,603 KZT; выход 0 / 0 KZT; операций 2/0; дней 2"
100000004588479100,terminal,0.84,2,0.496963,"Правило: есть вход, выхода нет в пределах обхода; вход 1 / 177,633 KZT; выход 0 / 0 KZT; операций 2/0; дней 2"
100000004591973100,peripheral,0.55,11,0.511105,"Правило: пороги других ролей не выполнены; вход 1 / 10,000 KZT; выход 1 / 100,000 KZT; операций 1/1; дней 2"
100000004592467100,terminal,0.81,10,0.222496,"Правило: есть вход, выхода нет в пределах обхода; вход 1 / 7,000 KZT; выход 0 / 0 KZT; операций 1/0; дней 1"
100000004596284100,terminal,0.74556,2,0.145053,"Правило: глубина 4; 1 операция: дальше шли 26% из 1126 узлов колен 1–3; вероятно конечный; вход 1 / 30,000 KZT; выход 0 / 0 KZT; операций 1/0; дней 1"
100000004601193100,peripheral,0.4,0,0.192198,"Правило: глубина 4; 3–5 операций: дальше шли 61% из 211 узлов колен 1–3; продолжение неясно; вход 1 / 84,000 KZT; выход 0 / 0 KZT; операций 3/0; дней 3"
100000004603109100,consolidator,0.855,11,0.819598,"Правило: 3 входа или больше, входящих ≥1,5× исходящих; вход 3 / 2,730,000 KZT; выход 2 / 400,000 KZT; операций 8/2; дней 6"
100000004610802100,peripheral,0.4,0,0.233289,"Правило: глубина 4; 6+ операций: дальше шли 83% из 129 узлов колен 1–3; вероятно продолжение; вход 1 / 241,000 KZT; выход 0 / 0 KZT; операций 18/0; дней 14"
100000004611571100,terminal,0.81,0,0.257277,"Правило: есть вход, выхода нет в пределах обхода; вход 1 / 22,550 KZT; выход 0 / 0 KZT; операций 1/0; дней 1"
100000004613582100,transit,0.7348,13,0.482536,"Правило: есть вход и выход, отношение сумм 0,5–2; вход 1 / 5,000 KZT; выход 1 / 9,500 KZT; операций 1/1; дней 2"
100000004616845100,peripheral,0.4,8,0.142378,"Правило: глубина 4; 2 операции: дальше шли 44% из 257 узлов колен 1–3; продолжение неясно; вход 1 / 20,200 KZT; выход 0 / 0 KZT; операций 2/0; дней 2"
100000004622227100,distributor,0.835,0,0.633691,"Правило: ≥3 выхода, seed или исходящих ≥1,5× входящих; вход 1 / 24,931 KZT; выход 3 / 19,000 KZT; операций 1/3; дней 3"
100000004629688100,peripheral,0.55,31,0.350273,"Правило: пороги других ролей не выполнены; вход 1 / 5,000 KZT; выход 1 / 15,000 KZT; операций 1/2; дней 3"
100000004634420100,terminal,0.81,7,0.265451,"Правило: есть вход, выхода нет в пределах обхода; вход 1 / 26,150 KZT; выход 0 / 0 KZT; операций 1/0; дней 1"
100000004635886100,terminal,0.81,2,0.257903,"Правило: есть вход, выхода нет в пределах обхода; вход 1 / 23,000 KZT; выход 0 / 0 KZT; операций 1/0; дней 1"
100000004644615100,peripheral,0.55,9,0.550996,"Правило: пороги других ролей не выполнены; вход 1 / 50,810 KZT; выход 2 / 379,665 KZT; операций 1/14; дней 12"
100000004652395100,peripheral,0.4,0,0.243644,"Правило: глубина 4; 3–5 операций: дальше шли 61% из 211 узлов колен 1–3; продолжение неясно; вход 3 / 101,528 KZT; выход 0 / 0 KZT; операций 5/0; дней 1"
100000004655046100,terminal,0.74556,8,0.13886,"Правило: глубина 4; 1 операция: дальше шли 26% из 1126 узлов колен 1–3; вероятно конечный; вход 1 / 24,000 KZT; выход 0 / 0 KZT; операций 1/0; дней 1"
100000004657034100,terminal,0.81,5,0.333595,"Правило: есть вход, выхода нет в пределах обхода; вход 1 / 141,250 KZT; выход 0 / 0 KZT; операций 1/0; дней 1"
100000004659919100,peripheral,0.55,6,0.538496,"Правило: пороги других ролей не выполнены; вход 1 / 110,000 KZT; выход 1 / 39,000 KZT; операций 2/1; дней 3"
100000004662806100,transit,0.773725,11,0.756541,"Правило: есть вход и выход, отношение сумм 0,5–2; вход 2 / 106,585 KZT; выход 2 / 59,900 KZT; операций 2/3; дней 4"
100000004664515100,terminal,0.81,0,0.281215,"Правило: есть вход, выхода нет в пределах обхода; вход 1 / 37,691 KZT; выход 0 / 0 KZT; операций 1/0; дней 1"
100000004664905100,terminal,0.9,2,0.626825,"Правило: есть вход, выхода нет в пределах обхода; вход 2 / 329,020 KZT; выход 0 / 0 KZT; операций 4/0; дней 4"
100000004666651100,terminal,0.81,6,0.370378,"Правило: есть вход, выхода нет в пределах обхода; вход 1 / 429,250 KZT; выход 0 / 0 KZT; операций 1/0; дней 1"
100000004670388100,peripheral,0.55,38,0.629454,"Правило: пороги других ролей не выполнены; вход 1 / 160,354 KZT; выход 2 / 720,000 KZT; операций 1/4; дней 3"
100000004671609100,terminal,0.81,1,0.322627,"Правило: есть вход, выхода нет в пределах обхода; вход 1 / 100,000 KZT; выход 0 / 0 KZT; операций 1/0; дней 1"
100000004673335100,terminal,0.74556,25,0.166958,"Правило: глубина 4; 1 операция: дальше шли 26% из 1126 узлов колен 1–3; вероятно конечный; вход 1 / 80,000 KZT; выход 0 / 0 KZT; операций 1/0; дней 1"
100000004674178100,terminal,0.74556,22,0.134364,"Правило: глубина 4; 1 операция: дальше шли 26% из 1126 узлов колен 1–3; вероятно конечный; вход 1 / 20,000 KZT; выход 0 / 0 KZT; операций 1/0; дней 1"
100000004674389100,terminal,0.74556,0,0.127552,"Правило: глубина 4; 1 операция: дальше шли 26% из 1126 узлов колен 1–3; вероятно конечный; вход 1 / 15,000 KZT; выход 0 / 0 KZT; операций 1/0; дней 1"
100000004674412100,terminal,0.74556,0,0.154526,"Правило: глубина 4; 1 операция: дальше шли 26% из 1126 узлов колен 1–3; вероятно конечный; вход 1 / 46,000 KZT; выход 0 / 0 KZT; операций 1/0; дней 1"
100000004674799100,terminal,0.9,3,0.510355,"Правило: есть вход, выхода нет в пределах обхода; вход 1 / 140,000 KZT; выход 0 / 0 KZT; операций 5/0; дней 3"
100000004676985100,transit,0.869731,0,0.667522,"Правило: есть вход и выход, отношение сумм 0,5–2; вход 1 / 32,260 KZT; выход 1 / 27,102 KZT; операций 1/1; дней 2"
100000004677680100,peripheral,0.55,6,0.586705,"Правило: пороги других ролей не выполнены; вход 2 / 63,000 KZT; выход 1 / 168,000 KZT; операций 2/3; дней 4"
100000004679953100,peripheral,0.55,0,0.645502,"Правило: пороги других ролей не выполнены; вход 3 / 343,538 KZT; выход 3 / 34,100 KZT; операций 3/3; дней 5"
100000004687099100,terminal,0.81,13,0.271707,"Правило: есть вход, выхода нет в пределах обхода; вход 1 / 30,000 KZT; выход 0 / 0 KZT; операций 1/0; дней 1"
100000004687282100,terminal,0.81,2,0.252273,"Правило: есть вход, выхода нет в пределах обхода; вход 1 / 20,000 KZT; выход 0 / 0 KZT; операций 1/0; дней 1"
100000004689658100,peripheral,0.55,15,0.565464,"Правило: пороги других ролей не выполнены; вход 1 / 456,100 KZT; выход 1 / 7,092 KZT; операций 1/1; дней 2"
100000004691350100,terminal,0.74556,38,0.125487,"Правило: глубина 4; 1 операция: дальше шли 26% из 1126 узлов колен 1–3; вероятно конечный; вход 1 / 13,300 KZT; выход 0 / 0 KZT; операций 1/0; дней 1"
100000004692798100,peripheral,0.55,11,0.519134,"Правило: пороги других ролей не выполнены; вход 2 / 240,305 KZT; выход 1 / 15,000 KZT; операций 4/2; дней 4"
100000004697956100,transit,0.92,12,0.548612,"Правило: есть вход и выход, отношение сумм 0,5–2; вход 1 / 10,000 KZT; выход 1 / 10,000 KZT; операций 1/1; дней 2"
100000004698193100,distributor,0.855,12,0.757096,"Правило: ≥3 выхода, seed или исходящих ≥1,5× входящих; вход 2 / 222,700 KZT; выход 3 / 38,000 KZT; операций 15/5; дней 14"
100000004707703100,distributor,0.925,2,0.884481,"Правило: ≥3 выхода, seed или исходящих ≥1,5× входящих; вход 2 / 239,300 KZT; выход 5 / 231,650 KZT; операций 3/6; дней 6"
100000004713684100,terminal,0.81,0,0.280965,"Правило: есть вход, выхода нет в пределах обхода; вход 1 / 37,500 KZT; выход 0 / 0 KZT; операций 1/0; дней 1"
100000004714705100,peripheral,0.55,18,0.178385,"Правило: пороги других ролей не выполнены; вход 0 / 0 KZT; выход 1 / 36,550 KZT; операций 0/1; дней 1; seed: вход неполон"
100000004715209100,distributor,0.925,27,0.875773,"Правило: ≥3 выхода, seed или исходящих ≥1,5× входящих; вход 1 / 5,000 KZT; выход 5 / 350,450 KZT; операций 1/17; дней 13"
100000004717647100,distributor,0.925,34,0.911349,"Правило: ≥3 выхода, seed или исходящих ≥1,5× входящих; вход 1 / 300,000 KZT; выход 5 / 2,240,000 KZT; операций 2/10; дней 8"
100000004722630100,peripheral,0.4,38,0.222016,"Правило: глубина 4; 2 операции: дальше шли 44% из 257 узлов колен 1–3; продолжение неясно; вход 1 / 340,000 KZT; выход 0 / 0 KZT; операций 2/0; дней 2"
100000004722765100,distributor,0.855,0,0.876468,"Правило: ≥3 выхода, seed или исходящих ≥1,5× входящих; вход 1 / 230,000 KZT; выход 3 / 2,284,500 KZT; операций 1/9; дней 6"
100000004723755100,peripheral,0.55,10,0.335143,"Правило: пороги других ролей не выполнены; вход 0 / 0 KZT; выход 1 / 95,000 KZT; операций 0/5; дней 4; seed: вход неполон"
100000004726132100,peripheral,0.55,3,0.567521,"Правило: пороги других ролей не выполнены; вход 1 / 349,000 KZT; выход 1 / 24,000 KZT; операций 1/2; дней 3"
100000004732589100,terminal,0.81,9,0.350693,"Правило: есть вход, выхода нет в пределах обхода; вход 1 / 227,520 KZT; выход 0 / 0 KZT; операций 1/0; дней 1"
100000004737477100,transit,0.881528,0,0.736222,"Правило: есть вход и выход, отношение сумм 0,5–2; вход 2 / 49,598 KZT; выход 1 / 40,500 KZT; операций 3/3; дней 5"
100000004737764100,terminal,0.81,10,0.379844,"Правило: есть вход, выхода нет в пределах обхода; вход 1 / 600,000 KZT; выход 0 / 0 KZT; операций 1/0; дней 1"
100000004739664100,transit,0.867393,4,0.541147,"Правило: есть вход и выход, отношение сумм 0,5–2; вход 1 / 12,000 KZT; выход 1 / 10,000 KZT; операций 1/1; дней 2"
100000004741837100,terminal,0.81,2,0.264534,"Правило: есть вход, выхода нет в пределах обхода; вход 1 / 25,596 KZT; выход 0 / 0 KZT; операций 1/0; дней 1"
100000004744306100,transit,0.856993,18,0.762305,"Правило: есть вход и выход, отношение сумм 0,5–2; вход 1 / 69,000 KZT; выход 2 / 92,000 KZT; операций 1/3; дней 4"
100000004746397100,peripheral,0.55,5,0.469768,"Правило: пороги других ролей не выполнены; вход 1 / 219,520 KZT; выход 1 / 7,500 KZT; операций 1/1; дней 2"
100000004747154100,terminal,0.74556,27,0.164228,"Правило: глубина 4; 1 операция: дальше шли 26% из 1126 узлов колен 1–3; вероятно конечный; вход 1 / 67,000 KZT; выход 0 / 0 KZT; операций 1/0; дней 1"
100000004750321100,terminal,0.84,8,0.51033,"Правило: есть вход, выхода нет в пределах обхода; вход 2 / 50,185 KZT; выход 0 / 0 KZT; операций 2/0; дней 2"
100000004750897100,terminal,0.81,31,0.228668,"Правило: есть вход, выхода нет в пределах обхода; вход 1 / 10,000 KZT; выход 0 / 0 KZT; операций 1/0; дней 1"
100000004756901100,terminal,0.81,10,0.337432,"Правило: есть вход, выхода нет в пределах обхода; вход 1 / 153,248 KZT; выход 0 / 0 KZT; операций 1/0; дней 1"
100000004759121100,consolidator,0.96,3,0.932074,"Правило: 3 входа или больше, входящих ≥1,5× исходящих; вход 6 / 710,000 KZT; выход 2 / 312,000 KZT; операций 10/6; дней 14"
100000004765639100,peripheral,0.55,10,0.355466,"Правило: пороги других ролей не выполнены; вход 1 / 5,000 KZT; выход 2 / 11,000 KZT; операций 1/2; дней 2"
100000004770073100,transit,0.909759,0,0.566219,"Правило: есть вход и выход, отношение сумм 0,5–2; вход 1 / 5,462 KZT; выход 1 / 5,467 KZT; операций 1/1; дней 1"
100000004777215100,terminal,0.74556,10,0.16221,"Правило: глубина 4; 1 операция: дальше шли 26% из 1126 узлов колен 1–3; вероятно конечный; вход 1 / 60,000 KZT; выход 0 / 0 KZT; операций 1/0; дней 1"
100000004779204100,transit,0.798712,0,0.646843,"Правило: есть вход и выход, отношение сумм 0,5–2; вход 1 / 30,450 KZT; выход 1 / 20,000 KZT; операций 1/2; дней 2"
100000004780083100,terminal,0.74556,0,0.11996,"Правило: глубина 4; 1 операция: дальше шли 26% из 1126 узлов колен 1–3; вероятно конечный; вход 1 / 9,999 KZT; выход 0 / 0 KZT; операций 1/0; дней 1"
100000004780327100,terminal,0.74556,9,0.124042,"Правило: глубина 4; 1 операция: дальше шли 26% из 1126 узлов колен 1–3; вероятно конечный; вход 1 / 12,000 KZT; выход 0 / 0 KZT; операций 1/0; дней 1"
100000004783447100,terminal,0.81,4,0.266077,"Правило: есть вход, выхода нет в пределах обхода; вход 1 / 26,200 KZT; выход 0 / 0 KZT; операций 1/0; дней 1"
100000004784224100,peripheral,0.55,11,0.453809,"Правило: пороги других ролей не выполнены; вход 1 / 23,500 KZT; выход 1 / 100,000 KZT; операций 2/1; дней 3"
100000004788983100,terminal,0.74556,3,0.14269,"Правило: глубина 4; 1 операция: дальше шли 26% из 1126 узлов колен 1–3; вероятно конечный; вход 1 / 27,000 KZT; выход 0 / 0 KZT; операций 1/0; дней 1"
100000004790991100,terminal,0.9,2,0.53828,"Правило: есть вход, выхода нет в пределах обхода; вход 1 / 239,413 KZT; выход 0 / 0 KZT; операций 4/0; дней 4"
100000004791226100,terminal,0.74556,0,0.134364,"Правило: глубина 4; 1 операция: дальше шли 26% из 1126 узлов колен 1–3; вероятно конечный; вход 1 / 20,000 KZT; выход 0 / 0 KZT; операций 1/0; дней 1"
100000004792397100,terminal,0.81,4,0.309323,"Правило: есть вход, выхода нет в пределах обхода; вход 1 / 73,520 KZT; выход 0 / 0 KZT; операций 1/0; дней 1"
100000004797167100,terminal,0.74556,10,0.1462,"Правило: глубина 4; 1 операция: дальше шли 26% из 1126 узлов колен 1–3; вероятно конечный; вход 1 / 31,000 KZT; выход 0 / 0 KZT; операций 1/0; дней 1"
100000004798515100,peripheral,0.4,11,0.210272,"Правило: глубина 4; 2 операции: дальше шли 44% из 257 узлов колен 1–3; продолжение неясно; вход 1 / 200,000 KZT; выход 0 / 0 KZT; операций 2/0; дней 2"
100000004800452100,terminal,0.74556,15,0.117528,"Правило: глубина 4; 1 операция: дальше шли 26% из 1126 узлов колен 1–3; вероятно конечный; вход 1 / 6,545 KZT; выход 0 / 0 KZT; операций 1/0; дней 1"
100000004800648100,terminal,0.74556,11,0.177899,"Правило: глубина 4; 1 операция: дальше шли 26% из 1126 узлов колен 1–3; вероятно конечный; вход 1 / 131,000 KZT; выход 0 / 0 KZT; операций 1/0; дней 1"
100000004806903100,terminal,0.81,5,0.248311,"Правило: есть вход, выхода нет в пределах обхода; вход 1 / 18,000 KZT; выход 0 / 0 KZT; операций 1/0; дней 1"
100000004813068100,distributor,0.855,11,0.658185,"Правило: ≥3 выхода, seed или исходящих ≥1,5× входящих; вход 0 / 0 KZT; выход 3 / 297,000 KZT; операций 0/5; дней 5; seed: вход неполон"
100000004816564100,peripheral,0.55,2,0.546225,"Правило: пороги других ролей не выполнены; вход 1 / 285,480 KZT; выход 1 / 5,000 KZT; операций 1/1; дней 2"
100000004820260100,distributor,0.855,2,0.836499,"Правило: ≥3 выхода, seed или исходящих ≥1,5× входящих; вход 1 / 234,200 KZT; выход 3 / 215,350 KZT; операций 12/10; дней 10"
100000004825069100,terminal,0.9,4,0.426781,"Правило: есть вход, выхода нет в пределах обхода; вход 1 / 30,000 KZT; выход 0 / 0 KZT; операций 4/0; дней 3"
100000004840086100,peripheral,0.4,3,0.182338,"Правило: глубина 4; 2 операции: дальше шли 44% из 257 узлов колен 1–3; продолжение неясно; вход 1 / 100,000 KZT; выход 0 / 0 KZT; операций 2/0; дней 1"
100000004841728100,terminal,0.81,4,0.297229,"Правило: есть вход, выхода нет в пределах обхода; вход 1 / 52,208 KZT; выход 0 / 0 KZT; операций 1/0; дней 1"
100000004847758100,distributor,0.96,0,0.918308,"Правило: ≥3 выхода, seed или исходящих ≥1,5× входящих; вход 4 / 115,171 KZT; выход 15 / 488,800 KZT; операций 4/23; дней 20"
100000004848236100,terminal,0.74556,3,0.118331,"Правило: глубина 4; 1 операция: дальше шли 26% из 1126 узлов колен 1–3; вероятно конечный; вход 1 / 7,500 KZT; выход 0 / 0 KZT; операций 1/0; дней 1"
100000004850609100,terminal,0.74556,0,0.121382,"Правило: глубина 4; 1 операция: дальше шли 26% из 1126 узлов колен 1–3; вероятно конечный; вход 1 / 10,000 KZT; выход 0 / 0 KZT; операций 1/0; дней 1"
100000004856746100,terminal,0.74556,17,0.134364,"Правило: глубина 4; 1 операция: дальше шли 26% из 1126 узлов колен 1–3; вероятно конечный; вход 1 / 20,000 KZT; выход 0 / 0 KZT; операций 1/0; дней 1"
100000004877085100,distributor,0.855,0,0.785187,"Правило: ≥3 выхода, seed или исходящих ≥1,5× входящих; вход 1 / 25,000 KZT; выход 3 / 95,600 KZT; операций 1/9; дней 5"
100000004889043100,terminal,0.9,0,0.616527,"Правило: есть вход, выхода нет в пределах обхода; вход 2 / 272,000 KZT; выход 0 / 0 KZT; операций 4/0; дней 3"
100000004890713100,terminal,0.74556,8,0.151888,"Правило: глубина 4; 1 операция: дальше шли 26% из 1126 узлов колен 1–3; вероятно конечный; вход 1 / 40,485 KZT; выход 0 / 0 KZT; операций 1/0; дней 1"
100000004891562100,terminal,0.74556,9,0.174045,"Правило: глубина 4; 1 операция: дальше шли 26% из 1126 узлов колен 1–3; вероятно конечный; вход 1 / 103,400 KZT; выход 0 / 0 KZT; операций 1/0; дней 1"
100000004892144100,peripheral,0.55,11,0.582579,"Правило: пороги других ролей не выполнены; вход 2 / 4,500,000 KZT; выход 1 / 180,300 KZT; операций 7/1; дней 5"
100000004904960100,terminal,0.84,3,0.483418,"Правило: есть вход, выхода нет в пределах обхода; вход 2 / 32,000 KZT; выход 0 / 0 KZT; операций 2/0; дней 2"
100000004905207100,terminal,0.81,12,0.367083,"Правило: есть вход, выхода нет в пределах обхода; вход 1 / 380,000 KZT; выход 0 / 0 KZT; операций 1/0; дней 1"
100000004906181100,distributor,0.96,5,0.935112,"Правило: ≥3 выхода, seed или исходящих ≥1,5× входящих; вход 1 / 100,000 KZT; выход 7 / 2,473,418 KZT; операций 1/33; дней 13"
100000004908173100,terminal,0.74556,1,0.136153,"Правило: глубина 4; 1 операция: дальше шли 26% из 1126 узлов колен 1–3; вероятно конечный; вход 1 / 21,000 KZT; выход 0 / 0 KZT; операций 1/0; дней 1"
100000004911971100,peripheral,0.4,5,0.163046,"Правило: глубина 4; 3–5 операций: дальше шли 61% из 211 узлов колен 1–3; продолжение неясно; вход 1 / 35,000 KZT; выход 0 / 0 KZT; операций 3/0; дней 2"
100000004917367100,terminal,0.84,5,0.555426,"Правило: есть вход, выхода нет в пределах обхода; вход 2 / 120,000 KZT; выход 0 / 0 KZT; операций 2/0; дней 2"
100000004921657100,peripheral,0.55,6,0.348582,"Правило: пороги других ролей не выполнены; вход 1 / 8,300 KZT; выход 1 / 22,190 KZT; операций 1/1; дней 1"
100000004931931100,transit,0.737876,3,0.64046,"Правило: есть вход и выход, отношение сумм 0,5–2; вход 1 / 23,938 KZT; выход 1 / 45,000 KZT; операций 1/1; дней 2"
100000004948177100,terminal,0.9,2,0.669563,"Правило: есть вход, выхода нет в пределах обхода; вход 3 / 437,163 KZT; выход 0 / 0 KZT; операций 8/0; дней 7"
100000004950490100,terminal,0.81,13,0.228668,"Правило: есть вход, выхода нет в пределах обхода; вход 1 / 10,000 KZT; выход 0 / 0 KZT; операций 1/0; дней 1"
100000004959752100,terminal,0.81,6,0.257069,"Правило: есть вход, выхода нет в пределах обхода; вход 1 / 22,200 KZT; выход 0 / 0 KZT; операций 1/0; дней 1"
100000004962193100,terminal,0.9,0,0.71725,"Правило: есть вход, выхода нет в пределах обхода; вход 8 / 900,468 KZT; выход 0 / 0 KZT; операций 11/0; дней 5"
100000004970752100,terminal,0.81,0,0.228668,"Правило: есть вход, выхода нет в пределах обхода; вход 1 / 10,000 KZT; выход 0 / 0 KZT; операций 1/0; дней 1"
100000004971871100,peripheral,0.55,42,0.346673,"Правило: пороги других ролей не выполнены; вход 1 / 25,400 KZT; выход 1 / 5,650 KZT; операций 3/1; дней 4; seed: вход неполон"
100000004975919100,transit,0.814925,3,0.667503,"Правило: есть вход и выход, отношение сумм 0,5–2; вход 1 / 22,351 KZT; выход 2 / 15,000 KZT; операций 1/2; дней 3"
100000004976946100,terminal,0.74556,30,0.190422,"Правило: глубина 4; 1 операция: дальше шли 26% из 1126 узлов колен 1–3; вероятно конечный; вход 1 / 246,000 KZT; выход 0 / 0 KZT; операций 1/0; дней 1"
100000004979264100,terminal,0.74556,1,0.151154,"Правило: глубина 4; 1 операция: дальше шли 26% из 1126 узлов колен 1–3; вероятно конечный; вход 1 / 39,800 KZT; выход 0 / 0 KZT; операций 1/0; дней 1"
100000004979283100,terminal,0.81,8,0.283967,"Правило: есть вход, выхода нет в пределах обхода; вход 1 / 40,132 KZT; выход 0 / 0 KZT; операций 1/0; дней 1"
100000004979498100,peripheral,0.55,39,0.523193,"Правило: пороги других ролей не выполнены; вход 1 / 700,000 KZT; выход 1 / 200,000 KZT; операций 2/1; дней 2"
100000004981068100,terminal,0.74556,3,0.121382,"Правило: глубина 4; 1 операция: дальше шли 26% из 1126 узлов колен 1–3; вероятно конечный; вход 1 / 10,000 KZT; выход 0 / 0 KZT; операций 1/0; дней 1"
100000004984689100,terminal,0.81,3,0.29823,"Правило: есть вход, выхода нет в пределах обхода; вход 1 / 53,030 KZT; выход 0 / 0 KZT; операций 1/0; дней 1"
100000004988240100,terminal,0.74556,0,0.134364,"Правило: глубина 4; 1 операция: дальше шли 26% из 1126 узлов колен 1–3; вероятно конечный; вход 1 / 20,000 KZT; выход 0 / 0 KZT; операций 1/0; дней 1"
100000004991593100,peripheral,0.4,0,0.166906,"Правило: глубина 4; 2 операции: дальше шли 44% из 257 узлов колен 1–3; продолжение неясно; вход 1 / 45,000 KZT; выход 0 / 0 KZT; операций 2/0; дней 2"
100000004991812100,terminal,0.81,20,0.228668,"Правило: есть вход, выхода нет в пределах обхода; вход 1 / 10,000 KZT; выход 0 / 0 KZT; операций 1/0; дней 1"
100000004993576100,terminal,0.81,2,0.340851,"Правило: есть вход, выхода нет в пределах обхода; вход 1 / 167,000 KZT; выход 0 / 0 KZT; операций 1/0; дней 1"
100000004997515100,peripheral,0.55,1,0.659714,"Правило: пороги других ролей не выполнены; вход 4 / 395,000 KZT; выход 4 / 54,500 KZT; операций 4/4; дней 8"
100000005008589100,terminal,0.81,0,0.285886,"Правило: есть вход, выхода нет в пределах обхода; вход 1 / 42,807 KZT; выход 0 / 0 KZT; операций 1/0; дней 1"
100000005010159100,terminal,0.74556,15,0.118216,"Правило: глубина 4; 1 операция: дальше шли 26% из 1126 узлов колен 1–3; вероятно конечный; вход 1 / 7,092 KZT; выход 0 / 0 KZT; операций 1/0; дней 1"
100000005017150100,peripheral,0.75,53,0.019203,Правило: наблюдаемых связей нет; вход 0 / 0 KZT; выход 0 / 0 KZT; операций 0/0; дней 0; seed: вход неполон
100000005022552100,peripheral,0.55,2,0.492177,"Правило: пороги других ролей не выполнены; вход 1 / 241,000 KZT; выход 1 / 5,000 KZT; операций 3/1; дней 4"
100000005022964100,terminal,0.81,6,0.252273,"Правило: есть вход, выхода нет в пределах обхода; вход 1 / 20,000 KZT; выход 0 / 0 KZT; операций 1/0; дней 1"
100000005025629100,terminal,0.74556,5,0.115877,"Правило: глубина 4; 1 операция: дальше шли 26% из 1126 узлов колен 1–3; вероятно конечный; вход 1 / 5,227 KZT; выход 0 / 0 KZT; операций 1/0; дней 1"
100000005030592100,terminal,0.81,2,0.228668,"Правило: есть вход, выхода нет в пределах обхода; вход 1 / 10,000 KZT; выход 0 / 0 KZT; операций 1/0; дней 1"
100000005031696100,peripheral,0.55,6,0.567521,"Правило: пороги других ролей не выполнены; вход 1 / 5,000 KZT; выход 2 / 115,000 KZT; операций 1/3; дней 4"
100000005032294100,terminal,0.81,8,0.228668,"Правило: есть вход, выхода нет в пределах обхода; вход 1 / 10,000 KZT; выход 0 / 0 KZT; операций 1/0; дней 1"
100000005034574100,terminal,0.9,44,0.551225,"Правило: есть вход, выхода нет в пределах обхода; вход 1 / 258,816 KZT; выход 0 / 0 KZT; операций 16/0; дней 5"
100000005037490100,transit,0.73,15,0.650151,"Правило: есть вход и выход, отношение сумм 0,5–2; вход 1 / 15,000 KZT; выход 2 / 30,000 KZT; операций 1/3; дней 3"
100000005041147100,terminal,0.74556,3,0.121382,"Правило: глубина 4; 1 операция: дальше шли 26% из 1126 узлов колен 1–3; вероятно конечный; вход 1 / 10,000 KZT; выход 0 / 0 KZT; операций 1/0; дней 1"
100000005041905100,peripheral,0.55,7,0.543489,"Правило: пороги других ролей не выполнены; вход 1 / 5,000 KZT; выход 1 / 1,080,351 KZT; операций 1/5; дней 5"
100000005042822100,terminal,0.74556,26,0.208841,"Правило: глубина 4; 1 операция: дальше шли 26% из 1126 узлов колен 1–3; вероятно конечный; вход 1 / 1,000,000 KZT; выход 0 / 0 KZT; операций 1/0; дней 1"
100000005048668100,distributor,0.96,0,0.861724,"Правило: ≥3 выхода, seed или исходящих ≥1,5× входящих; вход 2 / 16,668 KZT; выход 8 / 159,400 KZT; операций 2/11; дней 10"
100000005049404100,peripheral,0.4,5,0.191341,"Правило: глубина 4; 2 операции: дальше шли 44% из 257 узлов колен 1–3; продолжение неясно; вход 1 / 98,000 KZT; выход 0 / 0 KZT; операций 2/0; дней 2"
100000005052998100,peripheral,0.55,3,0.377575,"Правило: пороги других ролей не выполнены; вход 1 / 9,500 KZT; выход 1 / 28,400 KZT; операций 1/1; дней 2"
100000005053653100,peripheral,0.55,0,0.523349,"Правило: пороги других ролей не выполнены; вход 2 / 63,073 KZT; выход 1 / 25,000 KZT; операций 2/1; дней 3"
100000005055454100,terminal,0.81,24,0.221495,"Правило: есть вход, выхода нет в пределах обхода; вход 1 / 6,500 KZT; выход 0 / 0 KZT; операций 1/0; дней 1"
100000005056870100,terminal,0.81,36,0.252273,"Правило: есть вход, выхода нет в пределах обхода; вход 1 / 20,000 KZT; выход 0 / 0 KZT; операций 1/0; дней 1"
100000005059998100,terminal,0.81,0,0.248311,"Правило: есть вход, выхода нет в пределах обхода; вход 1 / 18,000 KZT; выход 0 / 0 KZT; операций 1/0; дней 1"
100000005061890100,terminal,0.81,0,0.317289,"Правило: есть вход, выхода нет в пределах обхода; вход 1 / 90,000 KZT; выход 0 / 0 KZT; операций 1/0; дней 1"
100000005074393100,distributor,0.96,28,0.929985,"Правило: ≥3 выхода, seed или исходящих ≥1,5× входящих; вход 4 / 563,026 KZT; выход 6 / 685,500 KZT; операций 5/10; дней 12"
100000005075949100,peripheral,0.4,0,0.258403,"Правило: глубина 4; 6+ операций: дальше шли 83% из 129 узлов колен 1–3; вероятно продолжение; вход 1 / 2,226,000 KZT; выход 0 / 0 KZT; операций 7/0; дней 4"
100000005077484100,peripheral,0.55,24,0.483858,"Правило: пороги других ролей не выполнены; вход 1 / 150,000 KZT; выход 2 / 13,550 KZT; операций 1/2; дней 2"
100000005079473100,terminal,0.74556,15,0.150925,"Правило: глубина 4; 1 операция: дальше шли 26% из 1126 узлов колен 1–3; вероятно конечный; вход 1 / 39,312 KZT; выход 0 / 0 KZT; операций 1/0; дней 1"
100000005079754100,transit,0.769709,6,0.754172,"Правило: есть вход и выход, отношение сумм 0,5–2; вход 1 / 70,000 KZT; выход 2 / 122,000 KZT; операций 1/2; дней 3"
100000005082652100,terminal,0.81,13,0.271707,"Правило: есть вход, выхода нет в пределах обхода; вход 1 / 30,000 KZT; выход 0 / 0 KZT; операций 1/0; дней 1"
100000005087431100,peripheral,0.75,54,0.019203,Правило: наблюдаемых связей нет; вход 0 / 0 KZT; выход 0 / 0 KZT; операций 0/0; дней 0; seed: вход неполон
100000005087923100,terminal,0.74556,12,0.134364,"Правило: глубина 4; 1 операция: дальше шли 26% из 1126 узлов колен 1–3; вероятно конечный; вход 1 / 20,000 KZT; выход 0 / 0 KZT; операций 1/0; дней 1"
100000005089460100,terminal,0.81,7,0.23434,"Правило: есть вход, выхода нет в пределах обхода; вход 1 / 12,300 KZT; выход 0 / 0 KZT; операций 1/0; дней 1"
100000005092518100,terminal,0.81,4,0.265159,"Правило: есть вход, выхода нет в пределах обхода; вход 1 / 26,144 KZT; выход 0 / 0 KZT; операций 1/0; дней 1"
100000005093521100,terminal,0.81,6,0.241054,"Правило: есть вход, выхода нет в пределах обхода; вход 1 / 15,200 KZT; выход 0 / 0 KZT; операций 1/0; дней 1"
100000005100475100,terminal,0.81,12,0.283384,"Правило: есть вход, выхода нет в пределах обхода; вход 1 / 40,000 KZT; выход 0 / 0 KZT; операций 1/0; дней 1"
100000005105153100,terminal,0.81,3,0.271707,"Правило: есть вход, выхода нет в пределах обхода; вход 1 / 30,000 KZT; выход 0 / 0 KZT; операций 1/0; дней 1"
100000005124479100,peripheral,0.55,3,0.588095,"Правило: пороги других ролей не выполнены; вход 2 / 137,753 KZT; выход 2 / 22,000 KZT; операций 2/2; дней 4"
100000005127767100,terminal,0.81,2,0.222496,"Правило: есть вход, выхода нет в пределах обхода; вход 1 / 7,000 KZT; выход 0 / 0 KZT; операций 1/0; дней 1"
100000005133757100,terminal,0.84,15,0.523342,"Правило: есть вход, выхода нет в пределах обхода; вход 2 / 65,000 KZT; выход 0 / 0 KZT; операций 2/0; дней 2"
100000005140601100,consolidator,0.855,3,0.825437,"Правило: 3 входа или больше, входящих ≥1,5× исходящих; вход 3 / 52,685 KZT; выход 2 / 195,300 KZT; операций 4/5; дней 6"
100000005142492100,peripheral,0.55,12,0.393066,"Правило: пороги других ролей не выполнены; вход 1 / 10,000 KZT; выход 1 / 57,000 KZT; операций 1/1; дней 1"
100000005142589100,terminal,0.84,0,0.414256,"Правило: есть вход, выхода нет в пределах обхода; вход 1 / 50,000 KZT; выход 0 / 0 KZT; операций 2/0; дней 1"
100000005146665100,terminal,0.74556,8,0.116335,"Правило: глубина 4; 1 операция: дальше шли 26% из 1126 узлов колен 1–3; вероятно конечный; вход 1 / 5,500 KZT; выход 0 / 0 KZT; операций 1/0; дней 1"
100000005168487100,peripheral,0.55,6,0.472948,"Правило: пороги других ролей не выполнены; вход 1 / 15,000 KZT; выход 1 / 103,510 KZT; операций 1/14; дней 12"
100000005171642100,transit,0.934482,12,0.787436,"Правило: есть вход и выход, отношение сумм 0,5–2; вход 2 / 696,800 KZT; выход 1 / 683,600 KZT; операций 5/4; дней 7"
100000005172860100,terminal,0.81,0,0.241179,"Правило: есть вход, выхода нет в пределах обхода; вход 1 / 15,209 KZT; выход 0 / 0 KZT; операций 1/0; дней 1"
100000005175148100,peripheral,0.55,2,0.469801,"Правило: пороги других ролей не выполнены; вход 2 / 79,000 KZT; выход 1 / 15,000 KZT; операций 4/1; дней 4"
100000005182219100,terminal,0.84,5,0.516336,"Правило: есть вход, выхода нет в пределах обхода; вход 2 / 55,000 KZT; выход 0 / 0 KZT; операций 2/0; дней 2"
100000005183943100,terminal,0.9,33,0.587435,"Правило: есть вход, выхода нет в пределах обхода; вход 1 / 680,900 KZT; выход 0 / 0 KZT; операций 9/0; дней 9"
100000005186109100,terminal,0.81,2,0.216908,"Правило: есть вход, выхода нет в пределах обхода; вход 1 / 5,000 KZT; выход 0 / 0 KZT; операций 1/0; дней 1"
100000005186131100,transit,0.91,0,0.593193,"Правило: есть вход и выход, отношение сумм 0,5–2; вход 1 / 10,000 KZT; выход 1 / 10,000 KZT; операций 1/1; дней 1"
100000005187208100,terminal,0.81,0,0.23776,"Правило: есть вход, выхода нет в пределах обхода; вход 1 / 14,160 KZT; выход 0 / 0 KZT; операций 1/0; дней 1"
100000005189258100,terminal,0.74556,0,0.157439,"Правило: глубина 4; 1 операция: дальше шли 26% из 1126 узлов колен 1–3; вероятно конечный; вход 1 / 50,000 KZT; выход 0 / 0 KZT; операций 1/0; дней 1"
100000005198498100,terminal,0.81,7,0.269288,"Правило: есть вход, выхода нет в пределах обхода; вход 1 / 28,800 KZT; выход 0 / 0 KZT; операций 1/0; дней 1"
100000005198906100,peripheral,0.55,5,0.545891,"Правило: пороги других ролей не выполнены; вход 1 / 227,970 KZT; выход 1 / 60,000 KZT; операций 1/1; дней 2"
100000005203590100,terminal,0.81,12,0.317289,"Правило: есть вход, выхода нет в пределах обхода; вход 1 / 90,000 KZT; выход 0 / 0 KZT; операций 1/0; дней 1"
100000005205745100,terminal,0.81,12,0.220536,"Правило: есть вход, выхода нет в пределах обхода; вход 1 / 6,000 KZT; выход 0 / 0 KZT; операций 1/0; дней 1"
100000005209352100,terminal,0.74556,3,0.114913,"Правило: глубина 4; 1 операция: дальше шли 26% из 1126 узлов колен 1–3; вероятно конечный; вход 1 / 5,000 KZT; выход 0 / 0 KZT; операций 1/0; дней 1"
100000005222360100,peripheral,0.55,8,0.369568,"Правило: пороги других ролей не выполнены; вход 1 / 5,000 KZT; выход 1 / 27,000 KZT; операций 1/1; дней 2"
100000005226217100,terminal,0.74556,1,0.131268,"Правило: глубина 4; 1 операция: дальше шли 26% из 1126 узлов колен 1–3; вероятно конечный; вход 1 / 17,500 KZT; выход 0 / 0 KZT; операций 1/0; дней 1"
100000005228059100,terminal,0.81,4,0.264784,"Правило: есть вход, выхода нет в пределах обхода; вход 1 / 26,000 KZT; выход 0 / 0 KZT; операций 1/0; дней 1"
100000005233755100,peripheral,0.55,14,0.411805,"Правило: пороги других ролей не выполнены; вход 1 / 25,000 KZT; выход 1 / 5,000 KZT; операций 1/1; дней 1"
100000005235389100,peripheral,0.75,55,0.019203,Правило: наблюдаемых связей нет; вход 0 / 0 KZT; выход 0 / 0 KZT; операций 0/0; дней 0; seed: вход неполон
100000005237935150,terminal,0.81,9,0.277545,"Правило: есть вход, выхода нет в пределах обхода; вход 1 / 34,508 KZT; выход 0 / 0 KZT; операций 1/0; дней 1"
100000005241556100,terminal,0.81,1,0.322627,"Правило: есть вход, выхода нет в пределах обхода; вход 1 / 100,000 KZT; выход 0 / 0 KZT; операций 1/0; дней 1"
100000005242320100,distributor,0.96,9,0.86456,"Правило: ≥3 выхода, seed или исходящих ≥1,5× входящих; вход 2 / 365,700 KZT; выход 21 / 8,936,295 KZT; операций 2/29; дней 16"
100000005264874100,peripheral,0.55,16,0.476585,"Правило: пороги других ролей не выполнены; вход 1 / 30,000 KZT; выход 2 / 78,000 KZT; операций 1/3; дней 4"
100000005264990100,peripheral,0.55,18,0.501841,"Правило: пороги других ролей не выполнены; вход 1 / 17,070 KZT; выход 2 / 122,000 KZT; операций 1/2; дней 3; seed: вход неполон"
100000005265073100,transit,0.750401,18,0.550516,"Правило: есть вход и выход, отношение сумм 0,5–2; вход 1 / 5,000 KZT; выход 1 / 9,000 KZT; операций 1/1; дней 2"
100000005268319100,distributor,0.925,0,0.810548,"Правило: ≥3 выхода, seed или исходящих ≥1,5× входящих; вход 1 / 19,713 KZT; выход 5 / 91,000 KZT; операций 2/10; дней 8"
100000005272139100,terminal,0.74556,2,0.182738,"Правило: глубина 4; 1 операция: дальше шли 26% из 1126 узлов колен 1–3; вероятно конечный; вход 1 / 165,000 KZT; выход 0 / 0 KZT; операций 1/0; дней 1"
100000005287097100,distributor,0.96,2,0.928539,"Правило: ≥3 выхода, seed или исходящих ≥1,5× входящих; вход 2 / 127,173 KZT; выход 9 / 697,300 KZT; операций 5/42; дней 18"
100000005293969100,terminal,0.74556,0,0.116152,"Правило: глубина 4; 1 операция: дальше шли 26% из 1126 узлов колен 1–3; вероятно конечный; вход 1 / 5,467 KZT; выход 0 / 0 KZT; операций 1/0; дней 1"
100000005308954100,peripheral,0.55,2,0.496291,"Правило: пороги других ролей не выполнены; вход 1 / 69,020 KZT; выход 1 / 30,000 KZT; операций 1/1; дней 2"
100000005314565100,terminal,0.87,0,0.499266,"Правило: есть вход, выхода нет в пределах обхода; вход 1 / 218,500 KZT; выход 0 / 0 KZT; операций 3/0; дней 1"
100000005316708100,peripheral,0.55,12,0.529465,"Правило: пороги других ролей не выполнены; вход 1 / 90,000 KZT; выход 2 / 257,500 KZT; операций 1/4; дней 4"
100000005317181100,peripheral,0.55,3,0.518645,"Правило: пороги других ролей не выполнены; вход 1 / 141,250 KZT; выход 1 / 14,500 KZT; операций 1/1; дней 2"
100000005326681100,terminal,0.81,2,0.274376,"Правило: есть вход, выхода нет в пределах обхода; вход 1 / 31,228 KZT; выход 0 / 0 KZT; операций 1/0; дней 1"
100000005328215100,terminal,0.81,9,0.267411,"Правило: есть вход, выхода нет в пределах обхода; вход 1 / 27,000 KZT; выход 0 / 0 KZT; операций 1/0; дней 1"
100000005339662100,transit,0.83191,2,0.851828,"Правило: есть вход и выход, отношение сумм 0,5–2; вход 4 / 202,939 KZT; выход 4 / 295,160 KZT; операций 9/15; дней 12"
100000005342513100,peripheral,0.55,4,0.482991,"Правило: пороги других ролей не выполнены; вход 1 / 235,000 KZT; выход 1 / 30,000 KZT; операций 2/1; дней 2"
100000005357034100,terminal,0.81,0,0.225999,"Правило: есть вход, выхода нет в пределах обхода; вход 1 / 9,754 KZT; выход 0 / 0 KZT; операций 1/0; дней 1"
100000005357705100,distributor,0.89,3,0.853401,"Правило: ≥3 выхода, seed или исходящих ≥1,5× входящих; вход 1 / 52,595 KZT; выход 4 / 387,080 KZT; операций 1/5; дней 4"
100000005360814100,peripheral,0.4,15,0.206969,"Правило: глубина 4; 3–5 операций: дальше шли 61% из 211 узлов колен 1–3; продолжение неясно; вход 1 / 144,000 KZT; выход 0 / 0 KZT; операций 3/0; дней 3"
100000005362848100,terminal,0.81,8,0.269621,"Правило: есть вход, выхода нет в пределах обхода; вход 1 / 29,000 KZT; выход 0 / 0 KZT; операций 1/0; дней 1"
100000005363908100,transit,0.91,37,0.567782,"Правило: есть вход и выход, отношение сумм 0,5–2; вход 1 / 19,500 KZT; выход 1 / 19,500 KZT; операций 1/1; дней 1"
100000005367180100,terminal,0.74556,3,0.118423,"Правило: глубина 4; 1 операция: дальше шли 26% из 1126 узлов колен 1–3; вероятно конечный; вход 1 / 7,700 KZT; выход 0 / 0 KZT; операций 1/0; дней 1"
100000005367284100,peripheral,0.55,3,0.526474,"Правило: пороги других ролей не выполнены; вход 1 / 13,700 KZT; выход 2 / 48,300 KZT; операций 1/5; дней 5"
100000005367445100,transit,0.92,1,0.51714,"Правило: есть вход и выход, отношение сумм 0,5–2; вход 1 / 5,000 KZT; выход 1 / 5,000 KZT; операций 1/1; дней 2"
100000005370558100,terminal,0.74556,0,0.114913,"Правило: глубина 4; 1 операция: дальше шли 26% из 1126 узлов колен 1–3; вероятно конечный; вход 1 / 5,000 KZT; выход 0 / 0 KZT; операций 1/0; дней 1"
100000005370580100,terminal,0.81,15,0.235002,"Правило: есть вход, выхода нет в пределах обхода; вход 1 / 24,075 KZT; выход 0 / 0 KZT; операций 1/0; дней 1; seed: вход неполон"
100000005375968100,transit,0.743236,0,0.75892,"Правило: есть вход и выход, отношение сумм 0,5–2; вход 1 / 170,082 KZT; выход 2 / 86,000 KZT; операций 1/4; дней 4"
100000005382566100,consolidator,0.96,2,0.80875,"Правило: 3 входа или больше, входящих ≥1,5× исходящих; вход 7 / 393,066 KZT; выход 1 / 50,000 KZT; операций 11/1; дней 7; seed: вход неполон"
100000005386383100,peripheral,0.55,2,0.395136,"Правило: пороги других ролей не выполнены; вход 2 / 37,500 KZT; выход 1 / 29,000 KZT; операций 2/1; дней 2; seed: вход неполон"
100000005392290100,peripheral,0.55,46,0.207623,"Правило: пороги других ролей не выполнены; вход 0 / 0 KZT; выход 1 / 81,465 KZT; операций 0/1; дней 1; seed: вход неполон"
100000005394708100,peripheral,0.55,18,0.42673,"Правило: пороги других ролей не выполнены; вход 1 / 26,000 KZT; выход 1 / 65,000 KZT; операций 1/1; дней 2"
100000005395727100,terminal,0.81,2,0.220552,"Правило: есть вход, выхода нет в пределах обхода; вход 1 / 17,000 KZT; выход 0 / 0 KZT; операций 1/0; дней 1; seed: вход неполон"
100000005402643100,transit,0.818822,1,0.652705,"Правило: есть вход и выход, отношение сумм 0,5–2; вход 1 / 127,800 KZT; выход 1 / 90,000 KZT; операций 1/1; дней 2"
100000005409156100,terminal,0.84,5,0.590624,"Правило: есть вход, выхода нет в пределах обхода; вход 2 / 260,080 KZT; выход 0 / 0 KZT; операций 2/0; дней 2"
100000005409680100,terminal,0.84,0,0.465103,"Правило: есть вход, выхода нет в пределах обхода; вход 2 / 55,060 KZT; выход 0 / 0 KZT; операций 2/0; дней 2; seed: вход неполон"
100000005413948100,peripheral,0.55,1,0.470079,"Правило: пороги других ролей не выполнены; вход 2 / 28,215 KZT; выход 1 / 5,000 KZT; операций 2/1; дней 3"
100000005417257100,peripheral,0.55,18,0.392414,"Правило: пороги других ролей не выполнены; вход 0 / 0 KZT; выход 2 / 106,000 KZT; операций 0/2; дней 2; seed: вход неполон"
100000005432267100,terminal,0.84,6,0.583874,"Правило: есть вход, выхода нет в пределах обхода; вход 2 / 350,001 KZT; выход 0 / 0 KZT; операций 2/0; дней 1"
100000005454368100,terminal,0.84,15,0.454893,"Правило: есть вход, выхода нет в пределах обхода; вход 2 / 48,600 KZT; выход 0 / 0 KZT; операций 2/0; дней 2; seed: вход неполон"
100000005456919100,peripheral,0.55,32,0.552152,"Правило: пороги других ролей не выполнены; вход 2 / 479,950 KZT; выход 1 / 5,000 KZT; операций 10/1; дней 7"
100000005473151100,peripheral,0.55,8,0.681745,"Правило: пороги других ролей не выполнены; вход 3 / 1,220,000 KZT; выход 4 / 225,000 KZT; операций 4/6; дней 4"
100000005474472100,terminal,0.81,11,0.322627,"Правило: есть вход, выхода нет в пределах обхода; вход 1 / 100,000 KZT; выход 0 / 0 KZT; операций 1/0; дней 1"
100000005475379100,distributor,0.855,0,0.797131,"Правило: ≥3 выхода, seed или исходящих ≥1,5× входящих; вход 1 / 108,370 KZT; выход 3 / 81,000 KZT; операций 1/3; дней 4"
100000005480435100,peripheral,0.75,56,0.019203,Правило: наблюдаемых связей нет; вход 0 / 0 KZT; выход 0 / 0 KZT; операций 0/0; дней 0; seed: вход неполон
100000005481280100,distributor,0.855,2,0.75139,"Правило: ≥3 выхода, seed или исходящих ≥1,5× входящих; вход 1 / 32,700 KZT; выход 3 / 50,000 KZT; операций 1/3; дней 4"
100000005485830100,distributor,0.925,36,0.693822,"Правило: ≥3 выхода, seed или исходящих ≥1,5× входящих; вход 0 / 0 KZT; выход 5 / 275,885 KZT; операций 0/9; дней 7; seed: вход неполон"
100000005493505100,terminal,0.87,15,0.504719,"Правило: есть вход, выхода нет в пределах обхода; вход 3 / 62,020 KZT; выход 0 / 0 KZT; операций 3/0; дней 3; seed: вход неполон"
100000005495211100,terminal,0.74556,3,0.126588,"Правило: глубина 4; 1 операция: дальше шли 26% из 1126 узлов колен 1–3; вероятно конечный; вход 1 / 14,500 KZT; выход 0 / 0 KZT; операций 1/0; дней 1"
100000005495722100,peripheral,0.75,57,0.019203,Правило: наблюдаемых связей нет; вход 0 / 0 KZT; выход 0 / 0 KZT; операций 0/0; дней 0; seed: вход неполон
100000005496254100,terminal,0.81,0,0.235007,"Правило: есть вход, выхода нет в пределах обхода; вход 1 / 12,700 KZT; выход 0 / 0 KZT; операций 1/0; дней 1"
100000005497148100,peripheral,0.4,5,0.14669,"Правило: глубина 4; 2 операции: дальше шли 44% из 257 узлов колен 1–3; продолжение неясно; вход 1 / 24,000 KZT; выход 0 / 0 KZT; операций 2/0; дней 2"
100000005498992100,distributor,0.96,13,0.769076,"Правило: ≥3 выхода, seed или исходящих ≥1,5× входящих; вход 0 / 0 KZT; выход 16 / 2,262,868 KZT; операций 0/19; дней 10; seed: вход неполон"
100000005505655100,transit,0.774895,22,0.688157,"Правило: есть вход и выход, отношение сумм 0,5–2; вход 2 / 33,070 KZT; выход 1 / 20,000 KZT; операций 2/1; дней 2"
100000005507142100,transit,0.745714,16,0.687221,"Правило: есть вход и выход, отношение сумм 0,5–2; вход 3 / 51,000 KZT; выход 3 / 100,000 KZT; операций 3/4; дней 7"
100000005514161100,consolidator,0.89,12,0.866206,"Правило: 3 входа или больше, входящих ≥1,5× исходящих; вход 4 / 401,500 KZT; выход 1 / 50,000 KZT; операций 7/1; дней 5"
100000005519347100,peripheral,0.55,2,0.443439,"Правило: пороги других ролей не выполнены; вход 2 / 73,100 KZT; выход 1 / 99,000 KZT; операций 2/1; дней 3; seed: вход неполон"
100000005519998100,transit,0.930641,17,0.858922,"Правило: есть вход и выход, отношение сумм 0,5–2; вход 3 / 182,000 KZT; выход 3 / 188,000 KZT; операций 5/8; дней 11"
100000005523088100,terminal,0.84,2,0.478224,"Правило: есть вход, выхода нет в пределах обхода; вход 1 / 700,000 KZT; выход 0 / 0 KZT; операций 2/0; дней 1; seed: вход неполон"
100000005527892100,coordinator,0.978132,1,0.954216,"Правило: ≥2 входа и выхода, посредничество в верхних 10%; вход 3 / 220,001 KZT; выход 8 / 552,419 KZT; операций 3/8; дней 8"
100000005530114100,peripheral,0.55,14,0.554154,"Правило: пороги других ролей не выполнены; вход 2 / 136,970 KZT; выход 1 / 25,000 KZT; операций 2/1; дней 3"
100000005532138100,terminal,0.81,0,0.263866,"Правило: есть вход, выхода нет в пределах обхода; вход 1 / 25,046 KZT; выход 0 / 0 KZT; операций 1/0; дней 1"
100000005539201100,transit,0.747187,2,0.65707,"Правило: есть вход и выход, отношение сумм 0,5–2; вход 1 / 45,504 KZT; выход 1 / 25,000 KZT; операций 1/1; дней 2"
100000005539910100,peripheral,0.55,6,0.553153,"Правило: пороги других ролей не выполнены; вход 1 / 102,000 KZT; выход 2 / 22,000 KZT; операций 1/2; дней 2"
100000005543136100,peripheral,0.55,15,0.132294,"Правило: пороги других ролей не выполнены; вход 0 / 0 KZT; выход 1 / 10,000 KZT; операций 0/1; дней 1; seed: вход неполон"
100000005546031100,consolidator,0.855,37,0.690116,"Правило: 3 входа или больше, входящих ≥1,5× исходящих; вход 3 / 66,800 KZT; выход 1 / 8,000 KZT; операций 6/1; дней 4"
100000005547096100,peripheral,0.55,37,0.50888,"Правило: пороги других ролей не выполнены; вход 1 / 8,000 KZT; выход 2 / 226,300 KZT; операций 1/3; дней 3"
100000005550592100,peripheral,0.75,58,0.019203,Правило: наблюдаемых связей нет; вход 0 / 0 KZT; выход 0 / 0 KZT; операций 0/0; дней 0; seed: вход неполон
100000005553088100,terminal,0.74556,15,0.131268,"Правило: глубина 4; 1 операция: дальше шли 26% из 1126 узлов колен 1–3; вероятно конечный; вход 1 / 17,500 KZT; выход 0 / 0 KZT; операций 1/0; дней 1"
100000005560900100,peripheral,0.75,59,0.019203,Правило: наблюдаемых связей нет; вход 0 / 0 KZT; выход 0 / 0 KZT; операций 0/0; дней 0; seed: вход неполон
100000005561741100,terminal,0.81,8,0.26274,"Правило: есть вход, выхода нет в пределах обхода; вход 1 / 25,000 KZT; выход 0 / 0 KZT; операций 1/0; дней 1"
100000005567828100,terminal,0.74556,8,0.171132,"Правило: глубина 4; 1 операция: дальше шли 26% из 1126 узлов колен 1–3; вероятно конечный; вход 1 / 94,000 KZT; выход 0 / 0 KZT; операций 1/0; дней 1"
100000005568407100,peripheral,0.75,60,0.019203,Правило: наблюдаемых связей нет; вход 0 / 0 KZT; выход 0 / 0 KZT; операций 0/0; дней 0; seed: вход неполон
100000005572303100,peripheral,0.55,2,0.502931,"Правило: пороги других ролей не выполнены; вход 1 / 75,000 KZT; выход 1 / 20,000 KZT; операций 1/1; дней 2"
100000005578559100,distributor,0.96,8,0.933566,"Правило: ≥3 выхода, seed или исходящих ≥1,5× входящих; вход 2 / 131,000 KZT; выход 21 / 893,164 KZT; операций 2/23; дней 12"
100000005584222100,transit,0.774474,0,0.789751,"Правило: есть вход и выход, отношение сумм 0,5–2; вход 2 / 192,717 KZT; выход 2 / 108,587 KZT; операций 6/3; дней 6"
100000005588444100,terminal,0.81,13,0.23434,"Правило: есть вход, выхода нет в пределах обхода; вход 1 / 12,300 KZT; выход 0 / 0 KZT; операций 1/0; дней 1"
100000005589319100,terminal,0.74556,0,0.141245,"Правило: глубина 4; 1 операция: дальше шли 26% из 1126 узлов колен 1–3; вероятно конечный; вход 1 / 26,000 KZT; выход 0 / 0 KZT; операций 1/0; дней 1"
100000005602999100,peripheral,0.55,29,0.453909,"Правило: пороги других ролей не выполнены; вход 1 / 5,000 KZT; выход 2 / 16,000 KZT; операций 1/3; дней 3"
100000005608515100,terminal,0.9,13,0.47082,"Правило: есть вход, выхода нет в пределах обхода; вход 1 / 64,000 KZT; выход 0 / 0 KZT; операций 4/0; дней 3"
100000005610717100,consolidator,0.89,3,0.87706,"Правило: 3 входа или больше, входящих ≥1,5× исходящих; вход 4 / 484,500 KZT; выход 1 / 265,200 KZT; операций 6/7; дней 8"
100000005612411100,distributor,0.96,16,0.910134,"Правило: ≥3 выхода, seed или исходящих ≥1,5× входящих; вход 3 / 115,500 KZT; выход 8 / 506,997 KZT; операций 4/8; дней 7"
100000005614315100,terminal,0.81,2,0.372546,"Правило: есть вход, выхода нет в пределах обхода; вход 1 / 455,000 KZT; выход 0 / 0 KZT; операций 1/0; дней 1"
100000005616568100,terminal,0.74556,5,0.203221,"Правило: глубина 4; 1 операция: дальше шли 26% из 1126 узлов колен 1–3; вероятно конечный; вход 1 / 530,000 KZT; выход 0 / 0 KZT; операций 1/0; дней 1"
100000005619339100,transit,0.895526,2,0.514792,"Правило: есть вход и выход, отношение сумм 0,5–2; вход 1 / 5,000 KZT; выход 1 / 5,443 KZT; операций 1/1; дней 2"
100000005620225100,terminal,0.84,0,0.506772,"Правило: есть вход, выхода нет в пределах обхода; вход 2 / 49,846 KZT; выход 0 / 0 KZT; операций 2/0; дней 2"
100000005621418100,terminal,0.74556,23,0.145053,"Правило: глубина 4; 1 операция: дальше шли 26% из 1126 узлов колен 1–3; вероятно конечный; вход 1 / 30,000 KZT; выход 0 / 0 KZT; операций 1/0; дней 1"
100000005628518100,terminal,0.87,19,0.470997,"Правило: есть вход, выхода нет в пределах обхода; вход 1 / 77,000 KZT; выход 0 / 0 KZT; операций 3/0; дней 3"
100000005634552100,distributor,0.855,0,0.86002,"Правило: ≥3 выхода, seed или исходящих ≥1,5× входящих; вход 1 / 25,850 KZT; выход 3 / 1,196,000 KZT; операций 1/4; дней 4"
100000005636951100,terminal,0.74556,12,0.151475,"Правило: глубина 4; 1 операция: дальше шли 26% из 1126 узлов колен 1–3; вероятно конечный; вход 1 / 40,000 KZT; выход 0 / 0 KZT; операций 1/0; дней 1"
100000005660203100,peripheral,0.55,2,0.629944,"Правило: пороги других ролей не выполнены; вход 1 / 572,899 KZT; выход 2 / 41,000 KZT; операций 12/5; дней 13"
100000005661528100,terminal,0.81,15,0.26274,"Правило: есть вход, выхода нет в пределах обхода; вход 1 / 25,000 KZT; выход 0 / 0 KZT; операций 1/0; дней 1"
100000005661829100,transit,0.911001,19,0.663778,"Правило: есть вход и выход, отношение сумм 0,5–2; вход 1 / 37,790 KZT; выход 2 / 40,362 KZT; операций 1/4; дней 3"
100000005664632100,terminal,0.9,6,0.539325,"Правило: есть вход, выхода нет в пределах обхода; вход 1 / 198,620 KZT; выход 0 / 0 KZT; операций 18/0; дней 5"
100000005664922100,distributor,0.855,11,0.775968,"Правило: ≥3 выхода, seed или исходящих ≥1,5× входящих; вход 2 / 22,000 KZT; выход 3 / 537,000 KZT; операций 2/4; дней 5"
100000005665181100,distributor,0.96,0,0.875003,"Правило: ≥3 выхода, seed или исходящих ≥1,5× входящих; вход 4 / 45,498 KZT; выход 11 / 181,915 KZT; операций 5/11; дней 7"
100000005667841100,terminal,0.84,1,0.556738,"Правило: есть вход, выхода нет в пределах обхода; вход 2 / 186,000 KZT; выход 0 / 0 KZT; операций 2/0; дней 1"
100000005668605100,terminal,0.87,18,0.523085,"Правило: есть вход, выхода нет в пределах обхода; вход 3 / 94,500 KZT; выход 0 / 0 KZT; операций 3/0; дней 3; seed: вход неполон"
100000005669845100,terminal,0.81,24,0.252273,"Правило: есть вход, выхода нет в пределах обхода; вход 1 / 20,000 KZT; выход 0 / 0 KZT; операций 1/0; дней 1"
100000005674387100,terminal,0.81,7,0.266077,"Правило: есть вход, выхода нет в пределах обхода; вход 1 / 26,200 KZT; выход 0 / 0 KZT; операций 1/0; дней 1"
100000005685783100,terminal,0.74556,7,0.141612,"Правило: глубина 4; 1 операция: дальше шли 26% из 1126 узлов колен 1–3; вероятно конечный; вход 1 / 26,150 KZT; выход 0 / 0 KZT; операций 1/0; дней 1"
100000005704413100,distributor,0.96,8,0.941384,"Правило: ≥3 выхода, seed или исходящих ≥1,5× входящих; вход 3 / 97,835 KZT; выход 32 / 1,363,593 KZT; операций 4/35; дней 12"
100000005709551100,terminal,0.81,0,0.261364,"Правило: есть вход, выхода нет в пределах обхода; вход 1 / 24,560 KZT; выход 0 / 0 KZT; операций 1/0; дней 1"
100000005711521100,terminal,0.74556,0,0.189642,"Правило: глубина 4; 1 операция: дальше шли 26% из 1126 узлов колен 1–3; вероятно конечный; вход 1 / 238,000 KZT; выход 0 / 0 KZT; операций 1/0; дней 1"
100000005723580100,terminal,0.74556,1,0.1487,"Правило: глубина 4; 1 операция: дальше шли 26% из 1126 узлов колен 1–3; вероятно конечный; вход 1 / 35,000 KZT; выход 0 / 0 KZT; операций 1/0; дней 1"
100000005730108100,terminal,0.81,0,0.223789,"Правило: есть вход, выхода нет в пределах обхода; вход 1 / 8,000 KZT; выход 0 / 0 KZT; операций 1/0; дней 1"
100000005744674100,peripheral,0.55,2,0.288051,"Правило: пороги других ролей не выполнены; вход 0 / 0 KZT; выход 1 / 50,066 KZT; операций 0/2; дней 2; seed: вход неполон"
100000005745873100,terminal,0.74556,30,0.188312,"Правило: глубина 4; 1 операция: дальше шли 26% из 1126 узлов колен 1–3; вероятно конечный; вход 1 / 223,000 KZT; выход 0 / 0 KZT; операций 1/0; дней 1"
100000005754335100,terminal,0.81,5,0.28647,"Правило: есть вход, выхода нет в пределах обхода; вход 1 / 44,037 KZT; выход 0 / 0 KZT; операций 1/0; дней 1"
100000005756189100,transit,0.828763,5,0.673123,"Правило: есть вход и выход, отношение сумм 0,5–2; вход 1 / 65,000 KZT; выход 1 / 49,050 KZT; операций 1/1; дней 1"
100000005756535100,terminal,0.81,4,0.252273,"Правило: есть вход, выхода нет в пределах обхода; вход 1 / 20,000 KZT; выход 0 / 0 KZT; операций 1/0; дней 1"
100000005767403100,peripheral,0.4,17,0.241069,"Правило: глубина 4; 2 операции: дальше шли 44% из 257 узлов колен 1–3; продолжение неясно; вход 1 / 1,100,000 KZT; выход 0 / 0 KZT; операций 2/0; дней 2"
100000005778283100,terminal,0.87,0,0.662333,"Правило: есть вход, выхода нет в пределах обхода; вход 3 / 615,760 KZT; выход 0 / 0 KZT; операций 3/0; дней 3"
100000005782781100,distributor,0.96,0,0.932043,"Правило: ≥3 выхода, seed или исходящих ≥1,5× входящих; вход 6 / 171,888 KZT; выход 10 / 1,263,597 KZT; операций 10/10; дней 9"
100000005782886100,terminal,0.74556,1,0.126084,"Правило: глубина 4; 1 операция: дальше шли 26% из 1126 узлов колен 1–3; вероятно конечный; вход 1 / 14,000 KZT; выход 0 / 0 KZT; операций 1/0; дней 1"
100000005783452100,peripheral,0.4,1,0.250458,"Правило: глубина 4; 2 операции: дальше шли 44% из 257 узлов колен 1–3; продолжение неясно; вход 2 / 286,500 KZT; выход 0 / 0 KZT; операций 2/0; дней 1"
100000005799271100,terminal,0.84,18,0.424065,"Правило: есть вход, выхода нет в пределах обхода; вход 1 / 45,000 KZT; выход 0 / 0 KZT; операций 2/0; дней 2"
100000005807278100,terminal,0.81,36,0.224164,"Правило: есть вход, выхода нет в пределах обхода; вход 1 / 8,385 KZT; выход 0 / 0 KZT; операций 1/0; дней 1"
100000005809252100,terminal,0.81,3,0.26274,"Правило: есть вход, выхода нет в пределах обхода; вход 1 / 25,000 KZT; выход 0 / 0 KZT; операций 1/0; дней 1"
100000005815602100,peripheral,0.55,2,0.525929,"Правило: пороги других ролей не выполнены; вход 1 / 20,000 KZT; выход 1 / 165,000 KZT; операций 1/1; дней 2"
100000005820746100,peripheral,0.55,11,0.536483,"Правило: пороги других ролей не выполнены; вход 1 / 1,989,000 KZT; выход 1 / 60,000 KZT; операций 2/1; дней 2"
100000005830339100,consolidator,0.925,3,0.830195,"Правило: 3 входа или больше, входящих ≥1,5× исходящих; вход 5 / 476,341 KZT; выход 1 / 339,251 KZT; операций 12/1; дней 12"
100000005834479100,transit,0.74038,3,0.542545,"Правило: есть вход и выход, отношение сумм 0,5–2; вход 1 / 7,500 KZT; выход 2 / 14,470 KZT; операций 1/2; дней 3"
100000005844459100,terminal,0.84,3,0.587844,"Правило: есть вход, выхода нет в пределах обхода; вход 2 / 243,400 KZT; выход 0 / 0 KZT; операций 2/0; дней 2"
100000005847078100,terminal,0.81,7,0.244057,"Правило: есть вход, выхода нет в пределах обхода; вход 1 / 16,300 KZT; выход 0 / 0 KZT; операций 1/0; дней 1"
100000005849100100,terminal,0.81,6,0.276419,"Правило: есть вход, выхода нет в пределах обхода; вход 1 / 33,300 KZT; выход 0 / 0 KZT; операций 1/0; дней 1"
100000005849862100,peripheral,0.4,0,0.128433,"Правило: глубина 4; 2 операции: дальше шли 44% из 257 узлов колен 1–3; продолжение неясно; вход 1 / 13,000 KZT; выход 0 / 0 KZT; операций 2/0; дней 2"
100000005852946100,terminal,0.81,6,0.259946,"Правило: есть вход, выхода нет в пределах обхода; вход 1 / 23,746 KZT; выход 0 / 0 KZT; операций 1/0; дней 1"
100000005857058100,terminal,0.87,2,0.570919,"Правило: есть вход, выхода нет в пределах обхода; вход 3 / 80,222 KZT; выход 0 / 0 KZT; операций 3/0; дней 3"
100000005873152100,transit,0.92,6,0.548612,"Правило: есть вход и выход, отношение сумм 0,5–2; вход 1 / 10,000 KZT; выход 1 / 10,000 KZT; операций 1/1; дней 2"
100000005877725100,terminal,0.81,4,0.307697,"Правило: есть вход, выхода нет в пределах обхода; вход 1 / 70,000 KZT; выход 0 / 0 KZT; операций 1/0; дней 1"
100000005878334100,peripheral,0.4,10,0.183451,"Правило: глубина 4; 2 операции: дальше шли 44% из 257 узлов колен 1–3; продолжение неясно; вход 1 / 76,400 KZT; выход 0 / 0 KZT; операций 2/0; дней 2"
100000005882013100,peripheral,0.55,28,0.488318,"Правило: пороги других ролей не выполнены; вход 2 / 135,000 KZT; выход 1 / 10,000 KZT; операций 3/1; дней 4"
100000005888829100,terminal,0.74556,1,0.185789,"Правило: глубина 4; 1 операция: дальше шли 26% из 1126 узлов колен 1–3; вероятно конечный; вход 1 / 197,000 KZT; выход 0 / 0 KZT; операций 1/0; дней 1"
100000005893892100,terminal,0.81,5,0.324337,"Правило: есть вход, выхода нет в пределах обхода; вход 1 / 102,780 KZT; выход 0 / 0 KZT; операций 1/0; дней 1"
100000005895525100,terminal,0.87,36,0.495685,"Правило: есть вход, выхода нет в пределах обхода; вход 1 / 120,000 KZT; выход 0 / 0 KZT; операций 3/0; дней 3"
100000005897462100,terminal,0.81,6,0.321417,"Правило: есть вход, выхода нет в пределах обхода; вход 1 / 98,400 KZT; выход 0 / 0 KZT; операций 1/0; дней 1"
100000005901606100,terminal,0.81,4,0.279213,"Правило: есть вход, выхода нет в пределах обхода; вход 1 / 35,660 KZT; выход 0 / 0 KZT; операций 1/0; дней 1"
100000005904580100,terminal,0.84,11,0.509919,"Правило: есть вход, выхода нет в пределах обхода; вход 2 / 72,000 KZT; выход 0 / 0 KZT; операций 2/0; дней 1"
100000005910114100,coordinator,0.979875,0,0.981329,"Правило: ≥2 входа и выхода, посредничество в верхних 10%; вход 3 / 326,144 KZT; выход 19 / 1,469,993 KZT; операций 3/56; дней 20"
100000005910895100,terminal,0.74556,29,0.115739,"Правило: глубина 4; 1 операция: дальше шли 26% из 1126 узлов колен 1–3; вероятно конечный; вход 1 / 5,100 KZT; выход 0 / 0 KZT; операций 1/0; дней 1"
100000005911352100,distributor,0.855,2,0.729427,"Правило: ≥3 выхода, seed или исходящих ≥1,5× входящих; вход 2 / 15,000 KZT; выход 3 / 24,000 KZT; операций 2/3; дней 5"
100000005931985100,terminal,0.81,9,0.310408,"Правило: есть вход, выхода нет в пределах обхода; вход 1 / 76,000 KZT; выход 0 / 0 KZT; операций 1/0; дней 1"
100000005932987100,terminal,0.87,17,0.406828,"Правило: есть вход, выхода нет в пределах обхода; вход 1 / 25,000 KZT; выход 0 / 0 KZT; операций 3/0; дней 3"
100000005933757100,coordinator,0.977883,8,0.987482,"Правило: ≥2 входа и выхода, посредничество в верхних 10%; вход 4 / 1,246,000 KZT; выход 34 / 3,002,628 KZT; операций 6/46; дней 15"
100000005939154100,terminal,0.84,2,0.382361,"Правило: есть вход, выхода нет в пределах обхода; вход 1 / 22,000 KZT; выход 0 / 0 KZT; операций 2/0; дней 2"
100000005940652100,terminal,0.81,35,0.224248,"Правило: есть вход, выхода нет в пределах обхода; вход 1 / 8,395 KZT; выход 0 / 0 KZT; операций 1/0; дней 1"
100000005941908100,terminal,0.81,8,0.228668,"Правило: есть вход, выхода нет в пределах обхода; вход 1 / 10,000 KZT; выход 0 / 0 KZT; операций 1/0; дней 1"
100000005942793100,terminal,0.9,0,0.569463,"Правило: есть вход, выхода нет в пределах обхода; вход 4 / 55,000 KZT; выход 0 / 0 KZT; операций 4/0; дней 2"
100000005958064100,peripheral,0.55,8,0.562828,"Правило: пороги других ролей не выполнены; вход 1 / 5,746 KZT; выход 2 / 163,987 KZT; операций 1/3; дней 2"
100000005961971100,terminal,0.81,4,0.290974,"Правило: есть вход, выхода нет в пределах обхода; вход 1 / 47,353 KZT; выход 0 / 0 KZT; операций 1/0; дней 1"
100000005974542100,terminal,0.87,20,0.482451,"Правило: есть вход, выхода нет в пределах обхода; вход 1 / 94,500 KZT; выход 0 / 0 KZT; операций 3/0; дней 3"
100000005979037100,terminal,0.74556,3,0.162577,"Правило: глубина 4; 1 операция: дальше шли 26% из 1126 узлов колен 1–3; вероятно конечный; вход 1 / 60,300 KZT; выход 0 / 0 KZT; операций 1/0; дней 1"
100000005995391100,terminal,0.81,7,0.246059,"Правило: есть вход, выхода нет в пределах обхода; вход 1 / 17,200 KZT; выход 0 / 0 KZT; операций 1/0; дней 1"
100000005996909100,terminal,0.81,2,0.219494,"Правило: есть вход, выхода нет в пределах обхода; вход 1 / 5,500 KZT; выход 0 / 0 KZT; операций 1/0; дней 1"
100000006008169100,terminal,0.81,11,0.307697,"Правило: есть вход, выхода нет в пределах обхода; вход 1 / 70,000 KZT; выход 0 / 0 KZT; операций 1/0; дней 1"
100000006020215100,transit,0.895588,0,0.719878,"Правило: есть вход и выход, отношение сумм 0,5–2; вход 1 / 30,000 KZT; выход 2 / 33,800 KZT; операций 1/2; дней 3"
100000006030946100,terminal,0.81,4,0.309157,"Правило: есть вход, выхода нет в пределах обхода; вход 1 / 73,289 KZT; выход 0 / 0 KZT; операций 1/0; дней 1"
100000006048193100,terminal,0.81,3,0.284968,"Правило: есть вход, выхода нет в пределах обхода; вход 1 / 41,559 KZT; выход 0 / 0 KZT; операций 1/0; дней 1"
100000006069103100,transit,0.892248,2,0.851711,"Правило: есть вход и выход, отношение сумм 0,5–2; вход 3 / 228,818 KZT; выход 3 / 270,000 KZT; операций 3/4; дней 5"
100000006100920100,terminal,0.81,0,0.322627,"Правило: есть вход, выхода нет в пределах обхода; вход 1 / 100,000 KZT; выход 0 / 0 KZT; операций 1/0; дней 1"
100000006111439100,transit,0.895501,0,0.662695,"Правило: есть вход и выход, отношение сумм 0,5–2; вход 3 / 20,570 KZT; выход 4 / 24,000 KZT; операций 3/4; дней 7"
100000006111442100,terminal,0.81,1,0.304736,"Правило: есть вход, выхода нет в пределах обхода; вход 1 / 64,000 KZT; выход 0 / 0 KZT; операций 1/0; дней 1"
100000006122699100,terminal,0.84,2,0.483229,"Правило: есть вход, выхода нет в пределах обхода; вход 2 / 45,865 KZT; выход 0 / 0 KZT; операций 2/0; дней 1"
100000006126743100,terminal,0.81,5,0.300065,"Правило: есть вход, выхода нет в пределах обхода; вход 1 / 55,000 KZT; выход 0 / 0 KZT; операций 1/0; дней 1"
100000006161893100,terminal,0.81,2,0.237218,"Правило: есть вход, выхода нет в пределах обхода; вход 1 / 14,000 KZT; выход 0 / 0 KZT; операций 1/0; дней 1"
100000006165886100,peripheral,0.55,3,0.504988,"Правило: пороги других ролей не выполнены; вход 2 / 184,481 KZT; выход 1 / 75,000 KZT; операций 2/1; дней 2"
100000006169033100,distributor,0.855,5,0.866504,"Правило: ≥3 выхода, seed или исходящих ≥1,5× входящих; вход 1 / 49,000 KZT; выход 3 / 1,140,271 KZT; операций 1/10; дней 10"
100000006171671100,terminal,0.74556,0,0.121382,"Правило: глубина 4; 1 операция: дальше шли 26% из 1126 узлов колен 1–3; вероятно конечный; вход 1 / 10,000 KZT; выход 0 / 0 KZT; операций 1/0; дней 1"
100000006177176100,terminal,0.81,2,0.224832,"Правило: есть вход, выхода нет в пределах обхода; вход 1 / 8,911 KZT; выход 0 / 0 KZT; операций 1/0; дней 1"
100000006209210100,terminal,0.81,0,0.351027,"Правило: есть вход, выхода нет в пределах обхода; вход 1 / 229,111 KZT; выход 0 / 0 KZT; операций 1/0; дней 1"
100000006225798100,consolidator,0.855,14,0.868275,"Правило: 3 входа или больше, входящих ≥1,5× исходящих; вход 3 / 722,000 KZT; выход 2 / 26,300 KZT; операций 4/2; дней 5"
100000006232642100,peripheral,0.4,5,0.238653,"Правило: глубина 4; 3–5 операций: дальше шли 61% из 211 узлов колен 1–3; продолжение неясно; вход 1 / 456,000 KZT; выход 0 / 0 KZT; операций 4/0; дней 4"
100000006232815100,distributor,0.925,24,0.71461,"Правило: ≥3 выхода, seed или исходящих ≥1,5× входящих; вход 1 / 160,000 KZT; выход 5 / 296,500 KZT; операций 2/5; дней 6; seed: вход неполон"
100000006240939100,distributor,0.925,12,0.808814,"Правило: ≥3 выхода, seed или исходящих ≥1,5× входящих; вход 1 / 160,000 KZT; выход 5 / 778,015 KZT; операций 1/5; дней 4"
100000006248077100,terminal,0.81,10,0.294227,"Правило: есть вход, выхода нет в пределах обхода; вход 1 / 50,000 KZT; выход 0 / 0 KZT; операций 1/0; дней 1"
100000006249740100,distributor,0.855,40,0.609642,"Правило: ≥3 выхода, seed или исходящих ≥1,5× входящих; вход 0 / 0 KZT; выход 3 / 93,007 KZT; операций 0/5; дней 5; seed: вход неполон"
100000006257675100,peripheral,0.4,10,0.171389,"Правило: глубина 4; 2 операции: дальше шли 44% из 257 узлов колен 1–3; продолжение неясно; вход 1 / 70,000 KZT; выход 0 / 0 KZT; операций 2/0; дней 1"
100000006274203100,distributor,0.855,0,0.890503,"Правило: ≥3 выхода, seed или исходящих ≥1,5× входящих; вход 2 / 3,417,512 KZT; выход 3 / 72,000 KZT; операций 41/3; дней 21"
100000006288612100,peripheral,0.4,11,0.162624,"Правило: глубина 4; 3–5 операций: дальше шли 61% из 211 узлов колен 1–3; продолжение неясно; вход 1 / 30,805 KZT; выход 0 / 0 KZT; операций 3/0; дней 3"
100000006308406100,peripheral,0.4,10,0.20755,"Правило: глубина 4; 2 операции: дальше шли 44% из 257 узлов колен 1–3; продолжение неясно; вход 1 / 183,000 KZT; выход 0 / 0 KZT; операций 2/0; дней 2"
100000006326645100,terminal,0.81,4,0.264033,"Правило: есть вход, выхода нет в пределах обхода; вход 1 / 25,264 KZT; выход 0 / 0 KZT; операций 1/0; дней 1"
100000006351075100,peripheral,0.4,30,0.153559,"Правило: глубина 4; 2 операции: дальше шли 44% из 257 узлов колен 1–3; продолжение неясно; вход 1 / 40,000 KZT; выход 0 / 0 KZT; операций 2/0; дней 1"
100000006369769100,terminal,0.81,4,0.283384,"Правило: есть вход, выхода нет в пределах обхода; вход 1 / 40,000 KZT; выход 0 / 0 KZT; операций 1/0; дней 1"
100000006381453100,terminal,0.74556,1,0.154021,"Правило: глубина 4; 1 операция: дальше шли 26% из 1126 узлов колен 1–3; вероятно конечный; вход 1 / 45,000 KZT; выход 0 / 0 KZT; операций 1/0; дней 1"
100000006385877100,transit,0.829372,13,0.638058,"Правило: есть вход и выход, отношение сумм 0,5–2; вход 1 / 53,707 KZT; выход 1 / 36,603 KZT; операций 5/5; дней 5"
100000006412162100,peripheral,0.4,9,0.121662,"Правило: глубина 4; 2 операции: дальше шли 44% из 257 узлов колен 1–3; продолжение неясно; вход 1 / 15,000 KZT; выход 0 / 0 KZT; операций 2/0; дней 1"
100000006416061100,terminal,0.74556,3,0.145053,"Правило: глубина 4; 1 операция: дальше шли 26% из 1126 узлов колен 1–3; вероятно конечный; вход 1 / 30,000 KZT; выход 0 / 0 KZT; операций 1/0; дней 1"
100000006424479100,peripheral,0.55,28,0.635471,"Правило: пороги других ролей не выполнены; вход 1 / 500,000 KZT; выход 2 / 220,000 KZT; операций 2/3; дней 3"
100000006443391100,consolidator,0.855,13,0.737692,"Правило: 3 входа или больше, входящих ≥1,5× исходящих; вход 3 / 86,776 KZT; выход 2 / 60,042 KZT; операций 7/6; дней 8"
100000006444163100,terminal,0.81,0,0.220911,"Правило: есть вход, выхода нет в пределах обхода; вход 1 / 6,026 KZT; выход 0 / 0 KZT; операций 1/0; дней 1"
100000006445501100,terminal,0.81,6,0.318248,"Правило: есть вход, выхода нет в пределах обхода; вход 1 / 91,000 KZT; выход 0 / 0 KZT; операций 1/0; дней 1"
100000006446271100,terminal,0.84,6,0.513533,"Правило: есть вход, выхода нет в пределах обхода; вход 2 / 80,000 KZT; выход 0 / 0 KZT; операций 2/0; дней 1"
100000006471232100,terminal,0.81,7,0.285135,"Правило: есть вход, выхода нет в пределах обхода; вход 1 / 41,800 KZT; выход 0 / 0 KZT; операций 1/0; дней 1"
100000006476758100,terminal,0.81,6,0.218534,"Правило: есть вход, выхода нет в пределах обхода; вход 1 / 5,200 KZT; выход 0 / 0 KZT; операций 1/0; дней 1"
100000006490557100,terminal,0.81,13,0.216908,"Правило: есть вход, выхода нет в пределах обхода; вход 1 / 5,000 KZT; выход 0 / 0 KZT; операций 1/0; дней 1"
100000006490615100,peripheral,0.4,0,0.177084,"Правило: глубина 4; 6+ операций: дальше шли 83% из 129 узлов колен 1–3; вероятно продолжение; вход 1 / 41,600 KZT; выход 0 / 0 KZT; операций 6/0; дней 5"
100000006491272100,terminal,0.81,7,0.266077,"Правило: есть вход, выхода нет в пределах обхода; вход 1 / 26,200 KZT; выход 0 / 0 KZT; операций 1/0; дней 1"
100000006491963100,peripheral,0.4,9,0.140574,"Правило: глубина 4; 3–5 операций: дальше шли 61% из 211 узлов колен 1–3; продолжение неясно; вход 1 / 16,000 KZT; выход 0 / 0 KZT; операций 3/0; дней 3"
100000006492770100,peripheral,0.55,0,0.546002,"Правило: пороги других ролей не выполнены; вход 1 / 269,000 KZT; выход 1 / 20,000 KZT; операций 1/1; дней 2"
100000006512787100,peripheral,0.4,0,0.140696,"Правило: глубина 4; 2 операции: дальше шли 44% из 257 узлов колен 1–3; продолжение неясно; вход 1 / 20,000 KZT; выход 0 / 0 KZT; операций 2/0; дней 2"
100000006518161100,consolidator,0.855,2,0.894253,"Правило: 3 входа или больше, входящих ≥1,5× исходящих; вход 3 / 594,200 KZT; выход 2 / 595,899 KZT; операций 13/13; дней 16"
100000006522972100,terminal,0.81,0,0.225916,"Правило: есть вход, выхода нет в пределах обхода; вход 1 / 9,515 KZT; выход 0 / 0 KZT; операций 1/0; дней 1"
100000006523053100,terminal,0.81,6,0.216908,"Правило: есть вход, выхода нет в пределах обхода; вход 1 / 5,000 KZT; выход 0 / 0 KZT; операций 1/0; дней 1"
100000006527156100,terminal,0.74556,0,0.156085,"Правило: глубина 4; 1 операция: дальше шли 26% из 1126 узлов колен 1–3; вероятно конечный; вход 1 / 48,500 KZT; выход 0 / 0 KZT; операций 1/0; дней 1"
100000006530134100,terminal,0.84,5,0.561932,"Правило: есть вход, выхода нет в пределах обхода; вход 2 / 144,663 KZT; выход 0 / 0 KZT; операций 2/0; дней 2"
100000006532229100,terminal,0.81,1,0.324837,"Правило: есть вход, выхода нет в пределах обхода; вход 1 / 105,000 KZT; выход 0 / 0 KZT; операций 1/0; дней 1"
100000006534886100,peripheral,0.55,2,0.50273,"Правило: пороги других ролей не выполнены; вход 1 / 71,700 KZT; выход 1 / 167,500 KZT; операций 5/8; дней 8"
100000006557763100,terminal,0.81,6,0.228668,"Правило: есть вход, выхода нет в пределах обхода; вход 1 / 10,000 KZT; выход 0 / 0 KZT; операций 1/0; дней 1"
100000006562026100,terminal,0.9,40,0.563013,"Правило: есть вход, выхода нет в пределах обхода; вход 2 / 75,000 KZT; выход 0 / 0 KZT; операций 6/0; дней 6"
100000006564102100,terminal,0.81,0,0.351861,"Правило: есть вход, выхода нет в пределах обхода; вход 1 / 233,235 KZT; выход 0 / 0 KZT; операций 1/0; дней 1"
100000006567935100,terminal,0.81,25,0.347149,"Правило: есть вход, выхода нет в пределах обхода; вход 1 / 200,000 KZT; выход 0 / 0 KZT; операций 1/0; дней 1"
100000006573438100,terminal,0.81,5,0.216908,"Правило: есть вход, выхода нет в пределах обхода; вход 1 / 5,000 KZT; выход 0 / 0 KZT; операций 1/0; дней 1"
100000006579678100,distributor,0.96,2,0.929318,"Правило: ≥3 выхода, seed или исходящих ≥1,5× входящих; вход 2 / 192,930 KZT; выход 6 / 1,668,800 KZT; операций 2/15; дней 6"
100000006595426100,terminal,0.87,0,0.475612,"Правило: есть вход, выхода нет в пределах обхода; вход 1 / 84,800 KZT; выход 0 / 0 KZT; операций 3/0; дней 3"
100000006612238100,peripheral,0.55,4,0.44261,"Правило: пороги других ролей не выполнены; вход 1 / 160,000 KZT; выход 1 / 25,000 KZT; операций 1/1; дней 1"
100000006638021100,peripheral,0.4,1,0.257247,"Правило: глубина 4; 2 операции: дальше шли 44% из 257 узлов колен 1–3; продолжение неясно; вход 2 / 388,500 KZT; выход 0 / 0 KZT; операций 2/0; дней 1"
100000006641671100,transit,0.893115,3,0.696361,"Правило: есть вход и выход, отношение сумм 0,5–2; вход 2 / 22,000 KZT; выход 1 / 25,000 KZT; операций 2/3; дней 3"
100000006656003100,peripheral,0.55,4,0.3438,"Правило: пороги других ролей не выполнены; вход 1 / 20,000 KZT; выход 1 / 9,000 KZT; операций 1/1; дней 1"
100000006658598100,terminal,0.81,2,0.225165,"Правило: есть вход, выхода нет в пределах обхода; вход 1 / 9,000 KZT; выход 0 / 0 KZT; операций 1/0; дней 1"
100000006664478100,transit,0.904894,12,0.684685,"Правило: есть вход и выход, отношение сумм 0,5–2; вход 1 / 55,000 KZT; выход 2 / 60,000 KZT; операций 3/2; дней 3"
100000006679055100,terminal,0.81,0,0.26274,"Правило: есть вход, выхода нет в пределах обхода; вход 1 / 25,000 KZT; выход 0 / 0 KZT; операций 1/0; дней 1"
100000006684930100,terminal,0.81,28,0.228668,"Правило: есть вход, выхода нет в пределах обхода; вход 1 / 10,000 KZT; выход 0 / 0 KZT; операций 1/0; дней 1"
100000006687202100,terminal,0.81,0,0.294227,"Правило: есть вход, выхода нет в пределах обхода; вход 1 / 50,000 KZT; выход 0 / 0 KZT; операций 1/0; дней 1"
100000006689603100,peripheral,0.4,15,0.226083,"Правило: глубина 4; 2 операции: дальше шли 44% из 257 узлов колен 1–3; продолжение неясно; вход 1 / 400,000 KZT; выход 0 / 0 KZT; операций 2/0; дней 2"
100000006693788100,terminal,0.74556,3,0.123125,"Правило: глубина 4; 1 операция: дальше шли 26% из 1126 узлов колен 1–3; вероятно конечный; вход 1 / 10,764 KZT; выход 0 / 0 KZT; операций 1/0; дней 1"
100000006701983100,terminal,0.81,7,0.267411,"Правило: есть вход, выхода нет в пределах обхода; вход 1 / 27,000 KZT; выход 0 / 0 KZT; операций 1/0; дней 1"
100000006704530100,distributor,0.855,23,0.857118,"Правило: ≥3 выхода, seed или исходящих ≥1,5× входящих; вход 1 / 450,500 KZT; выход 3 / 428,000 KZT; операций 1/5; дней 5"
100000006706519100,peripheral,0.4,0,0.167059,"Правило: глубина 4; 3–5 операций: дальше шли 61% из 211 узлов колен 1–3; продолжение неясно; вход 1 / 36,000 KZT; выход 0 / 0 KZT; операций 3/0; дней 3"
100000006707582100,distributor,0.96,9,0.838015,"Правило: ≥3 выхода, seed или исходящих ≥1,5× входящих; вход 2 / 39,520 KZT; выход 14 / 961,138 KZT; операций 2/15; дней 5"
100000006710485100,terminal,0.81,7,0.252273,"Правило: есть вход, выхода нет в пределах обхода; вход 1 / 20,000 KZT; выход 0 / 0 KZT; операций 1/0; дней 1"
100000006714366100,peripheral,0.55,0,0.371547,"Правило: пороги других ролей не выполнены; вход 1 / 10,500 KZT; выход 1 / 5,000 KZT; операций 1/1; дней 1"
100000006734214100,consolidator,0.925,14,0.908743,"Правило: 3 входа или больше, входящих ≥1,5× исходящих; вход 5 / 610,000 KZT; выход 3 / 36,000 KZT; операций 10/4; дней 11"
100000006734554100,transit,0.800108,24,0.561467,"Правило: есть вход и выход, отношение сумм 0,5–2; вход 1 / 16,500 KZT; выход 1 / 25,000 KZT; операций 1/1; дней 2"
100000006735545100,terminal,0.74556,0,0.114913,"Правило: глубина 4; 1 операция: дальше шли 26% из 1126 узлов колен 1–3; вероятно конечный; вход 1 / 5,000 KZT; выход 0 / 0 KZT; операций 1/0; дней 1"
100000006745291100,terminal,0.81,6,0.31291,"Правило: есть вход, выхода нет в пределах обхода; вход 1 / 82,534 KZT; выход 0 / 0 KZT; операций 1/0; дней 1"
100000006746688100,terminal,0.81,7,0.28451,"Правило: есть вход, выхода нет в пределах обхода; вход 1 / 41,000 KZT; выход 0 / 0 KZT; операций 1/0; дней 1"
100000006755850100,terminal,0.87,6,0.545941,"Правило: есть вход, выхода нет в пределах обхода; вход 1 / 443,476 KZT; выход 0 / 0 KZT; операций 3/0; дней 2"
100000006756956100,peripheral,0.4,0,0.211104,"Правило: глубина 4; 6+ операций: дальше шли 83% из 129 узлов колен 1–3; вероятно продолжение; вход 1 / 121,200 KZT; выход 0 / 0 KZT; операций 9/0; дней 5"
100000006787636100,terminal,0.81,2,0.252273,"Правило: есть вход, выхода нет в пределах обхода; вход 1 / 20,000 KZT; выход 0 / 0 KZT; операций 1/0; дней 1"
100000006788200100,peripheral,0.55,12,0.642633,"Правило: пороги других ролей не выполнены; вход 4 / 272,156 KZT; выход 3 / 64,500 KZT; операций 4/4; дней 8"
100000006789108100,terminal,0.81,6,0.280965,"Правило: есть вход, выхода нет в пределах обхода; вход 1 / 37,500 KZT; выход 0 / 0 KZT; операций 1/0; дней 1"
100000006831291100,peripheral,0.55,40,0.231801,"Правило: пороги других ролей не выполнены; вход 0 / 0 KZT; выход 1 / 15,000 KZT; операций 0/3; дней 3; seed: вход неполон"
100000006844004100,terminal,0.81,0,0.254942,"Правило: есть вход, выхода нет в пределах обхода; вход 1 / 20,600 KZT; выход 0 / 0 KZT; операций 1/0; дней 1"
100000006844768100,transit,0.823007,3,0.811023,"Правило: есть вход и выход, отношение сумм 0,5–2; вход 1 / 282,000 KZT; выход 2 / 188,000 KZT; операций 5/5; дней 9"
100000006852430100,terminal,0.81,6,0.280298,"Правило: есть вход, выхода нет в пределах обхода; вход 1 / 37,000 KZT; выход 0 / 0 KZT; операций 1/0; дней 1"
100000006866783100,coordinator,0.979502,0,0.891503,"Правило: ≥2 входа и выхода, посредничество в верхних 10%; вход 13 / 838,812 KZT; выход 67 / 3,948,037 KZT; операций 31/90; дней 16; seed: вход неполон"
100000006866831100,terminal,0.74556,3,0.130121,"Правило: глубина 4; 1 операция: дальше шли 26% из 1126 узлов колен 1–3; вероятно конечный; вход 1 / 16,500 KZT; выход 0 / 0 KZT; операций 1/0; дней 1"
100000006882208100,terminal,0.81,2,0.248311,"Правило: есть вход, выхода нет в пределах обхода; вход 1 / 18,000 KZT; выход 0 / 0 KZT; операций 1/0; дней 1"
100000006888238100,transit,0.772607,42,0.563296,"Правило: есть вход и выход, отношение сумм 0,5–2; вход 1 / 18,000 KZT; выход 1 / 30,000 KZT; операций 1/1; дней 2"
100000006889963100,consolidator,0.87,6,0.890299,"Правило: 3 входа или больше, входящих ≥1,5× исходящих; вход 4 / 1,431,000 KZT; выход 1 / 443,476 KZT; операций 6/3; дней 3"
100000006894637100,terminal,0.81,3,0.29773,"Правило: есть вход, выхода нет в пределах обхода; вход 1 / 52,831 KZT; выход 0 / 0 KZT; операций 1/0; дней 1"
100000006901046100,peripheral,0.55,2,0.433113,"Правило: пороги других ролей не выполнены; вход 1 / 75,800 KZT; выход 1 / 5,500 KZT; операций 3/1; дней 3"
100000006903193100,terminal,0.74556,3,0.119455,"Правило: глубина 4; 1 операция: дальше шли 26% из 1126 узлов колен 1–3; вероятно конечный; вход 1 / 9,000 KZT; выход 0 / 0 KZT; операций 1/0; дней 1"
100000006912294100,peripheral,0.55,13,0.409525,"Правило: пороги других ролей не выполнены; вход 1 / 6,335 KZT; выход 2 / 30,000 KZT; операций 1/2; дней 3"
100000006918814100,peripheral,0.4,0,0.140696,"Правило: глубина 4; 2 операции: дальше шли 44% из 257 узлов колен 1–3; продолжение неясно; вход 1 / 20,000 KZT; выход 0 / 0 KZT; операций 2/0; дней 2"
100000006919124100,terminal,0.81,0,0.26274,"Правило: есть вход, выхода нет в пределах обхода; вход 1 / 25,000 KZT; выход 0 / 0 KZT; операций 1/0; дней 1"
100000006952718100,terminal,0.81,2,0.308656,"Правило: есть вход, выхода нет в пределах обхода; вход 1 / 71,489 KZT; выход 0 / 0 KZT; операций 1/0; дней 1"
100000006965162100,terminal,0.81,17,0.228668,"Правило: есть вход, выхода нет в пределах обхода; вход 1 / 10,000 KZT; выход 0 / 0 KZT; операций 1/0; дней 1"
100000006967370100,peripheral,0.55,14,0.435715,"Правило: пороги других ролей не выполнены; вход 1 / 33,225 KZT; выход 1 / 13,526 KZT; операций 1/1; дней 1"
100000006972210100,terminal,0.9,13,0.665949,"Правило: есть вход, выхода нет в пределах обхода; вход 3 / 488,775 KZT; выход 0 / 0 KZT; операций 4/0; дней 4"
100000006977207100,distributor,0.96,10,0.858255,"Правило: ≥3 выхода, seed или исходящих ≥1,5× входящих; вход 1 / 414,000 KZT; выход 15 / 4,157,018 KZT; операций 1/15; дней 11"
100000006989106100,terminal,0.84,13,0.446362,"Правило: есть вход, выхода нет в пределах обхода; вход 1 / 64,000 KZT; выход 0 / 0 KZT; операций 2/0; дней 2"
100000006989232100,terminal,0.81,3,0.256943,"Правило: есть вход, выхода нет в пределах обхода; вход 1 / 22,194 KZT; выход 0 / 0 KZT; операций 1/0; дней 1"
100000006994985100,peripheral,0.55,12,0.487617,"Правило: пороги других ролей не выполнены; вход 1 / 48,500 KZT; выход 1 / 10,200 KZT; операций 2/2; дней 4"
100000007005380100,terminal,0.81,0,0.225749,"Правило: есть вход, выхода нет в пределах обхода; вход 1 / 9,400 KZT; выход 0 / 0 KZT; операций 1/0; дней 1"
100000007018630100,peripheral,0.55,43,0.36491,"Правило: пороги других ролей не выполнены; вход 0 / 0 KZT; выход 1 / 200,000 KZT; операций 0/5; дней 3; seed: вход неполон"
100000007020162100,terminal,0.81,8,0.315579,"Правило: есть вход, выхода нет в пределах обхода; вход 1 / 86,395 KZT; выход 0 / 0 KZT; операций 1/0; дней 1"
100000007022818100,terminal,0.81,7,0.246059,"Правило: есть вход, выхода нет в пределах обхода; вход 1 / 17,200 KZT; выход 0 / 0 KZT; операций 1/0; дней 1"
100000007034089100,peripheral,0.4,1,0.241405,"Правило: глубина 4; 2 операции: дальше шли 44% из 257 узлов колен 1–3; продолжение неясно; вход 2 / 198,000 KZT; выход 0 / 0 KZT; операций 2/0; дней 1"
100000007042175100,terminal,0.74556,3,0.16221,"Правило: глубина 4; 1 операция: дальше шли 26% из 1126 узлов колен 1–3; вероятно конечный; вход 1 / 60,000 KZT; выход 0 / 0 KZT; операций 1/0; дней 1"
100000007055802100,consolidator,0.96,3,0.863102,"Правило: 3 входа или больше, входящих ≥1,5× исходящих; вход 6 / 2,024,999 KZT; выход 1 / 605,000 KZT; операций 34/7; дней 10"
100000007071852100,terminal,0.74556,3,0.185743,"Правило: глубина 4; 1 операция: дальше шли 26% из 1126 узлов колен 1–3; вероятно конечный; вход 1 / 195,000 KZT; выход 0 / 0 KZT; операций 1/0; дней 1"
100000007129492100,transit,0.827462,6,0.716096,"Правило: есть вход и выход, отношение сумм 0,5–2; вход 2 / 50,990 KZT; выход 1 / 37,000 KZT; операций 2/1; дней 2"
100000007131370100,transit,0.92,31,0.616117,"Правило: есть вход и выход, отношение сумм 0,5–2; вход 1 / 30,000 KZT; выход 1 / 30,000 KZT; операций 1/1; дней 2"
100000007138613100,consolidator,0.855,5,0.876493,"Правило: 3 входа или больше, входящих ≥1,5× исходящих; вход 3 / 1,002,000 KZT; выход 2 / 179,000 KZT; операций 3/2; дней 5"
100000007140834100,terminal,0.84,12,0.348609,"Правило: есть вход, выхода нет в пределах обхода; вход 1 / 10,200 KZT; выход 0 / 0 KZT; операций 2/0; дней 2"
100000007153161100,terminal,0.74556,0,0.153677,"Правило: глубина 4; 1 операция: дальше шли 26% из 1126 узлов колен 1–3; вероятно конечный; вход 1 / 44,997 KZT; выход 0 / 0 KZT; операций 1/0; дней 1"
100000007170072100,transit,0.918554,15,0.784854,"Правило: есть вход и выход, отношение сумм 0,5–2; вход 1 / 100,000 KZT; выход 2 / 99,500 KZT; операций 1/9; дней 2"
100000007173936100,terminal,0.81,25,0.228668,"Правило: есть вход, выхода нет в пределах обхода; вход 1 / 10,000 KZT; выход 0 / 0 KZT; операций 1/0; дней 1"
100000007175718100,terminal,0.81,36,0.252273,"Правило: есть вход, выхода нет в пределах обхода; вход 1 / 20,000 KZT; выход 0 / 0 KZT; операций 1/0; дней 1"
100000007181706100,terminal,0.84,6,0.554848,"Правило: есть вход, выхода нет в пределах обхода; вход 2 / 176,272 KZT; выход 0 / 0 KZT; операций 2/0; дней 1"
100000007197866100,transit,0.826993,3,0.606779,"Правило: есть вход и выход, отношение сумм 0,5–2; вход 1 / 20,000 KZT; выход 1 / 15,000 KZT; операций 1/1; дней 1"
100000007229557100,terminal,0.87,1,0.64573,"Правило: есть вход, выхода нет в пределах обхода; вход 3 / 878,000 KZT; выход 0 / 0 KZT; операций 3/0; дней 1"
100000007242833100,peripheral,0.55,11,0.527853,"Правило: пороги других ролей не выполнены; вход 1 / 107,500 KZT; выход 1 / 45,000 KZT; операций 3/2; дней 2"
100000007267915100,peripheral,0.55,0,0.407524,"Правило: пороги других ролей не выполнены; вход 2 / 21,000 KZT; выход 1 / 10,000 KZT; операций 3/1; дней 4"
100000007274584100,terminal,0.81,6,0.281549,"Правило: есть вход, выхода нет в пределах обхода; вход 1 / 38,000 KZT; выход 0 / 0 KZT; операций 1/0; дней 1"
100000007281639100,terminal,0.9,2,0.609699,"Правило: есть вход, выхода нет в пределах обхода; вход 2 / 216,770 KZT; выход 0 / 0 KZT; операций 4/0; дней 4"
100000007283257100,terminal,0.9,44,0.523289,"Правило: есть вход, выхода нет в пределах обхода; вход 1 / 192,000 KZT; выход 0 / 0 KZT; операций 7/0; дней 2"
100000007289427100,terminal,0.81,16,0.23434,"Правило: есть вход, выхода нет в пределах обхода; вход 1 / 12,300 KZT; выход 0 / 0 KZT; операций 1/0; дней 1"
100000007303047100,terminal,0.81,7,0.297396,"Правило: есть вход, выхода нет в пределах обхода; вход 1 / 52,250 KZT; выход 0 / 0 KZT; операций 1/0; дней 1"
100000007311010100,peripheral,0.55,0,0.532913,"Правило: пороги других ролей не выполнены; вход 2 / 64,480 KZT; выход 1 / 20,000 KZT; операций 2/1; дней 3"
100000007322059100,transit,0.856774,16,0.70263,"Правило: есть вход и выход, отношение сумм 0,5–2; вход 2 / 29,000 KZT; выход 1 / 22,500 KZT; операций 2/2; дней 3"
100000007330432100,terminal,0.74556,2,0.204184,"Правило: глубина 4; 1 операция: дальше шли 26% из 1126 узлов колен 1–3; вероятно конечный; вход 1 / 584,900 KZT; выход 0 / 0 KZT; операций 1/0; дней 1"
100000007333038100,transit,0.720049,9,0.58656,"Правило: есть вход и выход, отношение сумм 0,5–2; вход 1 / 17,500 KZT; выход 2 / 34,994 KZT; операций 1/2; дней 2"
100000007334196100,terminal,0.81,6,0.336431,"Правило: есть вход, выхода нет в пределах обхода; вход 1 / 150,002 KZT; выход 0 / 0 KZT; операций 1/0; дней 1"
100000007337374100,terminal,0.84,4,0.376411,"Правило: есть вход, выхода нет в пределах обхода; вход 1 / 20,000 KZT; выход 0 / 0 KZT; операций 2/0; дней 2"
100000007347733100,terminal,0.81,40,0.258195,"Правило: есть вход, выхода нет в пределах обхода; вход 1 / 23,007 KZT; выход 0 / 0 KZT; операций 1/0; дней 1"
100000007357489100,peripheral,0.4,1,0.236879,"Правило: глубина 4; 2 операции: дальше шли 44% из 257 узлов колен 1–3; продолжение неясно; вход 2 / 164,500 KZT; выход 0 / 0 KZT; операций 2/0; дней 1"
100000007381662100,terminal,0.74556,0,0.1234,"Правило: глубина 4; 1 операция: дальше шли 26% из 1126 узлов колен 1–3; вероятно конечный; вход 1 / 11,000 KZT; выход 0 / 0 KZT; операций 1/0; дней 1"
100000007382152100,terminal,0.81,14,0.220077,"Правило: есть вход, выхода нет в пределах обхода; вход 1 / 5,860 KZT; выход 0 / 0 KZT; операций 1/0; дней 1"
100000007382543100,distributor,0.925,17,0.900128,"Правило: ≥3 выхода, seed или исходящих ≥1,5× входящих; вход 3 / 218,000 KZT; выход 5 / 427,000 KZT; операций 3/8; дней 9"
100000007390016100,transit,0.827906,5,0.733758,"Правило: есть вход и выход, отношение сумм 0,5–2; вход 1 / 511,000 KZT; выход 1 / 346,500 KZT; операций 13/14; дней 7"
100000007392365100,distributor,0.96,30,0.922123,"Правило: ≥3 выхода, seed или исходящих ≥1,5× входящих; вход 1 / 9,613 KZT; выход 6 / 1,765,600 KZT; операций 1/9; дней 9"
100000007442518100,distributor,0.96,25,0.945899,"Правило: ≥3 выхода, seed или исходящих ≥1,5× входящих; вход 5 / 510,000 KZT; выход 9 / 4,419,999 KZT; операций 8/12; дней 13"
100000007472293100,distributor,0.815,1,0.806838,"Правило: ≥3 выхода, seed или исходящих ≥1,5× входящих; вход 1 / 5,000 KZT; выход 3 / 345,900 KZT; операций 1/3; дней 2"
100000007484343100,terminal,0.84,0,0.45398,"Правило: есть вход, выхода нет в пределах обхода; вход 2 / 26,757 KZT; выход 0 / 0 KZT; операций 2/0; дней 1"
100000007487729100,terminal,0.81,3,0.26274,"Правило: есть вход, выхода нет в пределах обхода; вход 1 / 25,000 KZT; выход 0 / 0 KZT; операций 1/0; дней 1"
100000007507343100,terminal,0.81,39,0.366124,"Правило: есть вход, выхода нет в пределах обхода; вход 1 / 370,000 KZT; выход 0 / 0 KZT; операций 1/0; дней 1"
100000007510567100,terminal,0.74556,8,0.158975,"Правило: глубина 4; 1 операция: дальше шли 26% из 1126 узлов колен 1–3; вероятно конечный; вход 1 / 52,000 KZT; выход 0 / 0 KZT; операций 1/0; дней 1"
100000007510875100,terminal,0.81,13,0.216908,"Правило: есть вход, выхода нет в пределах обхода; вход 1 / 5,000 KZT; выход 0 / 0 KZT; операций 1/0; дней 1"
100000007511163100,distributor,0.835,2,0.771235,"Правило: ≥3 выхода, seed или исходящих ≥1,5× входящих; вход 2 / 63,666 KZT; выход 3 / 82,052 KZT; операций 2/3; дней 3"
100000007511780100,peripheral,0.4,0,0.203574,"Правило: глубина 4; 2 операции: дальше шли 44% из 257 узлов колен 1–3; продолжение неясно; вход 1 / 155,000 KZT; выход 0 / 0 KZT; операций 2/0; дней 2"
100000007534354100,distributor,0.835,9,0.713206,"Правило: ≥3 выхода, seed или исходящих ≥1,5× входящих; вход 1 / 50,000 KZT; выход 3 / 147,810 KZT; операций 1/3; дней 3"
100000007536804100,transit,0.757501,13,0.655563,"Правило: есть вход и выход, отношение сумм 0,5–2; вход 1 / 100,000 KZT; выход 2 / 55,000 KZT; операций 1/2; дней 3"
100000007539296100,peripheral,0.4,0,0.167578,"Правило: глубина 4; 2 операции: дальше шли 44% из 257 узлов колен 1–3; продолжение неясно; вход 1 / 46,000 KZT; выход 0 / 0 KZT; операций 2/0; дней 2"
100000007544358100,transit,0.916389,2,0.827196,"Правило: есть вход и выход, отношение сумм 0,5–2; вход 2 / 322,500 KZT; выход 1 / 350,000 KZT; операций 2/3; дней 4"
100000007591246100,peripheral,0.55,2,0.444523,"Правило: пороги других ролей не выполнены; вход 1 / 12,190 KZT; выход 1 / 120,000 KZT; операций 1/1; дней 2"
100000007593823100,distributor,0.96,0,0.874091,"Правило: ≥3 выхода, seed или исходящих ≥1,5× входящих; вход 3 / 25,000 KZT; выход 13 / 162,900 KZT; операций 3/21; дней 13"
100000007594394100,consolidator,0.96,0,0.944608,"Правило: 3 входа или больше, входящих ≥1,5× исходящих; вход 6 / 395,385 KZT; выход 1 / 3,376,312 KZT; операций 6/40; дней 19"
100000007597382100,terminal,0.81,5,0.242681,"Правило: есть вход, выхода нет в пределах обхода; вход 1 / 15,700 KZT; выход 0 / 0 KZT; операций 1/0; дней 1"
100000007617808100,terminal,0.81,10,0.372171,"Правило: есть вход, выхода нет в пределах обхода; вход 1 / 450,000 KZT; выход 0 / 0 KZT; операций 1/0; дней 1"
100000007618425100,terminal,0.81,14,0.282466,"Правило: есть вход, выхода нет в пределах обхода; вход 1 / 39,348 KZT; выход 0 / 0 KZT; операций 1/0; дней 1"
100000007629096100,consolidator,0.89,0,0.825414,"Правило: 3 входа или больше, входящих ≥1,5× исходящих; вход 4 / 1,075,170 KZT; выход 1 / 765,205 KZT; операций 5/5; дней 7"
100000007629121100,terminal,0.81,6,0.269621,"Правило: есть вход, выхода нет в пределах обхода; вход 1 / 29,000 KZT; выход 0 / 0 KZT; операций 1/0; дней 1"
100000007631637100,terminal,0.81,4,0.241346,"Правило: есть вход, выхода нет в пределах обхода; вход 1 / 15,341 KZT; выход 0 / 0 KZT; операций 1/0; дней 1"
100000007639767100,distributor,0.96,3,0.927461,"Правило: ≥3 выхода, seed или исходящих ≥1,5× входящих; вход 4 / 90,913 KZT; выход 10 / 822,244 KZT; операций 4/13; дней 12"
100000007641183100,terminal,0.81,2,0.268245,"Правило: есть вход, выхода нет в пределах обхода; вход 1 / 28,000 KZT; выход 0 / 0 KZT; операций 1/0; дней 1"
100000007641801100,terminal,0.81,13,0.347149,"Правило: есть вход, выхода нет в пределах обхода; вход 1 / 200,000 KZT; выход 0 / 0 KZT; операций 1/0; дней 1"
100000007647294100,terminal,0.81,14,0.367375,"Правило: есть вход, выхода нет в пределах обхода; вход 1 / 385,000 KZT; выход 0 / 0 KZT; операций 1/0; дней 1"
100000007648946100,transit,0.849048,0,0.577117,"Правило: есть вход и выход, отношение сумм 0,5–2; вход 1 / 19,550 KZT; выход 1 / 25,000 KZT; операций 1/1; дней 2"
100000007653003100,terminal,0.81,14,0.322627,"Правило: есть вход, выхода нет в пределах обхода; вход 1 / 100,000 KZT; выход 0 / 0 KZT; операций 1/0; дней 1"
100000007653094100,terminal,0.74556,0,0.129524,"Правило: глубина 4; 1 операция: дальше шли 26% из 1126 узлов колен 1–3; вероятно конечный; вход 1 / 16,000 KZT; выход 0 / 0 KZT; операций 1/0; дней 1"
100000007689942100,peripheral,0.55,3,0.463963,"Правило: пороги других ролей не выполнены; вход 1 / 5,000 KZT; выход 2 / 25,000 KZT; операций 1/2; дней 3"
100000007731977100,terminal,0.74556,0,0.157439,"Правило: глубина 4; 1 операция: дальше шли 26% из 1126 узлов колен 1–3; вероятно конечный; вход 1 / 50,000 KZT; выход 0 / 0 KZT; операций 1/0; дней 1"
100000007737775100,terminal,0.81,29,0.220536,"Правило: есть вход, выхода нет в пределах обхода; вход 1 / 6,000 KZT; выход 0 / 0 KZT; операций 1/0; дней 1"
100000007745062100,terminal,0.74556,11,0.173059,"Правило: глубина 4; 1 операция: дальше шли 26% из 1126 узлов колен 1–3; вероятно конечный; вход 1 / 100,000 KZT; выход 0 / 0 KZT; операций 1/0; дней 1"
100000007747786100,distributor,0.96,13,0.777183,"Правило: ≥3 выхода, seed или исходящих ≥1,5× входящих; вход 0 / 0 KZT; выход 31 / 4,238,009 KZT; операций 0/35; дней 18; seed: вход неполон"
100000007749092100,peripheral,0.55,2,0.439619,"Правило: пороги других ролей не выполнены; вход 1 / 7,650 KZT; выход 1 / 70,375 KZT; операций 1/5; дней 5"
100000007749747100,terminal,0.74556,1,0.157439,"Правило: глубина 4; 1 операция: дальше шли 26% из 1126 узлов колен 1–3; вероятно конечный; вход 1 / 50,000 KZT; выход 0 / 0 KZT; операций 1/0; дней 1"
100000007754369100,terminal,0.81,3,0.312826,"Правило: есть вход, выхода нет в пределах обхода; вход 1 / 82,424 KZT; выход 0 / 0 KZT; операций 1/0; дней 1"
100000007777377100,peripheral,0.55,10,0.633235,"Правило: пороги других ролей не выполнены; вход 1 / 456,290 KZT; выход 2 / 10,000 KZT; операций 7/2; дней 7"
100000007793871100,terminal,0.87,9,0.409553,"Правило: есть вход, выхода нет в пределах обхода; вход 1 / 26,000 KZT; выход 0 / 0 KZT; операций 3/0; дней 3"
100000007797290100,peripheral,0.55,14,0.512573,"Правило: пороги других ролей не выполнены; вход 1 / 100,000 KZT; выход 1 / 20,000 KZT; операций 1/1; дней 2"
100000007811950100,terminal,0.74556,22,0.157439,"Правило: глубина 4; 1 операция: дальше шли 26% из 1126 узлов колен 1–3; вероятно конечный; вход 1 / 50,000 KZT; выход 0 / 0 KZT; операций 1/0; дней 1"
100000007841978100,terminal,0.74556,5,0.200102,"Правило: глубина 4; 1 операция: дальше шли 26% из 1126 узлов колен 1–3; вероятно конечный; вход 1 / 449,000 KZT; выход 0 / 0 KZT; операций 1/0; дней 1"
100000007861311100,terminal,0.81,13,0.288013,"Правило: есть вход, выхода нет в пределах обхода; вход 1 / 45,000 KZT; выход 0 / 0 KZT; операций 1/0; дней 1"
100000007863304100,terminal,0.81,5,0.26274,"Правило: есть вход, выхода нет в пределах обхода; вход 1 / 25,000 KZT; выход 0 / 0 KZT; операций 1/0; дней 1"
100000007864477100,distributor,0.96,0,0.858666,"Правило: ≥3 выхода, seed или исходящих ≥1,5× входящих; вход 2 / 76,000 KZT; выход 6 / 203,500 KZT; операций 2/10; дней 9"
100000007865484100,peripheral,0.4,30,0.233729,"Правило: глубина 4; 2 операции: дальше шли 44% из 257 узлов колен 1–3; продолжение неясно; вход 1 / 584,600 KZT; выход 0 / 0 KZT; операций 2/0; дней 2"
100000007867364100,terminal,0.74556,19,0.152484,"Правило: глубина 4; 1 операция: дальше шли 26% из 1126 узлов колен 1–3; вероятно конечный; вход 1 / 41,852 KZT; выход 0 / 0 KZT; операций 1/0; дней 1"
100000007898453100,peripheral,0.55,6,0.601151,"Правило: пороги других ролей не выполнены; вход 1 / 24,750 KZT; выход 2 / 320,000 KZT; операций 1/2; дней 3"
100000007908818100,distributor,0.96,6,0.927394,"Правило: ≥3 выхода, seed или исходящих ≥1,5× входящих; вход 4 / 727,475 KZT; выход 6 / 302,000 KZT; операций 4/13; дней 11"
100000007930878100,terminal,0.81,33,0.216908,"Правило: есть вход, выхода нет в пределах обхода; вход 1 / 5,000 KZT; выход 0 / 0 KZT; операций 1/0; дней 1"
100000007938486100,terminal,0.81,4,0.282633,"Правило: есть вход, выхода нет в пределах обхода; вход 1 / 39,500 KZT; выход 0 / 0 KZT; операций 1/0; дней 1"
100000007939160100,peripheral,0.55,33,0.625729,"Правило: пороги других ролей не выполнены; вход 1 / 795,000 KZT; выход 2 / 14,300 KZT; операций 2/2; дней 3"
100000007953156100,transit,0.750401,8,0.591886,"Правило: есть вход и выход, отношение сумм 0,5–2; вход 1 / 18,000 KZT; выход 1 / 10,000 KZT; операций 1/1; дней 2"
100000007960337100,terminal,0.74556,15,0.149135,"Правило: глубина 4; 1 операция: дальше шли 26% из 1126 узлов колен 1–3; вероятно конечный; вход 1 / 35,500 KZT; выход 0 / 0 KZT; операций 1/0; дней 1"
100000007982728100,distributor,0.96,12,0.756525,"Правило: ≥3 выхода, seed или исходящих ≥1,5× входящих; вход 0 / 0 KZT; выход 8 / 1,804,384 KZT; операций 0/12; дней 6; seed: вход неполон"
100000007982908100,terminal,0.81,4,0.274125,"Правило: есть вход, выхода нет в пределах обхода; вход 1 / 31,080 KZT; выход 0 / 0 KZT; операций 1/0; дней 1"
100000007988344100,peripheral,0.4,3,0.147027,"Правило: глубина 4; 3–5 операций: дальше шли 61% из 211 узлов колен 1–3; продолжение неясно; вход 1 / 20,000 KZT; выход 0 / 0 KZT; операций 3/0; дней 3"
100000007997939100,terminal,0.74556,1,0.125166,"Правило: глубина 4; 1 операция: дальше шли 26% из 1126 узлов колен 1–3; вероятно конечный; вход 1 / 13,000 KZT; выход 0 / 0 KZT; операций 1/0; дней 1"
100000007998965100,consolidator,0.925,9,0.860622,"Правило: 3 входа или больше, входящих ≥1,5× исходящих; вход 5 / 278,000 KZT; выход 1 / 26,000 KZT; операций 7/3; дней 8"
100000007999728100,terminal,0.81,8,0.258528,"Правило: есть вход, выхода нет в пределах обхода; вход 1 / 23,250 KZT; выход 0 / 0 KZT; операций 1/0; дней 1"
100000008002020100,peripheral,0.55,11,0.426507,"Правило: пороги других ролей не выполнены; вход 1 / 73,860 KZT; выход 1 / 17,000 KZT; операций 1/1; дней 2"
100000008003034100,distributor,0.89,2,0.813687,"Правило: ≥3 выхода, seed или исходящих ≥1,5× входящих; вход 1 / 12,201 KZT; выход 4 / 135,000 KZT; операций 1/4; дней 4"
100000008008463100,terminal,0.81,12,0.299398,"Правило: есть вход, выхода нет в пределах обхода; вход 1 / 54,180 KZT; выход 0 / 0 KZT; операций 1/0; дней 1"
100000008011159100,distributor,0.925,5,0.890397,"Правило: ≥3 выхода, seed или исходящих ≥1,5× входящих; вход 3 / 363,000 KZT; выход 5 / 153,037 KZT; операций 6/5; дней 7"
100000008011573100,terminal,0.81,14,0.239887,"Правило: есть вход, выхода нет в пределах обхода; вход 1 / 15,000 KZT; выход 0 / 0 KZT; операций 1/0; дней 1"
100000008027922100,terminal,0.74556,20,0.164847,"Правило: глубина 4; 1 операция: дальше шли 26% из 1126 узлов колен 1–3; вероятно конечный; вход 1 / 70,000 KZT; выход 0 / 0 KZT; операций 1/0; дней 1"
100000008028628100,terminal,0.81,4,0.301066,"Правило: есть вход, выхода нет в пределах обхода; вход 1 / 57,224 KZT; выход 0 / 0 KZT; операций 1/0; дней 1"
100000008029279100,terminal,0.81,3,0.245058,"Правило: есть вход, выхода нет в пределах обхода; вход 1 / 17,000 KZT; выход 0 / 0 KZT; операций 1/0; дней 1"
100000008038077100,terminal,0.84,5,0.522797,"Правило: есть вход, выхода нет в пределах обхода; вход 1 / 499,850 KZT; выход 0 / 0 KZT; операций 2/0; дней 1"
100000008042075100,terminal,0.81,11,0.216908,"Правило: есть вход, выхода нет в пределах обхода; вход 1 / 5,000 KZT; выход 0 / 0 KZT; операций 1/0; дней 1"
100000008043184100,terminal,0.81,14,0.295895,"Правило: есть вход, выхода нет в пределах обхода; вход 1 / 50,564 KZT; выход 0 / 0 KZT; операций 1/0; дней 1"
100000008050986100,peripheral,0.4,5,0.190454,"Правило: глубина 4; 2 операции: дальше шли 44% из 257 узлов колен 1–3; продолжение неясно; вход 1 / 95,000 KZT; выход 0 / 0 KZT; операций 2/0; дней 2"
100000008055972100,terminal,0.81,7,0.268579,"Правило: есть вход, выхода нет в пределах обхода; вход 1 / 28,300 KZT; выход 0 / 0 KZT; операций 1/0; дней 1"
100000008060273100,terminal,0.84,6,0.344939,"Правило: есть вход, выхода нет в пределах обхода; вход 1 / 10,000 KZT; выход 0 / 0 KZT; операций 2/0; дней 2"
100000008066326100,terminal,0.81,0,0.250021,"Правило: есть вход, выхода нет в пределах обхода; вход 1 / 19,320 KZT; выход 0 / 0 KZT; операций 1/0; дней 1"
100000008070101100,terminal,0.81,1,0.322627,"Правило: есть вход, выхода нет в пределах обхода; вход 1 / 100,000 KZT; выход 0 / 0 KZT; операций 1/0; дней 1"
100000008071620100,terminal,0.81,0,0.289806,"Правило: есть вход, выхода нет в пределах обхода; вход 1 / 46,968 KZT; выход 0 / 0 KZT; операций 1/0; дней 1"
100000008071749100,terminal,0.74556,8,0.139502,"Правило: глубина 4; 1 операция: дальше шли 26% из 1126 узлов колен 1–3; вероятно конечный; вход 1 / 24,943 KZT; выход 0 / 0 KZT; операций 1/0; дней 1"
100000008074304100,terminal,0.74556,5,0.116335,"Правило: глубина 4; 1 операция: дальше шли 26% из 1126 узлов колен 1–3; вероятно конечный; вход 1 / 5,500 KZT; выход 0 / 0 KZT; операций 1/0; дней 1"
100000008077552100,terminal,0.81,3,0.348942,"Правило: есть вход, выхода нет в пределах обхода; вход 1 / 214,000 KZT; выход 0 / 0 KZT; операций 1/0; дней 1"
100000008086440100,distributor,0.925,3,0.849561,"Правило: ≥3 выхода, seed или исходящих ≥1,5× входящих; вход 1 / 199,733 KZT; выход 5 / 161,300 KZT; операций 1/6; дней 6"
100000008088082100,transit,0.849328,0,0.68167,"Правило: есть вход и выход, отношение сумм 0,5–2; вход 1 / 39,138 KZT; выход 1 / 50,000 KZT; операций 1/1; дней 2"
100000008094734100,terminal,0.9,0,0.648,"Правило: есть вход, выхода нет в пределах обхода; вход 4 / 236,249 KZT; выход 0 / 0 KZT; операций 4/0; дней 4"
100000008097580100,terminal,0.9,3,0.510833,"Правило: есть вход, выхода нет в пределах обхода; вход 2 / 32,000 KZT; выход 0 / 0 KZT; операций 4/0; дней 4"
100000008104567100,transit,0.855823,8,0.778066,"Правило: есть вход и выход, отношение сумм 0,5–2; вход 3 / 53,550 KZT; выход 3 / 40,000 KZT; операций 3/4; дней 5"
100000008106997100,transit,0.762153,0,0.666858,"Правило: есть вход и выход, отношение сумм 0,5–2; вход 2 / 35,600 KZT; выход 1 / 20,600 KZT; операций 2/1; дней 2"
100000008111003100,consolidator,0.96,0,0.886222,"Правило: 3 входа или больше, входящих ≥1,5× исходящих; вход 6 / 222,716 KZT; выход 1 / 35,000 KZT; операций 9/1; дней 6"
100000008116374100,terminal,0.81,2,0.274459,"Правило: есть вход, выхода нет в пределах обхода; вход 1 / 31,284 KZT; выход 0 / 0 KZT; операций 1/0; дней 1"
100000008117324100,peripheral,0.75,61,0.019203,Правило: наблюдаемых связей нет; вход 0 / 0 KZT; выход 0 / 0 KZT; операций 0/0; дней 0; seed: вход неполон
100000008121806100,distributor,0.89,15,0.837464,"Правило: ≥3 выхода, seed или исходящих ≥1,5× входящих; вход 1 / 67,000 KZT; выход 4 / 248,509 KZT; операций 1/6; дней 5"
100000008129393100,terminal,0.81,40,0.228668,"Правило: есть вход, выхода нет в пределах обхода; вход 1 / 10,000 KZT; выход 0 / 0 KZT; операций 1/0; дней 1"
100000008130868100,terminal,0.74556,9,0.137208,"Правило: глубина 4; 1 операция: дальше шли 26% из 1126 узлов колен 1–3; вероятно конечный; вход 1 / 22,782 KZT; выход 0 / 0 KZT; операций 1/0; дней 1"
100000008136608100,terminal,0.74556,8,0.183564,"Правило: глубина 4; 1 операция: дальше шли 26% из 1126 узлов колен 1–3; вероятно конечный; вход 1 / 170,000 KZT; выход 0 / 0 KZT; операций 1/0; дней 1"
100000008137435100,distributor,0.96,20,0.916618,"Правило: ≥3 выхода, seed или исходящих ≥1,5× входящих; вход 2 / 93,906 KZT; выход 6 / 1,419,700 KZT; операций 2/7; дней 5"
100000008141170100,terminal,0.81,2,0.232338,"Правило: есть вход, выхода нет в пределах обхода; вход 1 / 11,000 KZT; выход 0 / 0 KZT; операций 1/0; дней 1"
100000008144528100,terminal,0.9,2,0.709754,"Правило: есть вход, выхода нет в пределах обхода; вход 5 / 1,068,203 KZT; выход 0 / 0 KZT; операций 13/0; дней 4"
100000008151098100,terminal,0.74556,23,0.145053,"Правило: глубина 4; 1 операция: дальше шли 26% из 1126 узлов колен 1–3; вероятно конечный; вход 1 / 30,000 KZT; выход 0 / 0 KZT; операций 1/0; дней 1"
100000008165763100,transit,0.915789,0,0.91948,"Правило: есть вход и выход, отношение сумм 0,5–2; вход 15 / 1,165,815 KZT; выход 17 / 1,267,858 KZT; операций 26/17; дней 13"
100000008168850100,peripheral,0.4,5,0.208162,"Правило: глубина 4; 2 операции: дальше шли 44% из 257 узлов колен 1–3; продолжение неясно; вход 1 / 187,910 KZT; выход 0 / 0 KZT; операций 2/0; дней 2"
100000008169544100,distributor,0.89,2,0.807671,"Правило: ≥3 выхода, seed или исходящих ≥1,5× входящих; вход 1 / 137,104 KZT; выход 4 / 42,800 KZT; операций 2/7; дней 7"
100000008172352100,distributor,0.96,16,0.890228,"Правило: ≥3 выхода, seed или исходящих ≥1,5× входящих; вход 3 / 90,265 KZT; выход 7 / 289,510 KZT; операций 3/8; дней 6"
100000008172721100,terminal,0.74556,3,0.183266,"Правило: глубина 4; 1 операция: дальше шли 26% из 1126 узлов колен 1–3; вероятно конечный; вход 1 / 168,335 KZT; выход 0 / 0 KZT; операций 1/0; дней 1"
100000008173359100,terminal,0.81,2,0.221162,"Правило: есть вход, выхода нет в пределах обхода; вход 1 / 6,110 KZT; выход 0 / 0 KZT; операций 1/0; дней 1"
100000008174521100,terminal,0.81,2,0.312743,"Правило: есть вход, выхода нет в пределах обхода; вход 1 / 82,110 KZT; выход 0 / 0 KZT; операций 1/0; дней 1"
100000008175078100,peripheral,0.4,5,0.261767,"Правило: глубина 4; 6+ операций: дальше шли 83% из 129 узлов колен 1–3; вероятно продолжение; вход 1 / 1,846,711 KZT; выход 0 / 0 KZT; операций 15/0; дней 8"
100000008183752100,terminal,0.74556,1,0.17877,"Правило: глубина 4; 1 операция: дальше шли 26% из 1126 узлов колен 1–3; вероятно конечный; вход 1 / 140,000 KZT; выход 0 / 0 KZT; операций 1/0; дней 1"
100000008188026100,distributor,0.89,2,0.862186,"Правило: ≥3 выхода, seed или исходящих ≥1,5× входящих; вход 2 / 86,468 KZT; выход 4 / 337,983 KZT; операций 5/4; дней 6"
100000008190411100,peripheral,0.4,27,0.225949,"Правило: глубина 4; 6+ операций: дальше шли 83% из 129 узлов колен 1–3; вероятно продолжение; вход 1 / 198,450 KZT; выход 0 / 0 KZT; операций 12/0; дней 9"
100000008190442100,terminal,0.81,7,0.235549,"Правило: есть вход, выхода нет в пределах обхода; вход 1 / 13,000 KZT; выход 0 / 0 KZT; операций 1/0; дней 1"
100000008192264100,transit,0.878629,5,0.758637,"Правило: есть вход и выход, отношение сумм 0,5–2; вход 1 / 162,810 KZT; выход 1 / 187,910 KZT; операций 1/2; дней 2"
100000008193258100,peripheral,0.55,14,0.51225,"Правило: пороги других ролей не выполнены; вход 1 / 75,000 KZT; выход 1 / 30,000 KZT; операций 2/1; дней 3"
100000008193577100,distributor,0.925,32,0.817188,"Правило: ≥3 выхода, seed или исходящих ≥1,5× входящих; вход 2 / 154,300 KZT; выход 5 / 480,180 KZT; операций 6/16; дней 14"
100000008200810100,terminal,0.81,9,0.373922,"Правило: есть вход, выхода нет в пределах обхода; вход 1 / 475,000 KZT; выход 0 / 0 KZT; операций 1/0; дней 1"
100000008205000100,peripheral,0.75,62,0.019203,Правило: наблюдаемых связей нет; вход 0 / 0 KZT; выход 0 / 0 KZT; операций 0/0; дней 0; seed: вход неполон
100000008205937100,terminal,0.87,28,0.427625,"Правило: есть вход, выхода нет в пределах обхода; вход 1 / 35,000 KZT; выход 0 / 0 KZT; операций 3/0; дней 3"
100000008213966100,consolidator,0.855,17,0.866106,"Правило: 3 входа или больше, входящих ≥1,5× исходящих; вход 3 / 187,004 KZT; выход 1 / 436,900 KZT; операций 7/8; дней 7"
100000008219168100,terminal,0.84,13,0.438022,"Правило: есть вход, выхода нет в пределах обхода; вход 1 / 53,200 KZT; выход 0 / 0 KZT; операций 2/0; дней 2"
100000008221543100,terminal,0.84,14,0.620095,"Правило: есть вход, выхода нет в пределах обхода; вход 2 / 542,000 KZT; выход 0 / 0 KZT; операций 2/0; дней 2"
100000008221765100,terminal,0.74556,5,0.181752,"Правило: глубина 4; 1 операция: дальше шли 26% из 1126 узлов колен 1–3; вероятно конечный; вход 1 / 156,354 KZT; выход 0 / 0 KZT; операций 1/0; дней 1"
100000008223661100,distributor,0.925,1,0.796703,"Правило: ≥3 выхода, seed или исходящих ≥1,5× входящих; вход 2 / 202,000 KZT; выход 5 / 262,580 KZT; операций 2/5; дней 5"
100000008223756100,terminal,0.84,15,0.599632,"Правило: есть вход, выхода нет в пределах обхода; вход 2 / 331,682 KZT; выход 0 / 0 KZT; операций 2/0; дней 2"
100000008229700100,peripheral,0.55,11,0.36701,"Правило: пороги других ролей не выполнены; вход 1 / 23,500 KZT; выход 1 / 7,200 KZT; операций 1/1; дней 2"
100000008232832100,peripheral,0.55,35,0.506845,"Правило: пороги других ролей не выполнены; вход 1 / 337,000 KZT; выход 1 / 138,000 KZT; операций 2/1; дней 2"
100000008237827100,terminal,0.81,6,0.283884,"Правило: есть вход, выхода нет в пределах обхода; вход 1 / 40,001 KZT; выход 0 / 0 KZT; операций 1/0; дней 1"
100000008238112100,terminal,0.81,5,0.34473,"Правило: есть вход, выхода нет в пределах обхода; вход 1 / 190,000 KZT; выход 0 / 0 KZT; операций 1/0; дней 1"
100000008238989100,terminal,0.84,20,0.502913,"Правило: есть вход, выхода нет в пределах обхода; вход 1 / 200,000 KZT; выход 0 / 0 KZT; операций 2/0; дней 2"
100000008244300100,terminal,0.9,0,0.597955,"Правило: есть вход, выхода нет в пределах обхода; вход 5 / 65,430 KZT; выход 0 / 0 KZT; операций 6/0; дней 6"
100000008251939100,terminal,0.74556,8,0.153264,"Правило: глубина 4; 1 операция: дальше шли 26% из 1126 узлов колен 1–3; вероятно конечный; вход 1 / 44,360 KZT; выход 0 / 0 KZT; операций 1/0; дней 1"
100000008254069100,distributor,0.925,18,0.812573,"Правило: ≥3 выхода, seed или исходящих ≥1,5× входящих; вход 1 / 10,200 KZT; выход 5 / 107,500 KZT; операций 2/6; дней 4"
100000008254576100,peripheral,0.55,14,0.47683,"Правило: пороги других ролей не выполнены; вход 1 / 8,000 KZT; выход 1 / 60,000 KZT; операций 1/1; дней 2"
100000008255655100,terminal,0.74556,14,0.116106,"Правило: глубина 4; 1 операция: дальше шли 26% из 1126 узлов колен 1–3; вероятно конечный; вход 1 / 5,400 KZT; выход 0 / 0 KZT; операций 1/0; дней 1"
100000008258083100,transit,0.815487,25,0.866802,"Правило: есть вход и выход, отношение сумм 0,5–2; вход 2 / 3,149,500 KZT; выход 2 / 2,045,650 KZT; операций 13/6; дней 12"
100000008258458100,peripheral,0.55,2,0.639352,"Правило: пороги других ролей не выполнены; вход 1 / 19,000 KZT; выход 2 / 1,557,988 KZT; операций 1/4; дней 3"
100000008259451100,terminal,0.81,8,0.300065,"Правило: есть вход, выхода нет в пределах обхода; вход 1 / 55,000 KZT; выход 0 / 0 KZT; операций 1/0; дней 1"
100000008279405100,terminal,0.84,3,0.50953,"Правило: есть вход, выхода нет в пределах обхода; вход 1 / 234,738 KZT; выход 0 / 0 KZT; операций 2/0; дней 2"
100000008283183100,terminal,0.81,4,0.269621,"Правило: есть вход, выхода нет в пределах обхода; вход 1 / 29,000 KZT; выход 0 / 0 KZT; операций 1/0; дней 1"
100000008289539100,terminal,0.81,2,0.238761,"Правило: есть вход, выхода нет в пределах обхода; вход 1 / 14,912 KZT; выход 0 / 0 KZT; операций 1/0; дней 1"
100000008293431100,distributor,0.925,3,0.854032,"Правило: ≥3 выхода, seed или исходящих ≥1,5× входящих; вход 1 / 15,000 KZT; выход 5 / 297,000 KZT; операций 1/7; дней 7"
100000008295429100,terminal,0.81,5,0.364706,"Правило: есть вход, выхода нет в пределах обхода; вход 1 / 352,000 KZT; выход 0 / 0 KZT; операций 1/0; дней 1"
100000008297199100,terminal,0.81,3,0.285469,"Правило: есть вход, выхода нет в пределах обхода; вход 1 / 42,268 KZT; выход 0 / 0 KZT; операций 1/0; дней 1"
100000008304115100,terminal,0.81,11,0.296187,"Правило: есть вход, выхода нет в пределах обхода; вход 1 / 51,000 KZT; выход 0 / 0 KZT; операций 1/0; дней 1"
100000008304139100,distributor,0.96,0,0.945988,"Правило: ≥3 выхода, seed или исходящих ≥1,5× входящих; вход 4 / 189,330 KZT; выход 24 / 1,692,997 KZT; операций 4/43; дней 24"
100000008306857100,terminal,0.81,9,0.3303,"Правило: есть вход, выхода нет в пределах обхода; вход 1 / 125,000 KZT; выход 0 / 0 KZT; операций 1/0; дней 1"
100000008308418100,terminal,0.74556,0,0.157439,"Правило: глубина 4; 1 операция: дальше шли 26% из 1126 узлов колен 1–3; вероятно конечный; вход 1 / 50,000 KZT; выход 0 / 0 KZT; операций 1/0; дней 1"
100000008309514100,terminal,0.81,7,0.246059,"Правило: есть вход, выхода нет в пределах обхода; вход 1 / 17,200 KZT; выход 0 / 0 KZT; операций 1/0; дней 1"
100000008314203100,peripheral,0.55,35,0.522069,"Правило: пороги других ролей не выполнены; вход 2 / 382,076 KZT; выход 2 / 327,000 KZT; операций 10/13; дней 13; seed: вход неполон"
100000008314863100,terminal,0.81,6,0.233506,"Правило: есть вход, выхода нет в пределах обхода; вход 1 / 12,000 KZT; выход 0 / 0 KZT; операций 1/0; дней 1"
100000008321975100,terminal,0.74556,10,0.116702,"Правило: глубина 4; 1 операция: дальше шли 26% из 1126 узлов колен 1–3; вероятно конечный; вход 1 / 5,900 KZT; выход 0 / 0 KZT; операций 1/0; дней 1"
100000008324800100,consolidator,0.855,5,0.87101,"Правило: 3 входа или больше, входящих ≥1,5× исходящих; вход 3 / 526,500 KZT; выход 1 / 511,000 KZT; операций 17/13; дней 8"
100000008327791100,terminal,0.74556,14,0.1234,"Правило: глубина 4; 1 операция: дальше шли 26% из 1126 узлов колен 1–3; вероятно конечный; вход 1 / 11,000 KZT; выход 0 / 0 KZT; операций 1/0; дней 1"
100000008331280100,peripheral,0.4,23,0.164337,"Правило: глубина 4; 2 операции: дальше шли 44% из 257 узлов колен 1–3; продолжение неясно; вход 1 / 41,000 KZT; выход 0 / 0 KZT; операций 2/0; дней 2"
100000008332511100,terminal,0.81,12,0.322627,"Правило: есть вход, выхода нет в пределах обхода; вход 1 / 100,000 KZT; выход 0 / 0 KZT; операций 1/0; дней 1"
100000008333492100,terminal,0.74556,1,0.187807,"Правило: глубина 4; 1 операция: дальше шли 26% из 1126 узлов колен 1–3; вероятно конечный; вход 1 / 216,400 KZT; выход 0 / 0 KZT; операций 1/0; дней 1"
100000008335401100,terminal,0.87,8,0.480583,"Правило: есть вход, выхода нет в пределах обхода; вход 1 / 150,000 KZT; выход 0 / 0 KZT; операций 3/0; дней 1"
100000008336318100,terminal,0.74556,1,0.183564,"Правило: глубина 4; 1 операция: дальше шли 26% из 1126 узлов колен 1–3; вероятно конечный; вход 1 / 170,000 KZT; выход 0 / 0 KZT; операций 1/0; дней 1"
100000008337304100,peripheral,0.4,3,0.184081,"Правило: глубина 4; 2 операции: дальше шли 44% из 257 узлов колен 1–3; продолжение неясно; вход 1 / 105,465 KZT; выход 0 / 0 KZT; операций 2/0; дней 1"
100000008343415100,peripheral,0.4,10,0.185573,"Правило: глубина 4; 3–5 операций: дальше шли 61% из 211 узлов колен 1–3; продолжение неясно; вход 1 / 100,000 KZT; выход 0 / 0 KZT; операций 3/0; дней 1"
100000008343874100,transit,0.803065,10,0.817693,"Правило: есть вход и выход, отношение сумм 0,5–2; вход 2 / 283,535 KZT; выход 2 / 176,400 KZT; операций 2/5; дней 5"
100000008346837100,coordinator,0.98,0,0.979242,"Правило: ≥2 входа и выхода, посредничество в верхних 10%; вход 9 / 254,359 KZT; выход 25 / 1,258,643 KZT; операций 12/26; дней 15"
100000008349675100,transit,0.851192,13,0.618689,"Правило: есть вход и выход, отношение сумм 0,5–2; вход 1 / 46,520 KZT; выход 1 / 36,650 KZT; операций 1/2; дней 2"
100000008349740100,peripheral,0.4,5,0.181341,"Правило: глубина 4; 2 операции: дальше шли 44% из 257 узлов колен 1–3; продолжение неясно; вход 1 / 70,000 KZT; выход 0 / 0 KZT; операций 2/0; дней 2"
100000008352542100,terminal,0.81,6,0.295645,"Правило: есть вход, выхода нет в пределах обхода; вход 1 / 50,220 KZT; выход 0 / 0 KZT; операций 1/0; дней 1"
100000008356606100,terminal,0.84,2,0.571273,"Правило: есть вход, выхода нет в пределах обхода; вход 2 / 168,500 KZT; выход 0 / 0 KZT; операций 2/0; дней 2"
100000008376089100,terminal,0.81,25,0.332052,"Правило: есть вход, выхода нет в пределах обхода; вход 1 / 135,000 KZT; выход 0 / 0 KZT; операций 1/0; дней 1"
100000008376785100,peripheral,0.4,5,0.213789,"Правило: глубина 4; 2 операции: дальше шли 44% из 257 узлов колен 1–3; продолжение неясно; вход 1 / 234,250 KZT; выход 0 / 0 KZT; операций 2/0; дней 2"
100000008379273100,distributor,0.89,8,0.762976,"Правило: ≥3 выхода, seed или исходящих ≥1,5× входящих; вход 2 / 36,000 KZT; выход 4 / 38,000 KZT; операций 2/4; дней 5"
100000008383405100,terminal,0.84,11,0.390368,"Правило: есть вход, выхода нет в пределах обхода; вход 1 / 25,000 KZT; выход 0 / 0 KZT; операций 2/0; дней 2"
100000008388049100,terminal,0.81,9,0.375382,"Правило: есть вход, выхода нет в пределах обхода; вход 1 / 496,400 KZT; выход 0 / 0 KZT; операций 1/0; дней 1"
100000008389800100,distributor,0.96,2,0.90662,"Правило: ≥3 выхода, seed или исходящих ≥1,5× входящих; вход 3 / 189,000 KZT; выход 7 / 401,620 KZT; операций 3/8; дней 7"
100000008405209100,terminal,0.81,14,0.299565,"Правило: есть вход, выхода нет в пределах обхода; вход 1 / 54,400 KZT; выход 0 / 0 KZT; операций 1/0; дней 1"
100000008406609100,terminal,0.81,18,0.27717,"Правило: есть вход, выхода нет в пределах обхода; вход 1 / 34,000 KZT; выход 0 / 0 KZT; операций 1/0; дней 1"
100000008413748100,distributor,0.96,14,0.930841,"Правило: ≥3 выхода, seed или исходящих ≥1,5× входящих; вход 2 / 26,480 KZT; выход 18 / 1,377,320 KZT; операций 2/21; дней 5"
100000008416433100,terminal,0.81,8,0.252273,"Правило: есть вход, выхода нет в пределах обхода; вход 1 / 20,000 KZT; выход 0 / 0 KZT; операций 1/0; дней 1"
100000008417029100,terminal,0.81,1,0.322627,"Правило: есть вход, выхода нет в пределах обхода; вход 1 / 100,000 KZT; выход 0 / 0 KZT; операций 1/0; дней 1"
100000008417359100,peripheral,0.55,14,0.495524,"Правило: пороги других ролей не выполнены; вход 1 / 40,810 KZT; выход 2 / 110,760 KZT; операций 2/3; дней 5"
100000008418835100,distributor,0.89,6,0.736492,"Правило: ≥3 выхода, seed или исходящих ≥1,5× входящих; вход 1 / 1,372,000 KZT; выход 4 / 186,179 KZT; операций 67/6; дней 18; seed: вход неполон"
100000008418934100,terminal,0.81,1,0.365415,"Правило: есть вход, выхода нет в пределах обхода; вход 1 / 360,000 KZT; выход 0 / 0 KZT; операций 1/0; дней 1"
100000008422226100,terminal,0.81,0,0.315913,"Правило: есть вход, выхода нет в пределах обхода; вход 1 / 87,450 KZT; выход 0 / 0 KZT; операций 1/0; дней 1"
100000008427027100,terminal,0.81,6,0.359868,"Правило: есть вход, выхода нет в пределах обхода; вход 1 / 300,000 KZT; выход 0 / 0 KZT; операций 1/0; дней 1"
100000008430691100,peripheral,0.55,2,0.603687,"Правило: пороги других ролей не выполнены; вход 1 / 20,000 KZT; выход 2 / 604,900 KZT; операций 1/2; дней 2"
100000008432942100,terminal,0.84,0,0.422897,"Правило: есть вход, выхода нет в пределах обхода; вход 1 / 44,542 KZT; выход 0 / 0 KZT; операций 2/0; дней 2"
100000008436257100,terminal,0.84,14,0.469272,"Правило: есть вход, выхода нет в пределах обхода; вход 2 / 35,000 KZT; выход 0 / 0 KZT; операций 2/0; дней 1"
100000008438656100,peripheral,0.55,6,0.528008,"Правило: пороги других ролей не выполнены; вход 2 / 80,000 KZT; выход 1 / 5,000 KZT; операций 2/1; дней 2"
100000008443341100,distributor,0.855,11,0.753693,"Правило: ≥3 выхода, seed или исходящих ≥1,5× входящих; вход 2 / 34,500 KZT; выход 3 / 50,000 KZT; операций 2/4; дней 4"
100000008454065100,terminal,0.81,8,0.260989,"Правило: есть вход, выхода нет в пределах обхода; вход 1 / 24,050 KZT; выход 0 / 0 KZT; операций 1/0; дней 1"
100000008459449100,terminal,0.81,3,0.298814,"Правило: есть вход, выхода нет в пределах обхода; вход 1 / 53,700 KZT; выход 0 / 0 KZT; операций 1/0; дней 1"
100000008460102100,distributor,0.96,9,0.828784,"Правило: ≥3 выхода, seed или исходящих ≥1,5× входящих; вход 1 / 17,500 KZT; выход 31 / 476,570 KZT; операций 1/34; дней 9"
100000008461217100,terminal,0.74556,6,0.132185,"Правило: глубина 4; 1 операция: дальше шли 26% из 1126 узлов колен 1–3; вероятно конечный; вход 1 / 18,000 KZT; выход 0 / 0 KZT; операций 1/0; дней 1"
100000008461532100,distributor,0.94,23,0.92295,"Правило: ≥3 выхода, seed или исходящих ≥1,5× входящих; вход 2 / 565,300 KZT; выход 8 / 2,530,090 KZT; операций 2/9; дней 3"
100000008463968100,terminal,0.81,7,0.228668,"Правило: есть вход, выхода нет в пределах обхода; вход 1 / 10,000 KZT; выход 0 / 0 KZT; операций 1/0; дней 1"
100000008465789100,distributor,0.96,1,0.939605,"Правило: ≥3 выхода, seed или исходящих ≥1,5× входящих; вход 1 / 30,099 KZT; выход 16 / 1,858,100 KZT; операций 1/17; дней 7"
100000008466579100,distributor,0.96,1,0.940828,"Правило: ≥3 выхода, seed или исходящих ≥1,5× входящих; вход 2 / 36,952 KZT; выход 17 / 1,933,000 KZT; операций 2/20; дней 9"
100000008468762100,terminal,0.84,1,0.553791,"Правило: есть вход, выхода нет в пределах обхода; вход 2 / 170,000 KZT; выход 0 / 0 KZT; операций 2/0; дней 1"
100000008469048100,peripheral,0.4,3,0.230487,"Правило: глубина 4; 6+ операций: дальше шли 83% из 129 узлов колен 1–3; вероятно продолжение; вход 1 / 265,200 KZT; выход 0 / 0 KZT; операций 7/0; дней 6"
100000008470470100,terminal,0.81,4,0.276544,"Правило: есть вход, выхода нет в пределах обхода; вход 1 / 33,547 KZT; выход 0 / 0 KZT; операций 1/0; дней 1"
100000008471634100,terminal,0.74556,22,0.134364,"Правило: глубина 4; 1 операция: дальше шли 26% из 1126 узлов колен 1–3; вероятно конечный; вход 1 / 20,000 KZT; выход 0 / 0 KZT; операций 1/0; дней 1"
100000008472324100,terminal,0.81,5,0.348358,"Правило: есть вход, выхода нет в пределах обхода; вход 1 / 205,200 KZT; выход 0 / 0 KZT; операций 1/0; дней 1"
100000008473207100,terminal,0.9,6,0.531496,"Правило: есть вход, выхода нет в пределах обхода; вход 1 / 202,000 KZT; выход 0 / 0 KZT; операций 4/0; дней 4"
100000008473765100,terminal,0.81,3,0.271707,"Правило: есть вход, выхода нет в пределах обхода; вход 1 / 30,000 KZT; выход 0 / 0 KZT; операций 1/0; дней 1"
100000008474308100,transit,0.832915,11,0.548814,"Правило: есть вход и выход, отношение сумм 0,5–2; вход 1 / 14,000 KZT; выход 1 / 10,000 KZT; операций 2/1; дней 3"
100000008474391100,terminal,0.81,20,0.252273,"Правило: есть вход, выхода нет в пределах обхода; вход 1 / 20,000 KZT; выход 0 / 0 KZT; операций 1/0; дней 1"
100000008477350100,distributor,0.96,3,0.952739,"Правило: ≥3 выхода, seed или исходящих ≥1,5× входящих; вход 11 / 610,100 KZT; выход 39 / 3,374,866 KZT; операций 14/44; дней 17"
100000008478414100,terminal,0.81,4,0.228668,"Правило: есть вход, выхода нет в пределах обхода; вход 1 / 10,000 KZT; выход 0 / 0 KZT; операций 1/0; дней 1"
100000008486520100,peripheral,0.55,2,0.463918,"Правило: пороги других ролей не выполнены; вход 1 / 35,720 KZT; выход 1 / 14,000 KZT; операций 2/1; дней 2"
100000008488166100,terminal,0.81,7,0.219827,"Правило: есть вход, выхода нет в пределах обхода; вход 1 / 5,600 KZT; выход 0 / 0 KZT; операций 1/0; дней 1"
100000008489604100,terminal,0.81,7,0.232338,"Правило: есть вход, выхода нет в пределах обхода; вход 1 / 11,000 KZT; выход 0 / 0 KZT; операций 1/0; дней 1"
100000008489922100,distributor,0.96,1,0.952361,"Правило: ≥3 выхода, seed или исходящих ≥1,5× входящих; вход 3 / 262,010 KZT; выход 36 / 3,789,900 KZT; операций 5/41; дней 15"
100000008490127100,distributor,0.96,5,0.916573,"Правило: ≥3 выхода, seed или исходящих ≥1,5× входящих; вход 1 / 431,755 KZT; выход 6 / 923,000 KZT; операций 2/9; дней 7"
100000008491390100,terminal,0.81,0,0.279589,"Правило: есть вход, выхода нет в пределах обхода; вход 1 / 36,000 KZT; выход 0 / 0 KZT; операций 1/0; дней 1"
100000008493007100,transit,0.92,7,0.608888,"Правило: есть вход и выход, отношение сумм 0,5–2; вход 1 / 26,150 KZT; выход 1 / 26,150 KZT; операций 1/1; дней 2"
100000008497298100,terminal,0.81,1,0.379844,"Правило: есть вход, выхода нет в пределах обхода; вход 1 / 600,000 KZT; выход 0 / 0 KZT; операций 1/0; дней 1"
100000008501413100,transit,0.914286,29,0.584466,"Правило: есть вход и выход, отношение сумм 0,5–2; вход 1 / 5,000 KZT; выход 1 / 5,100 KZT; операций 1/1; дней 2"
100000008502995100,terminal,0.84,10,0.390368,"Правило: есть вход, выхода нет в пределах обхода; вход 1 / 25,000 KZT; выход 0 / 0 KZT; операций 2/0; дней 2"
100000008503177100,terminal,0.81,3,0.276878,"Правило: есть вход, выхода нет в пределах обхода; вход 1 / 33,951 KZT; выход 0 / 0 KZT; операций 1/0; дней 1"
100000008507703100,terminal,0.81,7,0.268954,"Правило: есть вход, выхода нет в пределах обхода; вход 1 / 28,500 KZT; выход 0 / 0 KZT; операций 1/0; дней 1"
100000008512552100,distributor,0.96,14,0.931042,"Правило: ≥3 выхода, seed или исходящих ≥1,5× входящих; вход 4 / 394,360 KZT; выход 6 / 1,302,275 KZT; операций 9/11; дней 11"
100000008512827100,distributor,0.96,1,0.937403,"Правило: ≥3 выхода, seed или исходящих ≥1,5× входящих; вход 3 / 107,949 KZT; выход 10 / 1,944,500 KZT; операций 3/10; дней 8"
100000008513251100,peripheral,0.75,63,0.019203,Правило: наблюдаемых связей нет; вход 0 / 0 KZT; выход 0 / 0 KZT; операций 0/0; дней 0; seed: вход неполон
100000008514970100,peripheral,0.55,10,0.54181,"Правило: пороги других ролей не выполнены; вход 1 / 379,966 KZT; выход 1 / 31,000 KZT; операций 1/1; дней 1"
100000008516839100,terminal,0.9,18,0.547488,"Правило: есть вход, выхода нет в пределах обхода; вход 3 / 155,000 KZT; выход 0 / 0 KZT; операций 4/0; дней 2; seed: вход неполон"
100000008517061100,peripheral,0.4,8,0.240127,"Правило: глубина 4; 3–5 операций: дальше шли 61% из 211 узлов колен 1–3; продолжение неясно; вход 1 / 1,844,000 KZT; выход 0 / 0 KZT; операций 4/0; дней 1"
100000008517538100,distributor,0.96,1,0.93341,"Правило: ≥3 выхода, seed или исходящих ≥1,5× входящих; вход 3 / 155,500 KZT; выход 17 / 1,439,000 KZT; операций 6/18; дней 13"
100000008522127100,peripheral,0.55,1,0.345202,"Правило: пороги других ролей не выполнены; вход 0 / 0 KZT; выход 1 / 145,000 KZT; операций 0/3; дней 3; seed: вход неполон"
100000008524903100,terminal,0.74556,0,0.127552,"Правило: глубина 4; 1 операция: дальше шли 26% из 1126 узлов колен 1–3; вероятно конечный; вход 1 / 15,000 KZT; выход 0 / 0 KZT; операций 1/0; дней 1"
100000008525136100,terminal,0.74556,0,0.126336,"Правило: глубина 4; 1 операция: дальше шли 26% из 1126 узлов колен 1–3; вероятно конечный; вход 1 / 14,100 KZT; выход 0 / 0 KZT; операций 1/0; дней 1"
100000008531133100,distributor,0.835,2,0.78368,"Правило: ≥3 выхода, seed или исходящих ≥1,5× входящих; вход 1 / 25,000 KZT; выход 3 / 158,272 KZT; операций 1/3; дней 3"
100000008531186100,terminal,0.81,0,0.3303,"Правило: есть вход, выхода нет в пределах обхода; вход 1 / 125,000 KZT; выход 0 / 0 KZT; операций 1/0; дней 1"
100000008532050100,terminal,0.81,5,0.37263,"Правило: есть вход, выхода нет в пределах обхода; вход 1 / 455,156 KZT; выход 0 / 0 KZT; операций 1/0; дней 1"
100000008536546100,terminal,0.84,1,0.570973,"Правило: есть вход, выхода нет в пределах обхода; вход 2 / 250,000 KZT; выход 0 / 0 KZT; операций 2/0; дней 1"
100000008537380100,terminal,0.81,7,0.223789,"Правило: есть вход, выхода нет в пределах обхода; вход 1 / 8,000 KZT; выход 0 / 0 KZT; операций 1/0; дней 1"
100000008545727100,distributor,0.96,8,0.918642,"Правило: ≥3 выхода, seed или исходящих ≥1,5× входящих; вход 1 / 30,000 KZT; выход 6 / 1,866,500 KZT; операций 1/7; дней 5"
100000008546855100,consolidator,0.94,3,0.810582,"Правило: 3 входа или больше, входящих ≥1,5× исходящих; вход 6 / 71,790 KZT; выход 2 / 10,000 KZT; операций 8/2; дней 3"
100000008547295100,terminal,0.81,12,0.239887,"Правило: есть вход, выхода нет в пределах обхода; вход 1 / 15,000 KZT; выход 0 / 0 KZT; операций 1/0; дней 1"
100000008547844100,coordinator,0.979004,1,0.980367,"Правило: ≥2 входа и выхода, посредничество в верхних 10%; вход 3 / 177,600 KZT; выход 19 / 2,042,199 KZT; операций 3/21; дней 11"
100000008547948100,coordinator,0.977758,1,0.987478,"Правило: ≥2 входа и выхода, посредничество в верхних 10%; вход 6 / 212,665 KZT; выход 26 / 5,185,600 KZT; операций 7/31; дней 13"
100000008548853100,terminal,0.81,7,0.237218,"Правило: есть вход, выхода нет в пределах обхода; вход 1 / 14,000 KZT; выход 0 / 0 KZT; операций 1/0; дней 1"
100000008551752100,peripheral,0.4,30,0.226328,"Правило: глубина 4; 2 операции: дальше шли 44% из 257 узлов колен 1–3; продолжение неясно; вход 1 / 406,000 KZT; выход 0 / 0 KZT; операций 2/0; дней 2"
100000008554390100,terminal,0.74556,9,0.126084,"Правило: глубина 4; 1 операция: дальше шли 26% из 1126 узлов колен 1–3; вероятно конечный; вход 1 / 14,000 KZT; выход 0 / 0 KZT; операций 1/0; дней 1"
100000008555233100,terminal,0.81,1,0.371045,"Правило: есть вход, выхода нет в пределах обхода; вход 1 / 440,600 KZT; выход 0 / 0 KZT; операций 1/0; дней 1"
100000008555918100,peripheral,0.55,6,0.576574,"Правило: пороги других ролей не выполнены; вход 1 / 139,211 KZT; выход 2 / 43,300 KZT; операций 1/2; дней 3"
100000008556318100,terminal,0.84,6,0.573831,"Правило: есть вход, выхода нет в пределах обхода; вход 2 / 180,132 KZT; выход 0 / 0 KZT; операций 2/0; дней 2"
100000008557672100,terminal,0.81,4,0.292475,"Правило: есть вход, выхода нет в пределах обхода; вход 1 / 49,125 KZT; выход 0 / 0 KZT; операций 1/0; дней 1"
100000008560263100,terminal,0.74556,5,0.173059,"Правило: глубина 4; 1 операция: дальше шли 26% из 1126 узлов колен 1–3; вероятно конечный; вход 1 / 100,000 KZT; выход 0 / 0 KZT; операций 1/0; дней 1"
100000008560717100,consolidator,0.96,3,0.899245,"Правило: 3 входа или больше, входящих ≥1,5× исходящих; вход 7 / 529,000 KZT; выход 1 / 25,000 KZT; операций 9/1; дней 8"
100000008561016100,transit,0.912094,1,0.788801,"Правило: есть вход и выход, отношение сумм 0,5–2; вход 1 / 180,000 KZT; выход 1 / 185,000 KZT; операций 2/4; дней 2"
100000008566737100,terminal,0.84,3,0.566358,"Правило: есть вход, выхода нет в пределах обхода; вход 2 / 230,000 KZT; выход 0 / 0 KZT; операций 2/0; дней 1"
100000008568512100,terminal,0.81,5,0.346523,"Правило: есть вход, выхода нет в пределах обхода; вход 1 / 199,640 KZT; выход 0 / 0 KZT; операций 1/0; дней 1"
100000008571243100,terminal,0.81,8,0.331927,"Правило: есть вход, выхода нет в пределах обхода; вход 1 / 134,000 KZT; выход 0 / 0 KZT; операций 1/0; дней 1"
100000008571433100,peripheral,0.55,39,0.523521,"Правило: пороги других ролей не выполнены; вход 2 / 350,000 KZT; выход 2 / 1,434,000 KZT; операций 2/3; дней 4; seed: вход неполон"
100000008571443100,terminal,0.84,0,0.523342,"Правило: есть вход, выхода нет в пределах обхода; вход 2 / 65,000 KZT; выход 0 / 0 KZT; операций 2/0; дней 2"
100000008575624100,distributor,0.855,37,0.605459,"Правило: ≥3 выхода, seed или исходящих ≥1,5× входящих; вход 0 / 0 KZT; выход 3 / 89,500 KZT; операций 0/5; дней 4; seed: вход неполон"
100000008576243100,terminal,0.9,0,0.558364,"Правило: есть вход, выхода нет в пределах обхода; вход 2 / 82,920 KZT; выход 0 / 0 KZT; операций 4/0; дней 3"
100000008576528100,terminal,0.81,5,0.268245,"Правило: есть вход, выхода нет в пределах обхода; вход 1 / 28,000 KZT; выход 0 / 0 KZT; операций 1/0; дней 1"
100000008579978100,peripheral,0.55,5,0.521959,"Правило: пороги других ролей не выполнены; вход 1 / 34,000 KZT; выход 1 / 77,000 KZT; операций 1/6; дней 3"
100000008582730100,transit,0.91,3,0.496496,"Правило: есть вход и выход, отношение сумм 0,5–2; вход 1 / 5,000 KZT; выход 1 / 5,000 KZT; операций 1/1; дней 1"
100000008583360100,transit,0.801756,8,0.724588,"Правило: есть вход и выход, отношение сумм 0,5–2; вход 1 / 112,843 KZT; выход 1 / 170,000 KZT; операций 1/1; дней 2"
100000008583971100,peripheral,0.4,3,0.21481,"Правило: глубина 4; 2 операции: дальше шли 44% из 257 узлов колен 1–3; продолжение неясно; вход 2 / 51,000 KZT; выход 0 / 0 KZT; операций 2/0; дней 2"
100000008586731100,terminal,0.81,11,0.233506,"Правило: есть вход, выхода нет в пределах обхода; вход 1 / 12,000 KZT; выход 0 / 0 KZT; операций 1/0; дней 1"
100000008587459100,peripheral,0.55,0,0.573115,"Правило: пороги других ролей не выполнены; вход 2 / 181,507 KZT; выход 2 / 686,500 KZT; операций 2/4; дней 5"
100000008588665100,terminal,0.74556,3,0.140121,"Правило: глубина 4; 1 операция: дальше шли 26% из 1126 узлов колен 1–3; вероятно конечный; вход 1 / 25,000 KZT; выход 0 / 0 KZT; операций 1/0; дней 1"
100000008595687100,peripheral,0.55,2,0.415164,"Правило: пороги других ролей не выполнены; вход 1 / 64,395 KZT; выход 1 / 10,400 KZT; операций 1/1; дней 2"
100000008596924100,terminal,0.81,12,0.322627,"Правило: есть вход, выхода нет в пределах обхода; вход 1 / 100,000 KZT; выход 0 / 0 KZT; операций 1/0; дней 1"
100000008598972100,terminal,0.81,10,0.329383,"Правило: есть вход, выхода нет в пределах обхода; вход 1 / 120,000 KZT; выход 0 / 0 KZT; операций 1/0; дней 1"
100000008599354100,peripheral,0.55,3,0.47961,"Правило: пороги других ролей не выполнены; вход 1 / 177,000 KZT; выход 1 / 38,200 KZT; операций 1/2; дней 3"
100000008601794100,peripheral,0.55,41,0.52294,"Правило: пороги других ролей не выполнены; вход 2 / 494,400 KZT; выход 1 / 871,400 KZT; операций 8/13; дней 17; seed: вход неполон"
100000008603331100,distributor,0.96,27,0.910401,"Правило: ≥3 выхода, seed или исходящих ≥1,5× входящих; вход 2 / 39,500 KZT; выход 6 / 741,774 KZT; операций 3/6; дней 6"
100000008603629100,coordinator,0.978879,3,0.991684,"Правило: ≥2 входа и выхода, посредничество в верхних 10%; вход 19 / 1,817,300 KZT; выход 61 / 4,986,156 KZT; операций 45/74; дней 27"
100000008612257100,terminal,0.81,14,0.225832,"Правило: есть вход, выхода нет в пределах обхода; вход 1 / 9,500 KZT; выход 0 / 0 KZT; операций 1/0; дней 1"
100000008619159100,peripheral,0.4,2,0.21815,"Правило: глубина 4; 2 операции: дальше шли 44% из 257 узлов колен 1–3; продолжение неясно; вход 1 / 446,400 KZT; выход 0 / 0 KZT; операций 2/0; дней 1"
100000008619857100,peripheral,0.55,0,0.411238,"Правило: пороги других ролей не выполнены; вход 1 / 29,000 KZT; выход 2 / 13,000 KZT; операций 1/2; дней 2"
100000008620570100,peripheral,0.55,3,0.581756,"Правило: пороги других ролей не выполнены; вход 2 / 145,000 KZT; выход 2 / 31,800 KZT; операций 2/2; дней 3"
100000008624978100,terminal,0.81,1,0.32588,"Правило: есть вход, выхода нет в пределах обхода; вход 1 / 109,000 KZT; выход 0 / 0 KZT; операций 1/0; дней 1"
100000008625905100,peripheral,0.55,2,0.617944,"Правило: пороги других ролей не выполнены; вход 1 / 197,800 KZT; выход 2 / 635,000 KZT; операций 1/2; дней 2"
100000008628231100,peripheral,0.55,6,0.646492,"Правило: пороги других ролей не выполнены; вход 1 / 50,000 KZT; выход 2 / 627,870 KZT; операций 1/19; дней 7"
100000008628818100,terminal,0.74556,8,0.154732,"Правило: глубина 4; 1 операция: дальше шли 26% из 1126 узлов колен 1–3; вероятно конечный; вход 1 / 46,310 KZT; выход 0 / 0 KZT; операций 1/0; дней 1"
100000008629504100,terminal,0.74556,3,0.134364,"Правило: глубина 4; 1 операция: дальше шли 26% из 1126 узлов колен 1–3; вероятно конечный; вход 1 / 20,000 KZT; выход 0 / 0 KZT; операций 1/0; дней 1"
100000008629581100,terminal,0.81,16,0.299481,"Правило: есть вход, выхода нет в пределах обхода; вход 1 / 54,184 KZT; выход 0 / 0 KZT; операций 1/0; дней 1"
100000008631800100,terminal,0.74556,9,0.125006,"Правило: глубина 4; 1 операция: дальше шли 26% из 1126 узлов колен 1–3; вероятно конечный; вход 1 / 12,850 KZT; выход 0 / 0 KZT; операций 1/0; дней 1"
100000008632060100,distributor,0.96,0,0.805508,"Правило: ≥3 выхода, seed или исходящих ≥1,5× входящих; вход 1 / 6,000 KZT; выход 9 / 339,200 KZT; операций 1/12; дней 11"
100000008633099100,transit,0.814371,0,0.618708,"Правило: есть вход и выход, отношение сумм 0,5–2; вход 1 / 19,468 KZT; выход 1 / 13,500 KZT; операций 1/1; дней 2"
100000008634520100,terminal,0.81,1,0.317289,"Правило: есть вход, выхода нет в пределах обхода; вход 1 / 90,000 KZT; выход 0 / 0 KZT; операций 1/0; дней 1"
100000008636603100,distributor,0.96,2,0.858744,"Правило: ≥3 выхода, seed или исходящих ≥1,5× входящих; вход 2 / 35,460 KZT; выход 6 / 159,375 KZT; операций 2/7; дней 6"
100000008637537100,distributor,0.855,35,0.80977,"Правило: ≥3 выхода, seed или исходящих ≥1,5× входящих; вход 3 / 619,890 KZT; выход 3 / 2,351,495 KZT; операций 22/30; дней 15; seed: вход неполон"
100000008638859100,terminal,0.74556,0,0.148057,"Правило: глубина 4; 1 операция: дальше шли 26% из 1126 узлов колен 1–3; вероятно конечный; вход 1 / 34,000 KZT; выход 0 / 0 KZT; операций 1/0; дней 1"
100000008647905100,peripheral,0.55,19,0.600773,"Правило: пороги других ролей не выполнены; вход 1 / 50,000 KZT; выход 2 / 344,222 KZT; операций 1/2; дней 3"
100000008648783100,terminal,0.74556,9,0.115808,"Правило: глубина 4; 1 операция: дальше шли 26% из 1126 узлов колен 1–3; вероятно конечный; вход 1 / 5,200 KZT; выход 0 / 0 KZT; операций 1/0; дней 1"
100000008649416100,terminal,0.74556,14,0.114913,"Правило: глубина 4; 1 операция: дальше шли 26% из 1126 узлов колен 1–3; вероятно конечный; вход 1 / 5,000 KZT; выход 0 / 0 KZT; операций 1/0; дней 1"
100000008650785100,peripheral,0.55,2,0.526023,"Правило: пороги других ролей не выполнены; вход 2 / 92,000 KZT; выход 2 / 120,120 KZT; операций 2/2; дней 4; seed: вход неполон"
100000008652094100,terminal,0.81,0,0.278337,"Правило: есть вход, выхода нет в пределах обхода; вход 1 / 35,000 KZT; выход 0 / 0 KZT; операций 1/0; дней 1"
100000008653041100,terminal,0.81,7,0.268245,"Правило: есть вход, выхода нет в пределах обхода; вход 1 / 28,000 KZT; выход 0 / 0 KZT; операций 1/0; дней 1"
100000008654653100,peripheral,0.55,2,0.1958,"Правило: пороги других ролей не выполнены; вход 0 / 0 KZT; выход 1 / 54,000 KZT; операций 0/1; дней 1; seed: вход неполон"
100000008655035100,terminal,0.81,13,0.271707,"Правило: есть вход, выхода нет в пределах обхода; вход 1 / 30,000 KZT; выход 0 / 0 KZT; операций 1/0; дней 1"
100000008655779100,transit,0.744417,17,0.678416,"Правило: есть вход и выход, отношение сумм 0,5–2; вход 1 / 47,000 KZT; выход 2 / 24,704 KZT; операций 1/2; дней 3"
100000008656043100,terminal,0.81,4,0.266077,"Правило: есть вход, выхода нет в пределах обхода; вход 1 / 26,200 KZT; выход 0 / 0 KZT; операций 1/0; дней 1"
100000008659445100,distributor,0.89,32,0.735982,"Правило: ≥3 выхода, seed или исходящих ≥1,5× входящих; вход 3 / 138,490 KZT; выход 4 / 875,150 KZT; операций 7/18; дней 15; seed: вход неполон"
100000008659950100,terminal,0.81,1,0.354197,"Правило: есть вход, выхода нет в пределах обхода; вход 1 / 246,000 KZT; выход 0 / 0 KZT; операций 1/0; дней 1"
100000008661550100,terminal,0.81,7,0.257527,"Правило: есть вход, выхода нет в пределах обхода; вход 1 / 22,800 KZT; выход 0 / 0 KZT; операций 1/0; дней 1"
100000008661585100,terminal,0.81,4,0.285969,"Правило: есть вход, выхода нет в пределах обхода; вход 1 / 43,141 KZT; выход 0 / 0 KZT; операций 1/0; дней 1"
100000008662216100,terminal,0.81,7,0.266077,"Правило: есть вход, выхода нет в пределах обхода; вход 1 / 26,200 KZT; выход 0 / 0 KZT; операций 1/0; дней 1"
100000008662805100,terminal,0.81,7,0.244557,"Правило: есть вход, выхода нет в пределах обхода; вход 1 / 16,500 KZT; выход 0 / 0 KZT; операций 1/0; дней 1"
100000008663007100,terminal,0.81,4,0.237218,"Правило: есть вход, выхода нет в пределах обхода; вход 1 / 14,000 KZT; выход 0 / 0 KZT; операций 1/0; дней 1"
100000008663723100,terminal,0.81,7,0.242264,"Правило: есть вход, выхода нет в пределах обхода; вход 1 / 15,600 KZT; выход 0 / 0 KZT; операций 1/0; дней 1"
100000008664469100,terminal,0.81,6,0.26274,"Правило: есть вход, выхода нет в пределах обхода; вход 1 / 25,000 KZT; выход 0 / 0 KZT; операций 1/0; дней 1"
100000008664774100,terminal,0.81,7,0.244057,"Правило: есть вход, выхода нет в пределах обхода; вход 1 / 16,300 KZT; выход 0 / 0 KZT; операций 1/0; дней 1"
100000008665380100,peripheral,0.55,0,0.522793,"Правило: пороги других ролей не выполнены; вход 2 / 69,100 KZT; выход 1 / 18,200 KZT; операций 2/1; дней 3"
100000008666075100,terminal,0.81,4,0.266535,"Правило: есть вход, выхода нет в пределах обхода; вход 1 / 26,217 KZT; выход 0 / 0 KZT; операций 1/0; дней 1"
100000008667058100,terminal,0.81,4,0.246893,"Правило: есть вход, выхода нет в пределах обхода; вход 1 / 17,534 KZT; выход 0 / 0 KZT; операций 1/0; дней 1"
100000008667795100,terminal,0.81,7,0.27717,"Правило: есть вход, выхода нет в пределах обхода; вход 1 / 34,000 KZT; выход 0 / 0 KZT; операций 1/0; дней 1"
100000008667799100,terminal,0.81,7,0.27717,"Правило: есть вход, выхода нет в пределах обхода; вход 1 / 34,000 KZT; выход 0 / 0 KZT; операций 1/0; дней 1"
100000008668099100,terminal,0.81,7,0.242681,"Правило: есть вход, выхода нет в пределах обхода; вход 1 / 15,700 KZT; выход 0 / 0 KZT; операций 1/0; дней 1"
100000008669037100,peripheral,0.75,64,0.019203,Правило: наблюдаемых связей нет; вход 0 / 0 KZT; выход 0 / 0 KZT; операций 0/0; дней 0; seed: вход неполон
100000008669310100,terminal,0.84,0,0.443026,"Правило: есть вход, выхода нет в пределах обхода; вход 1 / 59,567 KZT; выход 0 / 0 KZT; операций 2/0; дней 2"
100000008670667100,terminal,0.81,4,0.241805,"Правило: есть вход, выхода нет в пределах обхода; вход 1 / 15,534 KZT; выход 0 / 0 KZT; операций 1/0; дней 1"
100000008671026100,terminal,0.81,4,0.258904,"Правило: есть вход, выхода нет в пределах обхода; вход 1 / 23,534 KZT; выход 0 / 0 KZT; операций 1/0; дней 1"
100000008671081100,terminal,0.81,7,0.280631,"Правило: есть вход, выхода нет в пределах обхода; вход 1 / 37,200 KZT; выход 0 / 0 KZT; операций 1/0; дней 1"
100000008671129100,terminal,0.81,7,0.266077,"Правило: есть вход, выхода нет в пределах обхода; вход 1 / 26,200 KZT; выход 0 / 0 KZT; операций 1/0; дней 1"
100000008671929100,terminal,0.84,6,0.453146,"Правило: есть вход, выхода нет в пределах обхода; вход 1 / 75,000 KZT; выход 0 / 0 KZT; операций 2/0; дней 2"
100000008672162100,terminal,0.81,4,0.242055,"Правило: есть вход, выхода нет в пределах обхода; вход 1 / 15,550 KZT; выход 0 / 0 KZT; операций 1/0; дней 1"
100000008672200100,terminal,0.81,4,0.224665,"Правило: есть вход, выхода нет в пределах обхода; вход 1 / 8,511 KZT; выход 0 / 0 KZT; операций 1/0; дней 1"
100000008672480100,terminal,0.81,4,0.235549,"Правило: есть вход, выхода нет в пределах обхода; вход 1 / 13,000 KZT; выход 0 / 0 KZT; операций 1/0; дней 1"
100000008672493100,terminal,0.81,7,0.237218,"Правило: есть вход, выхода нет в пределах обхода; вход 1 / 14,000 KZT; выход 0 / 0 KZT; операций 1/0; дней 1"
100000008672603100,terminal,0.81,16,0.256068,"Правило: есть вход, выхода нет в пределах обхода; вход 1 / 21,200 KZT; выход 0 / 0 KZT; операций 1/0; дней 1"
100000008672762100,terminal,0.81,4,0.235549,"Правило: есть вход, выхода нет в пределах обхода; вход 1 / 13,000 KZT; выход 0 / 0 KZT; операций 1/0; дней 1"
100000008673001100,terminal,0.81,18,0.28038,"Правило: есть вход, выхода нет в пределах обхода; вход 1 / 80,000 KZT; выход 0 / 0 KZT; операций 1/0; дней 1; seed: вход неполон"
100000008675322100,peripheral,0.4,5,0.231649,"Правило: глубина 4; 3–5 операций: дальше шли 61% из 211 узлов колен 1–3; продолжение неясно; вход 1 / 340,000 KZT; выход 0 / 0 KZT; операций 4/0; дней 4"
100000008676812100,terminal,0.81,19,0.351444,"Правило: есть вход, выхода нет в пределах обхода; вход 1 / 230,800 KZT; выход 0 / 0 KZT; операций 1/0; дней 1"
100000008677215100,terminal,0.81,20,0.225165,"Правило: есть вход, выхода нет в пределах обхода; вход 1 / 9,000 KZT; выход 0 / 0 KZT; операций 1/0; дней 1"
100000008677368100,terminal,0.74556,0,0.125602,"Правило: глубина 4; 1 операция: дальше шли 26% из 1126 узлов колен 1–3; вероятно конечный; вход 1 / 13,500 KZT; выход 0 / 0 KZT; операций 1/0; дней 1"
100000008677518100,terminal,0.81,7,0.291975,"Правило: есть вход, выхода нет в пределах обхода; вход 1 / 48,700 KZT; выход 0 / 0 KZT; операций 1/0; дней 1"
100000008679986100,terminal,0.81,4,0.249645,"Правило: есть вход, выхода нет в пределах обхода; вход 1 / 19,000 KZT; выход 0 / 0 KZT; операций 1/0; дней 1"
100000008680061100,peripheral,0.4,0,0.16449,"Правило: глубина 4; 2 операции: дальше шли 44% из 257 узлов колен 1–3; продолжение неясно; вход 1 / 41,300 KZT; выход 0 / 0 KZT; операций 2/0; дней 2"
100000008680451100,terminal,0.81,4,0.258904,"Правило: есть вход, выхода нет в пределах обхода; вход 1 / 23,534 KZT; выход 0 / 0 KZT; операций 1/0; дней 1"
100000008680731100,distributor,0.96,11,0.763611,"Правило: ≥3 выхода, seed или исходящих ≥1,5× входящих; вход 0 / 0 KZT; выход 27 / 1,464,354 KZT; операций 0/28; дней 6; seed: вход неполон"
100000008680912100,peripheral,0.55,0,0.409103,"Правило: пороги других ролей не выполнены; вход 1 / 45,112 KZT; выход 1 / 5,991 KZT; операций 2/1; дней 3"
100000008682426100,terminal,0.81,8,0.252273,"Правило: есть вход, выхода нет в пределах обхода; вход 1 / 20,000 KZT; выход 0 / 0 KZT; операций 1/0; дней 1"
100000008683818100,terminal,0.81,4,0.246518,"Правило: есть вход, выхода нет в пределах обхода; вход 1 / 17,400 KZT; выход 0 / 0 KZT; операций 1/0; дней 1"
100000008684452100,terminal,0.81,7,0.296896,"Правило: есть вход, выхода нет в пределах обхода; вход 1 / 51,800 KZT; выход 0 / 0 KZT; операций 1/0; дней 1"
100000008684767100,terminal,0.81,7,0.274251,"Правило: есть вход, выхода нет в пределах обхода; вход 1 / 31,100 KZT; выход 0 / 0 KZT; операций 1/0; дней 1"
100000008684951100,terminal,0.81,7,0.246059,"Правило: есть вход, выхода нет в пределах обхода; вход 1 / 17,200 KZT; выход 0 / 0 KZT; операций 1/0; дней 1"
100000008686214100,terminal,0.81,3,0.26274,"Правило: есть вход, выхода нет в пределах обхода; вход 1 / 25,000 KZT; выход 0 / 0 KZT; операций 1/0; дней 1"
100000008686234100,terminal,0.81,0,0.282716,"Правило: есть вход, выхода нет в пределах обхода; вход 1 / 39,778 KZT; выход 0 / 0 KZT; операций 1/0; дней 1"
100000008686247100,peripheral,0.55,11,0.370457,"Правило: пороги других ролей не выполнены; вход 1 / 22,000 KZT; выход 1 / 5,000 KZT; операций 2/1; дней 3"
100000008686313100,peripheral,0.55,3,0.710415,"Правило: пороги других ролей не выполнены; вход 6 / 1,912,716 KZT; выход 7 / 333,800 KZT; операций 16/13; дней 20"
100000008686494100,terminal,0.81,7,0.242681,"Правило: есть вход, выхода нет в пределах обхода; вход 1 / 15,700 KZT; выход 0 / 0 KZT; операций 1/0; дней 1"
100000008687492100,terminal,0.81,4,0.239887,"Правило: есть вход, выхода нет в пределах обхода; вход 1 / 15,000 KZT; выход 0 / 0 KZT; операций 1/0; дней 1"
100000008687617100,terminal,0.84,7,0.421451,"Правило: есть вход, выхода нет в пределах обхода; вход 1 / 43,350 KZT; выход 0 / 0 KZT; операций 2/0; дней 2"
100000008687671100,terminal,0.81,4,0.280965,"Правило: есть вход, выхода нет в пределах обхода; вход 1 / 37,500 KZT; выход 0 / 0 KZT; операций 1/0; дней 1"
100000008687733100,terminal,0.81,7,0.23851,"Правило: есть вход, выхода нет в пределах обхода; вход 1 / 14,650 KZT; выход 0 / 0 KZT; операций 1/0; дней 1"
100000008687990100,terminal,0.81,7,0.247268,"Правило: есть вход, выхода нет в пределах обхода; вход 1 / 17,600 KZT; выход 0 / 0 KZT; операций 1/0; дней 1"
100000008688109100,terminal,0.81,7,0.235174,"Правило: есть вход, выхода нет в пределах обхода; вход 1 / 12,800 KZT; выход 0 / 0 KZT; операций 1/0; дней 1"
100000008688155100,terminal,0.81,7,0.25907,"Правило: есть вход, выхода нет в пределах обхода; вход 1 / 23,600 KZT; выход 0 / 0 KZT; операций 1/0; дней 1"
100000008688476100,terminal,0.81,4,0.260447,"Правило: есть вход, выхода нет в пределах обхода; вход 1 / 24,000 KZT; выход 0 / 0 KZT; операций 1/0; дней 1"
100000008688881100,terminal,0.81,4,0.286553,"Правило: есть вход, выхода нет в пределах обхода; вход 1 / 44,211 KZT; выход 0 / 0 KZT; операций 1/0; дней 1"
100000008690762100,terminal,0.81,7,0.266786,"Правило: есть вход, выхода нет в пределах обхода; вход 1 / 26,750 KZT; выход 0 / 0 KZT; операций 1/0; дней 1"
100000008690932100,terminal,0.81,4,0.257903,"Правило: есть вход, выхода нет в пределах обхода; вход 1 / 23,000 KZT; выход 0 / 0 KZT; операций 1/0; дней 1"
100000008691027100,terminal,0.81,4,0.246893,"Правило: есть вход, выхода нет в пределах обхода; вход 1 / 17,534 KZT; выход 0 / 0 KZT; операций 1/0; дней 1"
100000008691168100,terminal,0.81,4,0.260447,"Правило: есть вход, выхода нет в пределах обхода; вход 1 / 24,000 KZT; выход 0 / 0 KZT; операций 1/0; дней 1"
100000008691330100,terminal,0.81,4,0.256193,"Правило: есть вход, выхода нет в пределах обхода; вход 1 / 21,440 KZT; выход 0 / 0 KZT; операций 1/0; дней 1"
100000008691495100,terminal,0.81,4,0.267411,"Правило: есть вход, выхода нет в пределах обхода; вход 1 / 27,000 KZT; выход 0 / 0 KZT; операций 1/0; дней 1"
100000008692291100,transit,0.932695,1,0.842419,"Правило: есть вход и выход, отношение сумм 0,5–2; вход 3 / 160,000 KZT; выход 3 / 156,000 KZT; операций 3/3; дней 5"
100000008693069100,terminal,0.81,4,0.252273,"Правило: есть вход, выхода нет в пределах обхода; вход 1 / 20,000 KZT; выход 0 / 0 KZT; операций 1/0; дней 1"
100000008695133100,terminal,0.81,7,0.279964,"Правило: есть вход, выхода нет в пределах обхода; вход 1 / 36,610 KZT; выход 0 / 0 KZT; операций 1/0; дней 1"
100000008695157100,peripheral,0.4,15,0.233576,"Правило: глубина 4; 3–5 операций: дальше шли 61% из 211 узлов колен 1–3; продолжение неясно; вход 1 / 425,546 KZT; выход 0 / 0 KZT; операций 3/0; дней 3"
100000008695495100,terminal,0.81,4,0.255526,"Правило: есть вход, выхода нет в пределах обхода; вход 1 / 21,000 KZT; выход 0 / 0 KZT; операций 1/0; дней 1"
100000008695566100,terminal,0.81,7,0.276794,"Правило: есть вход, выхода нет в пределах обхода; вход 1 / 33,700 KZT; выход 0 / 0 KZT; операций 1/0; дней 1"
100000008695689100,terminal,0.81,7,0.266077,"Правило: есть вход, выхода нет в пределах обхода; вход 1 / 26,200 KZT; выход 0 / 0 KZT; операций 1/0; дней 1"
100000008696692100,terminal,0.81,4,0.249645,"Правило: есть вход, выхода нет в пределах обхода; вход 1 / 19,000 KZT; выход 0 / 0 KZT; операций 1/0; дней 1"
100000008696919100,terminal,0.81,4,0.275043,"Правило: есть вход, выхода нет в пределах обхода; вход 1 / 31,945 KZT; выход 0 / 0 KZT; операций 1/0; дней 1"
100000008697670100,terminal,0.81,7,0.264283,"Правило: есть вход, выхода нет в пределах обхода; вход 1 / 25,350 KZT; выход 0 / 0 KZT; операций 1/0; дней 1"
100000008699083100,terminal,0.74556,1,0.189688,"Правило: глубина 4; 1 операция: дальше шли 26% из 1126 узлов колен 1–3; вероятно конечный; вход 1 / 238,500 KZT; выход 0 / 0 KZT; операций 1/0; дней 1"
100000008701222100,peripheral,0.75,65,0.019203,Правило: наблюдаемых связей нет; вход 0 / 0 KZT; выход 0 / 0 KZT; операций 0/0; дней 0; seed: вход неполон
100000008701256100,terminal,0.81,3,0.30165,"Правило: есть вход, выхода нет в пределах обхода; вход 1 / 58,250 KZT; выход 0 / 0 KZT; операций 1/0; дней 1"
100000008701944100,terminal,0.81,6,0.297146,"Правило: есть вход, выхода нет в пределах обхода; вход 1 / 52,124 KZT; выход 0 / 0 KZT; операций 1/0; дней 1"
100000008703533100,terminal,0.74556,1,0.166017,"Правило: глубина 4; 1 операция: дальше шли 26% из 1126 узлов колен 1–3; вероятно конечный; вход 1 / 75,000 KZT; выход 0 / 0 KZT; операций 1/0; дней 1"
100000008706846100,terminal,0.81,7,0.237885,"Правило: есть вход, выхода нет в пределах обхода; вход 1 / 14,200 KZT; выход 0 / 0 KZT; операций 1/0; дней 1"
100000008706947100,terminal,0.81,7,0.246059,"Правило: есть вход, выхода нет в пределах обхода; вход 1 / 17,200 KZT; выход 0 / 0 KZT; операций 1/0; дней 1"
100000008707810100,terminal,0.81,7,0.266077,"Правило: есть вход, выхода нет в пределах обхода; вход 1 / 26,200 KZT; выход 0 / 0 KZT; операций 1/0; дней 1"
100000008708025100,terminal,0.81,17,0.228668,"Правило: есть вход, выхода нет в пределах обхода; вход 1 / 10,000 KZT; выход 0 / 0 KZT; операций 1/0; дней 1"
100000008708061100,terminal,0.81,7,0.224748,"Правило: есть вход, выхода нет в пределах обхода; вход 1 / 8,650 KZT; выход 0 / 0 KZT; операций 1/0; дней 1"
100000008708207100,terminal,0.84,1,0.596218,"Правило: есть вход, выхода нет в пределах обхода; вход 2 / 465,000 KZT; выход 0 / 0 KZT; операций 2/0; дней 1"
100000008708368100,terminal,0.81,4,0.259529,"Правило: есть вход, выхода нет в пределах обхода; вход 1 / 23,677 KZT; выход 0 / 0 KZT; операций 1/0; дней 1"
100000008708595100,terminal,0.81,7,0.246059,"Правило: есть вход, выхода нет в пределах обхода; вход 1 / 17,200 KZT; выход 0 / 0 KZT; операций 1/0; дней 1"
100000008708743100,terminal,0.81,7,0.242055,"Правило: есть вход, выхода нет в пределах обхода; вход 1 / 15,550 KZT; выход 0 / 0 KZT; операций 1/0; дней 1"
100000008710791100,distributor,0.96,1,0.951148,"Правило: ≥3 выхода, seed или исходящих ≥1,5× входящих; вход 3 / 181,510 KZT; выход 23 / 5,521,511 KZT; операций 3/25; дней 10"
100000008710843100,distributor,0.96,1,0.940239,"Правило: ≥3 выхода, seed или исходящих ≥1,5× входящих; вход 2 / 33,944 KZT; выход 13 / 1,985,500 KZT; операций 3/14; дней 12"
100000008710913100,terminal,0.74556,1,0.126084,"Правило: глубина 4; 1 операция: дальше шли 26% из 1126 узлов колен 1–3; вероятно конечный; вход 1 / 14,000 KZT; выход 0 / 0 KZT; операций 1/0; дней 1"
100000008712036100,terminal,0.81,7,0.255526,"Правило: есть вход, выхода нет в пределах обхода; вход 1 / 21,000 KZT; выход 0 / 0 KZT; операций 1/0; дней 1"
100000008712184100,terminal,0.81,7,0.248311,"Правило: есть вход, выхода нет в пределах обхода; вход 1 / 18,000 KZT; выход 0 / 0 KZT; операций 1/0; дней 1"
100000008712827100,terminal,0.81,7,0.310408,"Правило: есть вход, выхода нет в пределах обхода; вход 1 / 76,000 KZT; выход 0 / 0 KZT; операций 1/0; дней 1"
100000008712991100,terminal,0.81,7,0.305987,"Правило: есть вход, выхода нет в пределах обхода; вход 1 / 66,100 KZT; выход 0 / 0 KZT; операций 1/0; дней 1"
100000008713270100,distributor,0.835,12,0.718711,"Правило: ≥3 выхода, seed или исходящих ≥1,5× входящих; вход 1 / 30,000 KZT; выход 3 / 190,000 KZT; операций 1/3; дней 3"
100000008713685100,terminal,0.81,7,0.292725,"Правило: есть вход, выхода нет в пределах обхода; вход 1 / 49,700 KZT; выход 0 / 0 KZT; операций 1/0; дней 1"
100000008714412100,terminal,0.81,8,0.341352,"Правило: есть вход, выхода нет в пределах обхода; вход 1 / 169,000 KZT; выход 0 / 0 KZT; операций 1/0; дней 1"
100000008715513100,terminal,0.74556,9,0.147346,"Правило: глубина 4; 1 операция: дальше шли 26% из 1126 узлов колен 1–3; вероятно конечный; вход 1 / 32,500 KZT; выход 0 / 0 KZT; операций 1/0; дней 1"
100000008715887100,terminal,0.81,7,0.248311,"Правило: есть вход, выхода нет в пределах обхода; вход 1 / 18,000 KZT; выход 0 / 0 KZT; операций 1/0; дней 1"
100000008716072100,terminal,0.81,7,0.233923,"Правило: есть вход, выхода нет в пределах обхода; вход 1 / 12,100 KZT; выход 0 / 0 KZT; операций 1/0; дней 1"
100000008716222100,terminal,0.81,4,0.248311,"Правило: есть вход, выхода нет в пределах обхода; вход 1 / 18,000 KZT; выход 0 / 0 KZT; операций 1/0; дней 1"
100000008716439100,terminal,0.81,4,0.23409,"Правило: есть вход, выхода нет в пределах обхода; вход 1 / 12,267 KZT; выход 0 / 0 KZT; операций 1/0; дней 1"
100000008716773100,terminal,0.81,4,0.242472,"Правило: есть вход, выхода нет в пределах обхода; вход 1 / 15,677 KZT; выход 0 / 0 KZT; операций 1/0; дней 1"
100000008717340100,terminal,0.81,4,0.284843,"Правило: есть вход, выхода нет в пределах обхода; вход 1 / 41,500 KZT; выход 0 / 0 KZT; операций 1/0; дней 1"
100000008717341100,terminal,0.81,4,0.238344,"Правило: есть вход, выхода нет в пределах обхода; вход 1 / 14,627 KZT; выход 0 / 0 KZT; операций 1/0; дней 1"
100000008717375100,terminal,0.81,16,0.270289,"Правило: есть вход, выхода нет в пределах обхода; вход 1 / 29,506 KZT; выход 0 / 0 KZT; операций 1/0; дней 1"
100000008717802100,terminal,0.81,7,0.265451,"Правило: есть вход, выхода нет в пределах обхода; вход 1 / 26,150 KZT; выход 0 / 0 KZT; операций 1/0; дней 1"
100000008718089100,terminal,0.81,4,0.241805,"Правило: есть вход, выхода нет в пределах обхода; вход 1 / 15,534 KZT; выход 0 / 0 KZT; операций 1/0; дней 1"
100000008718811100,terminal,0.81,7,0.30924,"Правило: есть вход, выхода нет в пределах обхода; вход 1 / 73,300 KZT; выход 0 / 0 KZT; операций 1/0; дней 1"
100000008720668100,terminal,0.81,7,0.243473,"Правило: есть вход, выхода нет в пределах обхода; вход 1 / 16,000 KZT; выход 0 / 0 KZT; операций 1/0; дней 1"
100000008720798100,terminal,0.81,4,0.241805,"Правило: есть вход, выхода нет в пределах обхода; вход 1 / 15,534 KZT; выход 0 / 0 KZT; операций 1/0; дней 1"
100000008720856100,peripheral,0.55,0,0.485671,"Правило: пороги других ролей не выполнены; вход 1 / 18,105 KZT; выход 1 / 46,000 KZT; операций 1/2; дней 3"
100000008721637100,peripheral,0.55,12,0.54519,"Правило: пороги других ролей не выполнены; вход 1 / 24,041 KZT; выход 2 / 127,000 KZT; операций 1/2; дней 2"
100000008722328100,terminal,0.81,4,0.259529,"Правило: есть вход, выхода нет в пределах обхода; вход 1 / 23,677 KZT; выход 0 / 0 KZT; операций 1/0; дней 1"
100000008722417100,distributor,0.855,5,0.863468,"Правило: ≥3 выхода, seed или исходящих ≥1,5× входящих; вход 1 / 331,900 KZT; выход 3 / 720,000 KZT; операций 1/6; дней 6"
100000008722541100,peripheral,0.4,5,0.227551,"Правило: глубина 4; 3–5 операций: дальше шли 61% из 211 узлов колен 1–3; продолжение неясно; вход 1 / 280,000 KZT; выход 0 / 0 KZT; операций 4/0; дней 4"
100000008723830100,transit,0.926981,2,0.828729,"Правило: есть вход и выход, отношение сумм 0,5–2; вход 2 / 459,785 KZT; выход 1 / 455,000 KZT; операций 2/1; дней 3"
100000008724279100,terminal,0.81,2,0.233006,"Правило: есть вход, выхода нет в пределах обхода; вход 1 / 11,750 KZT; выход 0 / 0 KZT; операций 1/0; дней 1"
100000008724461100,transit,0.834618,1,0.718321,"Правило: есть вход и выход, отношение сумм 0,5–2; вход 1 / 100,111 KZT; выход 1 / 130,000 KZT; операций 1/1; дней 1"
100000008727982100,peripheral,0.4,12,0.144996,"Правило: глубина 4; 2 операции: дальше шли 44% из 257 узлов колен 1–3; продолжение неясно; вход 1 / 30,000 KZT; выход 0 / 0 KZT; операций 2/0; дней 1"
100000008728457100,terminal,0.81,6,0.288013,"Правило: есть вход, выхода нет в пределах обхода; вход 1 / 45,000 KZT; выход 0 / 0 KZT; операций 1/0; дней 1"
100000008729597100,terminal,0.81,3,0.31341,"Правило: есть вход, выхода нет в пределах обхода; вход 1 / 83,090 KZT; выход 0 / 0 KZT; операций 1/0; дней 1"
100000008729801100,terminal,0.81,4,0.246893,"Правило: есть вход, выхода нет в пределах обхода; вход 1 / 17,534 KZT; выход 0 / 0 KZT; операций 1/0; дней 1"
100000008730021100,terminal,0.87,6,0.464424,"Правило: есть вход, выхода нет в пределах обхода; вход 1 / 75,555 KZT; выход 0 / 0 KZT; операций 3/0; дней 2"
100000008730238100,terminal,0.74556,1,0.175742,"Правило: глубина 4; 1 операция: дальше шли 26% из 1126 узлов колен 1–3; вероятно конечный; вход 1 / 113,000 KZT; выход 0 / 0 KZT; операций 1/0; дней 1"
100000008730371100,terminal,0.87,3,0.635332,"Правило: есть вход, выхода нет в пределах обхода; вход 2 / 520,000 KZT; выход 0 / 0 KZT; операций 3/0; дней 3"
100000008730846100,consolidator,0.96,0,0.913958,"Правило: 3 входа или больше, входящих ≥1,5× исходящих; вход 7 / 155,042 KZT; выход 3 / 363,370 KZT; операций 11/4; дней 4"
100000008731444100,distributor,0.96,3,0.927105,"Правило: ≥3 выхода, seed или исходящих ≥1,5× входящих; вход 3 / 439,000 KZT; выход 9 / 879,768 KZT; операций 5/9; дней 8"
100000008732098100,terminal,0.81,4,0.242472,"Правило: есть вход, выхода нет в пределах обхода; вход 1 / 15,677 KZT; выход 0 / 0 KZT; операций 1/0; дней 1"
100000008732488100,peripheral,0.55,3,0.496047,"Правило: пороги других ролей не выполнены; вход 1 / 137,000 KZT; выход 1 / 10,000 KZT; операций 1/1; дней 1"
100000008733049100,terminal,0.81,2,0.228668,"Правило: есть вход, выхода нет в пределах обхода; вход 1 / 10,000 KZT; выход 0 / 0 KZT; операций 1/0; дней 1"
100000008733194100,distributor,0.96,15,0.896878,"Правило: ≥3 выхода, seed или исходящих ≥1,5× входящих; вход 4 / 251,424 KZT; выход 8 / 159,695 KZT; операций 4/8; дней 6"
100000008734279100,terminal,0.74556,15,0.146796,"Правило: глубина 4; 1 операция: дальше шли 26% из 1126 узлов колен 1–3; вероятно конечный; вход 1 / 31,650 KZT; выход 0 / 0 KZT; операций 1/0; дней 1"
100000008734364100,terminal,0.81,4,0.266077,"Правило: есть вход, выхода нет в пределах обхода; вход 1 / 26,200 KZT; выход 0 / 0 KZT; операций 1/0; дней 1"
100000008735384100,terminal,0.81,4,0.282299,"Правило: есть вход, выхода нет в пределах обхода; вход 1 / 39,220 KZT; выход 0 / 0 KZT; операций 1/0; дней 1"
100000008735802100,peripheral,0.4,0,0.186479,"Правило: глубина 4; 2 операции: дальше шли 44% из 257 узлов колен 1–3; продолжение неясно; вход 1 / 85,000 KZT; выход 0 / 0 KZT; операций 2/0; дней 2"
100000008735832100,terminal,0.81,7,0.247268,"Правило: есть вход, выхода нет в пределах обхода; вход 1 / 17,600 KZT; выход 0 / 0 KZT; операций 1/0; дней 1"
100000008736173100,terminal,0.81,4,0.274042,"Правило: есть вход, выхода нет в пределах обхода; вход 1 / 31,060 KZT; выход 0 / 0 KZT; операций 1/0; дней 1"
100000008736394100,terminal,0.81,4,0.243473,"Правило: есть вход, выхода нет в пределах обхода; вход 1 / 16,000 KZT; выход 0 / 0 KZT; операций 1/0; дней 1"
100000008736760100,terminal,0.81,4,0.299731,"Правило: есть вход, выхода нет в пределах обхода; вход 1 / 54,757 KZT; выход 0 / 0 KZT; операций 1/0; дней 1"
100000008736940100,peripheral,0.55,32,0.585237,"Правило: пороги других ролей не выполнены; вход 3 / 451,090 KZT; выход 3 / 182,100 KZT; операций 13/6; дней 7"
100000008737422100,terminal,0.81,4,0.310658,"Правило: есть вход, выхода нет в пределах обхода; вход 1 / 76,903 KZT; выход 0 / 0 KZT; операций 1/0; дней 1"
100000008737514100,terminal,0.81,2,0.314703,"Правило: есть вход, выхода нет в пределах обхода; вход 1 / 85,000 KZT; выход 0 / 0 KZT; операций 1/0; дней 1"
100000008737958100,terminal,0.84,4,0.514334,"Правило: есть вход, выхода нет в пределах обхода; вход 2 / 53,373 KZT; выход 0 / 0 KZT; операций 2/0; дней 2"
100000008738325100,peripheral,0.55,18,0.442358,"Правило: пороги других ролей не выполнены; вход 1 / 36,550 KZT; выход 1 / 54,000 KZT; операций 1/1; дней 2; seed: вход неполон"
100000008738526100,peripheral,0.55,1,0.518311,"Правило: пороги других ролей не выполнены; вход 1 / 15,000 KZT; выход 1 / 140,000 KZT; операций 1/1; дней 2"
100000008738658100,terminal,0.81,7,0.270372,"Правило: есть вход, выхода нет в пределах обхода; вход 1 / 29,920 KZT; выход 0 / 0 KZT; операций 1/0; дней 1"
100000008739887100,transit,0.835874,3,0.820877,"Правило: есть вход и выход, отношение сумм 0,5–2; вход 2 / 214,000 KZT; выход 2 / 307,000 KZT; операций 3/2; дней 4"
100000008740295100,terminal,0.74556,1,0.193542,"Правило: глубина 4; 1 операция: дальше шли 26% из 1126 узлов колен 1–3; вероятно конечный; вход 1 / 300,000 KZT; выход 0 / 0 KZT; операций 1/0; дней 1"
100000008740793100,terminal,0.81,7,0.255526,"Правило: есть вход, выхода нет в пределах обхода; вход 1 / 21,000 KZT; выход 0 / 0 KZT; операций 1/0; дней 1"
100000008741372100,terminal,0.81,4,0.27938,"Правило: есть вход, выхода нет в пределах обхода; вход 1 / 35,975 KZT; выход 0 / 0 KZT; операций 1/0; дней 1"
100000008742053100,distributor,0.96,1,0.933321,"Правило: ≥3 выхода, seed или исходящих ≥1,5× входящих; вход 1 / 10,000 KZT; выход 12 / 2,789,000 KZT; операций 1/12; дней 7"
100000008742266100,terminal,0.81,4,0.255526,"Правило: есть вход, выхода нет в пределах обхода; вход 1 / 21,000 KZT; выход 0 / 0 KZT; операций 1/0; дней 1"
100000008743913100,distributor,0.96,1,0.937848,"Правило: ≥3 выхода, seed или исходящих ≥1,5× входящих; вход 3 / 149,300 KZT; выход 13 / 1,850,600 KZT; операций 3/13; дней 6"
100000008744364100,terminal,0.81,7,0.259779,"Правило: есть вход, выхода нет в пределах обхода; вход 1 / 23,700 KZT; выход 0 / 0 KZT; операций 1/0; дней 1"
100000008744799100,terminal,0.81,7,0.234924,"Правило: есть вход, выхода нет в пределах обхода; вход 1 / 12,600 KZT; выход 0 / 0 KZT; операций 1/0; дней 1"
100000008744849100,terminal,0.81,4,0.286803,"Правило: есть вход, выхода нет в пределах обхода; вход 1 / 44,445 KZT; выход 0 / 0 KZT; операций 1/0; дней 1"
100000008745474100,terminal,0.81,4,0.284385,"Правило: есть вход, выхода нет в пределах обхода; вход 1 / 40,559 KZT; выход 0 / 0 KZT; операций 1/0; дней 1"
100000008745489100,terminal,0.81,4,0.300482,"Правило: есть вход, выхода нет в пределах обхода; вход 1 / 55,539 KZT; выход 0 / 0 KZT; операций 1/0; дней 1"
100000008745643100,terminal,0.81,4,0.254691,"Правило: есть вход, выхода нет в пределах обхода; вход 1 / 20,313 KZT; выход 0 / 0 KZT; операций 1/0; дней 1"
100000008745676100,terminal,0.74556,7,0.14831,"Правило: глубина 4; 1 операция: дальше шли 26% из 1126 узлов колен 1–3; вероятно конечный; вход 1 / 34,547 KZT; выход 0 / 0 KZT; операций 1/0; дней 1"
100000008745725100,terminal,0.81,4,0.290598,"Правило: есть вход, выхода нет в пределах обхода; вход 1 / 47,060 KZT; выход 0 / 0 KZT; операций 1/0; дней 1"
100000008745863100,terminal,0.81,7,0.257611,"Правило: есть вход, выхода нет в пределах обхода; вход 1 / 22,900 KZT; выход 0 / 0 KZT; операций 1/0; дней 1"
100000008745884100,terminal,0.81,7,0.252273,"Правило: есть вход, выхода нет в пределах обхода; вход 1 / 20,000 KZT; выход 0 / 0 KZT; операций 1/0; дней 1"
100000008746025100,terminal,0.81,4,0.256735,"Правило: есть вход, выхода нет в пределах обхода; вход 1 / 22,000 KZT; выход 0 / 0 KZT; операций 1/0; дней 1"
100000008746449100,distributor,0.96,1,0.91823,"Правило: ≥3 выхода, seed или исходящих ≥1,5× входящих; вход 1 / 10,000 KZT; выход 10 / 1,009,000 KZT; операций 1/10; дней 5"
100000008746673100,terminal,0.81,4,0.298314,"Правило: есть вход, выхода нет в пределах обхода; вход 1 / 53,048 KZT; выход 0 / 0 KZT; операций 1/0; дней 1"
100000008747113100,terminal,0.84,6,0.559296,"Правило: есть вход, выхода нет в пределах обхода; вход 2 / 197,801 KZT; выход 0 / 0 KZT; операций 2/0; дней 1"
100000008748408100,distributor,0.96,12,0.851015,"Правило: ≥3 выхода, seed или исходящих ≥1,5× входящих; вход 1 / 360,000 KZT; выход 21 / 1,499,960 KZT; операций 2/22; дней 6"
100000008748795100,terminal,0.81,0,0.290473,"Правило: есть вход, выхода нет в пределах обхода; вход 1 / 47,057 KZT; выход 0 / 0 KZT; операций 1/0; дней 1"
100000008748914100,distributor,0.96,10,0.858722,"Правило: ≥3 выхода, seed или исходящих ≥1,5× входящих; вход 2 / 180,000 KZT; выход 13 / 4,471,847 KZT; операций 9/21; дней 9"
100000008749063100,terminal,0.81,4,0.249645,"Правило: есть вход, выхода нет в пределах обхода; вход 1 / 19,000 KZT; выход 0 / 0 KZT; операций 1/0; дней 1"
100000008749405100,terminal,0.81,7,0.280506,"Правило: есть вход, выхода нет в пределах обхода; вход 1 / 37,150 KZT; выход 0 / 0 KZT; операций 1/0; дней 1"
100000008749406100,terminal,0.81,4,0.245558,"Правило: есть вход, выхода нет в пределах обхода; вход 1 / 17,144 KZT; выход 0 / 0 KZT; операций 1/0; дней 1"
100000008749618100,terminal,0.81,4,0.29089,"Правило: есть вход, выхода нет в пределах обхода; вход 1 / 47,280 KZT; выход 0 / 0 KZT; операций 1/0; дней 1"
100000008749900100,terminal,0.81,7,0.245767,"Правило: есть вход, выхода нет в пределах обхода; вход 1 / 17,150 KZT; выход 0 / 0 KZT; операций 1/0; дней 1"
100000008749989100,terminal,0.81,4,0.243473,"Правило: есть вход, выхода нет в пределах обхода; вход 1 / 16,000 KZT; выход 0 / 0 KZT; операций 1/0; дней 1"
100000008750464100,terminal,0.81,7,0.224415,"Правило: есть вход, выхода нет в пределах обхода; вход 1 / 8,500 KZT; выход 0 / 0 KZT; операций 1/0; дней 1"
100000008751349100,terminal,0.81,23,0.232922,"Правило: есть вход, выхода нет в пределах обхода; вход 1 / 11,630 KZT; выход 0 / 0 KZT; операций 1/0; дней 1"
100000008751380100,terminal,0.84,1,0.601189,"Правило: есть вход, выхода нет в пределах обхода; вход 2 / 345,780 KZT; выход 0 / 0 KZT; операций 2/0; дней 2"
100000008751429100,consolidator,0.855,32,0.777105,"Правило: 3 входа или больше, входящих ≥1,5× исходящих; вход 3 / 386,200 KZT; выход 1 / 72,600 KZT; операций 6/2; дней 5"
100000008752616100,distributor,0.96,1,0.918575,"Правило: ≥3 выхода, seed или исходящих ≥1,5× входящих; вход 2 / 64,510 KZT; выход 7 / 1,265,000 KZT; операций 2/7; дней 4"
100000008753061100,terminal,0.84,7,0.39832,"Правило: есть вход, выхода нет в пределах обхода; вход 1 / 28,400 KZT; выход 0 / 0 KZT; операций 2/0; дней 2"
100000008753193100,terminal,0.81,4,0.279046,"Правило: есть вход, выхода нет в пределах обхода; вход 1 / 35,225 KZT; выход 0 / 0 KZT; операций 1/0; дней 1"
100000008753897100,terminal,0.81,7,0.260989,"Правило: есть вход, выхода нет в пределах обхода; вход 1 / 24,050 KZT; выход 0 / 0 KZT; операций 1/0; дней 1"
100000008754608100,terminal,0.81,7,0.23434,"Правило: есть вход, выхода нет в пределах обхода; вход 1 / 12,300 KZT; выход 0 / 0 KZT; операций 1/0; дней 1"
100000008754747100,terminal,0.81,7,0.288638,"Правило: есть вход, выхода нет в пределах обхода; вход 1 / 45,500 KZT; выход 0 / 0 KZT; операций 1/0; дней 1"
100000008754997100,terminal,0.81,7,0.248311,"Правило: есть вход, выхода нет в пределах обхода; вход 1 / 18,000 KZT; выход 0 / 0 KZT; операций 1/0; дней 1"
100000008755168100,terminal,0.81,7,0.247268,"Правило: есть вход, выхода нет в пределах обхода; вход 1 / 17,600 KZT; выход 0 / 0 KZT; операций 1/0; дней 1"
100000008755361100,terminal,0.81,4,0.238344,"Правило: есть вход, выхода нет в пределах обхода; вход 1 / 14,627 KZT; выход 0 / 0 KZT; операций 1/0; дней 1"
100000008755580100,terminal,0.81,7,0.243473,"Правило: есть вход, выхода нет в пределах обхода; вход 1 / 16,000 KZT; выход 0 / 0 KZT; операций 1/0; дней 1"
100000008755754100,terminal,0.81,9,0.222496,"Правило: есть вход, выхода нет в пределах обхода; вход 1 / 7,000 KZT; выход 0 / 0 KZT; операций 1/0; дней 1"
100000008757301100,peripheral,0.4,3,0.183298,"Правило: глубина 4; 3–5 операций: дальше шли 61% из 211 узлов колен 1–3; продолжение неясно; вход 1 / 58,398 KZT; выход 0 / 0 KZT; операций 3/0; дней 3"
100000008757369100,peripheral,0.55,3,0.500951,"Правило: пороги других ролей не выполнены; вход 1 / 25,961 KZT; выход 1 / 58,398 KZT; операций 1/3; дней 3"
100000008758106100,terminal,0.74556,1,0.121382,"Правило: глубина 4; 1 операция: дальше шли 26% из 1126 узлов колен 1–3; вероятно конечный; вход 1 / 10,000 KZT; выход 0 / 0 KZT; операций 1/0; дней 1"
100000008758168100,distributor,0.925,1,0.904665,"Правило: ≥3 выхода, seed или исходящих ≥1,5× входящих; вход 2 / 75,410 KZT; выход 5 / 1,533,600 KZT; операций 2/5; дней 5"
100000008758607100,terminal,0.74556,1,0.114913,"Правило: глубина 4; 1 операция: дальше шли 26% из 1126 узлов колен 1–3; вероятно конечный; вход 1 / 5,000 KZT; выход 0 / 0 KZT; операций 1/0; дней 1"
100000008759795100,terminal,0.74556,9,0.130396,"Правило: глубина 4; 1 операция: дальше шли 26% из 1126 узлов колен 1–3; вероятно конечный; вход 1 / 17,000 KZT; выход 0 / 0 KZT; операций 1/0; дней 1"
100000008759857100,peripheral,0.55,1,0.556145,"Правило: пороги других ролей не выполнены; вход 1 / 5,000 KZT; выход 2 / 994,000 KZT; операций 1/3; дней 3"
100000008760098100,peripheral,0.55,1,0.567043,"Правило: пороги других ролей не выполнены; вход 1 / 7,000 KZT; выход 1 / 390,000 KZT; операций 1/1; дней 2"
100000008761132100,terminal,0.74556,1,0.121382,"Правило: глубина 4; 1 операция: дальше шли 26% из 1126 узлов колен 1–3; вероятно конечный; вход 1 / 10,000 KZT; выход 0 / 0 KZT; операций 1/0; дней 1"
100000008761219100,peripheral,0.55,1,0.627174,"Правило: пороги других ролей не выполнены; вход 2 / 50,000 KZT; выход 2 / 375,000 KZT; операций 2/2; дней 3"
100000008761220100,terminal,0.74556,1,0.121382,"Правило: глубина 4; 1 операция: дальше шли 26% из 1126 узлов колен 1–3; вероятно конечный; вход 1 / 10,000 KZT; выход 0 / 0 KZT; операций 1/0; дней 1"
100000008762005100,terminal,0.74556,1,0.114913,"Правило: глубина 4; 1 операция: дальше шли 26% из 1126 узлов колен 1–3; вероятно конечный; вход 1 / 5,000 KZT; выход 0 / 0 KZT; операций 1/0; дней 1"
100000008762728100,terminal,0.81,2,0.24535,"Правило: есть вход, выхода нет в пределах обхода; вход 1 / 17,026 KZT; выход 0 / 0 KZT; операций 1/0; дней 1"
100000008762832100,transit,0.756114,10,0.650816,"Правило: есть вход и выход, отношение сумм 0,5–2; вход 1 / 150,000 KZT; выход 1 / 85,000 KZT; операций 1/4; дней 2"
100000008762843100,terminal,0.74556,1,0.117987,"Правило: глубина 4; 1 операция: дальше шли 26% из 1126 узлов колен 1–3; вероятно конечный; вход 1 / 7,000 KZT; выход 0 / 0 KZT; операций 1/0; дней 1"
100000008762885100,terminal,0.74556,1,0.117987,"Правило: глубина 4; 1 операция: дальше шли 26% из 1126 узлов колен 1–3; вероятно конечный; вход 1 / 7,000 KZT; выход 0 / 0 KZT; операций 1/0; дней 1"
100000008763688100,terminal,0.81,7,0.255526,"Правило: есть вход, выхода нет в пределах обхода; вход 1 / 21,000 KZT; выход 0 / 0 KZT; операций 1/0; дней 1"
100000008764436100,terminal,0.81,4,0.235925,"Правило: есть вход, выхода нет в пределах обхода; вход 1 / 13,100 KZT; выход 0 / 0 KZT; операций 1/0; дней 1"
100000008764654100,terminal,0.81,7,0.265451,"Правило: есть вход, выхода нет в пределах обхода; вход 1 / 26,150 KZT; выход 0 / 0 KZT; операций 1/0; дней 1"
100000008765494100,terminal,0.81,4,0.260447,"Правило: есть вход, выхода нет в пределах обхода; вход 1 / 24,000 KZT; выход 0 / 0 KZT; операций 1/0; дней 1"
100000008765627100,terminal,0.81,12,0.302901,"Правило: есть вход, выхода нет в пределах обхода; вход 1 / 60,000 KZT; выход 0 / 0 KZT; операций 1/0; дней 1"
100000008766031100,terminal,0.74556,1,0.114913,"Правило: глубина 4; 1 операция: дальше шли 26% из 1126 узлов колен 1–3; вероятно конечный; вход 1 / 5,000 KZT; выход 0 / 0 KZT; операций 1/0; дней 1"
100000008766764100,terminal,0.74556,1,0.114913,"Правило: глубина 4; 1 операция: дальше шли 26% из 1126 узлов колен 1–3; вероятно конечный; вход 1 / 5,000 KZT; выход 0 / 0 KZT; операций 1/0; дней 1"
100000008767027100,terminal,0.81,1,0.216908,"Правило: есть вход, выхода нет в пределах обхода; вход 1 / 5,000 KZT; выход 0 / 0 KZT; операций 1/0; дней 1"
100000008767065100,terminal,0.81,1,0.228668,"Правило: есть вход, выхода нет в пределах обхода; вход 1 / 10,000 KZT; выход 0 / 0 KZT; операций 1/0; дней 1"
100000008767925100,terminal,0.81,4,0.245558,"Правило: есть вход, выхода нет в пределах обхода; вход 1 / 17,144 KZT; выход 0 / 0 KZT; операций 1/0; дней 1"
100000008767950100,terminal,0.81,7,0.246351,"Правило: есть вход, выхода нет в пределах обхода; вход 1 / 17,350 KZT; выход 0 / 0 KZT; операций 1/0; дней 1"
100000008768896100,terminal,0.81,4,0.290598,"Правило: есть вход, выхода нет в пределах обхода; вход 1 / 47,060 KZT; выход 0 / 0 KZT; операций 1/0; дней 1"
100000008769097100,terminal,0.81,7,0.274251,"Правило: есть вход, выхода нет в пределах обхода; вход 1 / 31,100 KZT; выход 0 / 0 KZT; операций 1/0; дней 1"
100000008769636100,terminal,0.81,4,0.258278,"Правило: есть вход, выхода нет в пределах обхода; вход 1 / 23,118 KZT; выход 0 / 0 KZT; операций 1/0; дней 1"
100000008770483100,terminal,0.74556,1,0.114913,"Правило: глубина 4; 1 операция: дальше шли 26% из 1126 узлов колен 1–3; вероятно конечный; вход 1 / 5,000 KZT; выход 0 / 0 KZT; операций 1/0; дней 1"
100000008771627100,terminal,0.81,4,0.244557,"Правило: есть вход, выхода нет в пределах обхода; вход 1 / 16,500 KZT; выход 0 / 0 KZT; операций 1/0; дней 1"
100000008771814100,terminal,0.81,4,0.259779,"Правило: есть вход, выхода нет в пределах обхода; вход 1 / 23,700 KZT; выход 0 / 0 KZT; операций 1/0; дней 1"
100000008771819100,terminal,0.81,4,0.281966,"Правило: есть вход, выхода нет в пределах обхода; вход 1 / 38,900 KZT; выход 0 / 0 KZT; операций 1/0; дней 1"
100000008772058100,terminal,0.81,4,0.294227,"Правило: есть вход, выхода нет в пределах обхода; вход 1 / 50,000 KZT; выход 0 / 0 KZT; операций 1/0; дней 1"
100000008772246100,terminal,0.81,7,0.287012,"Правило: есть вход, выхода нет в пределах обхода; вход 1 / 44,500 KZT; выход 0 / 0 KZT; операций 1/0; дней 1"
100000008773876100,terminal,0.81,4,0.265034,"Правило: есть вход, выхода нет в пределах обхода; вход 1 / 26,120 KZT; выход 0 / 0 KZT; операций 1/0; дней 1"
100000008774237100,peripheral,0.55,21,0.406267,"Правило: пороги других ролей не выполнены; вход 1 / 50,000 KZT; выход 1 / 10,000 KZT; операций 1/1; дней 2"
100000008775471100,terminal,0.84,1,0.527245,"Правило: есть вход, выхода нет в пределах обхода; вход 1 / 580,000 KZT; выход 0 / 0 KZT; операций 2/0; дней 1"
100000008775747100,terminal,0.74556,1,0.114913,"Правило: глубина 4; 1 операция: дальше шли 26% из 1126 узлов колен 1–3; вероятно конечный; вход 1 / 5,000 KZT; выход 0 / 0 KZT; операций 1/0; дней 1"
100000008776298100,terminal,0.81,4,0.285802,"Правило: есть вход, выхода нет в пределах обхода; вход 1 / 42,800 KZT; выход 0 / 0 KZT; операций 1/0; дней 1"
100000008776310100,terminal,0.81,7,0.249937,"Правило: есть вход, выхода нет в пределах обхода; вход 1 / 19,200 KZT; выход 0 / 0 KZT; операций 1/0; дней 1"
100000008776420100,terminal,0.81,7,0.307155,"Правило: есть вход, выхода нет в пределах обхода; вход 1 / 69,500 KZT; выход 0 / 0 KZT; операций 1/0; дней 1"
100000008776576100,terminal,0.81,4,0.238594,"Правило: есть вход, выхода нет в пределах обхода; вход 1 / 14,765 KZT; выход 0 / 0 KZT; операций 1/0; дней 1"
100000008776720100,terminal,0.81,7,0.265451,"Правило: есть вход, выхода нет в пределах обхода; вход 1 / 26,150 KZT; выход 0 / 0 KZT; операций 1/0; дней 1"
100000008777088100,terminal,0.81,4,0.248311,"Правило: есть вход, выхода нет в пределах обхода; вход 1 / 18,000 KZT; выход 0 / 0 KZT; операций 1/0; дней 1"
100000008778010100,peripheral,0.4,7,0.173622,"Правило: глубина 4; 2 операции: дальше шли 44% из 257 узлов колен 1–3; продолжение неясно; вход 1 / 76,950 KZT; выход 0 / 0 KZT; операций 2/0; дней 1"
100000008778753100,terminal,0.74556,22,0.121382,"Правило: глубина 4; 1 операция: дальше шли 26% из 1126 узлов колен 1–3; вероятно конечный; вход 1 / 10,000 KZT; выход 0 / 0 KZT; операций 1/0; дней 1"
100000008779584100,terminal,0.81,4,0.274542,"Правило: есть вход, выхода нет в пределах обхода; вход 1 / 31,400 KZT; выход 0 / 0 KZT; операций 1/0; дней 1"
100000008782056100,terminal,0.81,4,0.269872,"Правило: есть вход, выхода нет в пределах обхода; вход 1 / 29,082 KZT; выход 0 / 0 KZT; операций 1/0; дней 1"
100000008782421100,terminal,0.81,4,0.292642,"Правило: есть вход, выхода нет в пределах обхода; вход 1 / 49,680 KZT; выход 0 / 0 KZT; операций 1/0; дней 1"
100000008782800100,terminal,0.81,4,0.286136,"Правило: есть вход, выхода нет в пределах обхода; вход 1 / 43,381 KZT; выход 0 / 0 KZT; операций 1/0; дней 1"
